image_name,mask_name,image_path,mask_path
image_002331.png,mask_002331.png,C:\Users\HP Omen\Desktop\CSIR_4PI\Medical-Segmentation\dataset\images\image_002331.png,C:\Users\HP Omen\Desktop\CSIR_4PI\Medical-Segmentation\dataset\masks\mask_002331.png
image_002639.png,mask_002639.png,C:\Users\HP Omen\Desktop\CSIR_4PI\Medical-Segmentation\dataset\images\image_002639.png,C:\Users\HP Omen\Desktop\CSIR_4PI\Medical-Segmentation\dataset\masks\mask_002639.png
image_003190.png,mask_003190.png,C:\Users\HP Omen\Desktop\CSIR_4PI\Medical-Segmentation\dataset\images\image_003190.png,C:\Users\HP Omen\Desktop\CSIR_4PI\Medical-Segmentation\dataset\masks\mask_003190.png
image_001923.png,mask_001923.png,C:\Users\HP Omen\Desktop\CSIR_4PI\Medical-Segmentation\dataset\images\image_001923.png,C:\Users\HP Omen\Desktop\CSIR_4PI\Medical-Segmentation\dataset\masks\mask_001923.png
image_003596.png,mask_003596.png,C:\Users\HP Omen\Desktop\CSIR_4PI\Medical-Segmentation\dataset\images\image_003596.png,C:\Users\HP Omen\Desktop\CSIR_4PI\Medical-Segmentation\dataset\masks\mask_003596.png
image_000579.png,mask_000579.png,C:\Users\HP Omen\Desktop\CSIR_4PI\Medical-Segmentation\dataset\images\image_000579.png,C:\Users\HP Omen\Desktop\CSIR_4PI\Medical-Segmentation\dataset\masks\mask_000579.png
image_002241.png,mask_002241.png,C:\Users\HP Omen\Desktop\CSIR_4PI\Medical-Segmentation\dataset\images\image_002241.png,C:\Users\HP Omen\Desktop\CSIR_4PI\Medical-Segmentation\dataset\masks\mask_002241.png
image_000863.png,mask_000863.png,C:\Users\HP Omen\Desktop\CSIR_4PI\Medical-Segmentation\dataset\images\image_000863.png,C:\Users\HP Omen\Desktop\CSIR_4PI\Medical-Segmentation\dataset\masks\mask_000863.png
image_001316.png,mask_001316.png,C:\Users\HP Omen\Desktop\CSIR_4PI\Medical-Segmentation\dataset\images\image_001316.png,C:\Users\HP Omen\Desktop\CSIR_4PI\Medical-Segmentation\dataset\masks\mask_001316.png
image_000001.png,mask_000001.png,C:\Users\HP Omen\Desktop\CSIR_4PI\Medical-Segmentation\dataset\images\image_000001.png,C:\Users\HP Omen\Desktop\CSIR_4PI\Medical-Segmentation\dataset\masks\mask_000001.png
image_001124.png,mask_001124.png,C:\Users\HP Omen\Desktop\CSIR_4PI\Medical-Segmentation\dataset\images\image_001124.png,C:\Users\HP Omen\Desktop\CSIR_4PI\Medical-Segmentation\dataset\masks\mask_001124.png
image_001396.png,mask_001396.png,C:\Users\HP Omen\Desktop\CSIR_4PI\Medical-Segmentation\dataset\images\image_001396.png,C:\Users\HP Omen\Desktop\CSIR_4PI\Medical-Segmentation\dataset\masks\mask_001396.png
image_003779.png,mask_003779.png,C:\Users\HP Omen\Desktop\CSIR_4PI\Medical-Segmentation\dataset\images\image_003779.png,C:\Users\HP Omen\Desktop\CSIR_4PI\Medical-Segmentation\dataset\masks\mask_003779.png
image_003886.png,mask_003886.png,C:\Users\HP Omen\Desktop\CSIR_4PI\Medical-Segmentation\dataset\images\image_003886.png,C:\Users\HP Omen\Desktop\CSIR_4PI\Medical-Segmentation\dataset\masks\mask_003886.png
image_002404.png,mask_002404.png,C:\Users\HP Omen\Desktop\CSIR_4PI\Medical-Segmentation\dataset\images\image_002404.png,C:\Users\HP Omen\Desktop\CSIR_4PI\Medical-Segmentation\dataset\masks\mask_002404.png
image_002185.png,mask_002185.png,C:\Users\HP Omen\Desktop\CSIR_4PI\Medical-Segmentation\dataset\images\image_002185.png,C:\Users\HP Omen\Desktop\CSIR_4PI\Medical-Segmentation\dataset\masks\mask_002185.png
image_000248.png,mask_000248.png,C:\Users\HP Omen\Desktop\CSIR_4PI\Medical-Segmentation\dataset\images\image_000248.png,C:\Users\HP Omen\Desktop\CSIR_4PI\Medical-Segmentation\dataset\masks\mask_000248.png
image_001379.png,mask_001379.png,C:\Users\HP Omen\Desktop\CSIR_4PI\Medical-Segmentation\dataset\images\image_001379.png,C:\Users\HP Omen\Desktop\CSIR_4PI\Medical-Segmentation\dataset\masks\mask_001379.png
image_002805.png,mask_002805.png,C:\Users\HP Omen\Desktop\CSIR_4PI\Medical-Segmentation\dataset\images\image_002805.png,C:\Users\HP Omen\Desktop\CSIR_4PI\Medical-Segmentation\dataset\masks\mask_002805.png
image_002351.png,mask_002351.png,C:\Users\HP Omen\Desktop\CSIR_4PI\Medical-Segmentation\dataset\images\image_002351.png,C:\Users\HP Omen\Desktop\CSIR_4PI\Medical-Segmentation\dataset\masks\mask_002351.png
image_002793.png,mask_002793.png,C:\Users\HP Omen\Desktop\CSIR_4PI\Medical-Segmentation\dataset\images\image_002793.png,C:\Users\HP Omen\Desktop\CSIR_4PI\Medical-Segmentation\dataset\masks\mask_002793.png
image_001024.png,mask_001024.png,C:\Users\HP Omen\Desktop\CSIR_4PI\Medical-Segmentation\dataset\images\image_001024.png,C:\Users\HP Omen\Desktop\CSIR_4PI\Medical-Segmentation\dataset\masks\mask_001024.png
image_001273.png,mask_001273.png,C:\Users\HP Omen\Desktop\CSIR_4PI\Medical-Segmentation\dataset\images\image_001273.png,C:\Users\HP Omen\Desktop\CSIR_4PI\Medical-Segmentation\dataset\masks\mask_001273.png
image_000651.png,mask_000651.png,C:\Users\HP Omen\Desktop\CSIR_4PI\Medical-Segmentation\dataset\images\image_000651.png,C:\Users\HP Omen\Desktop\CSIR_4PI\Medical-Segmentation\dataset\masks\mask_000651.png
image_001899.png,mask_001899.png,C:\Users\HP Omen\Desktop\CSIR_4PI\Medical-Segmentation\dataset\images\image_001899.png,C:\Users\HP Omen\Desktop\CSIR_4PI\Medical-Segmentation\dataset\masks\mask_001899.png
image_002667.png,mask_002667.png,C:\Users\HP Omen\Desktop\CSIR_4PI\Medical-Segmentation\dataset\images\image_002667.png,C:\Users\HP Omen\Desktop\CSIR_4PI\Medical-Segmentation\dataset\masks\mask_002667.png
image_001832.png,mask_001832.png,C:\Users\HP Omen\Desktop\CSIR_4PI\Medical-Segmentation\dataset\images\image_001832.png,C:\Users\HP Omen\Desktop\CSIR_4PI\Medical-Segmentation\dataset\masks\mask_001832.png
image_000176.png,mask_000176.png,C:\Users\HP Omen\Desktop\CSIR_4PI\Medical-Segmentation\dataset\images\image_000176.png,C:\Users\HP Omen\Desktop\CSIR_4PI\Medical-Segmentation\dataset\masks\mask_000176.png
image_000279.png,mask_000279.png,C:\Users\HP Omen\Desktop\CSIR_4PI\Medical-Segmentation\dataset\images\image_000279.png,C:\Users\HP Omen\Desktop\CSIR_4PI\Medical-Segmentation\dataset\masks\mask_000279.png
image_002175.png,mask_002175.png,C:\Users\HP Omen\Desktop\CSIR_4PI\Medical-Segmentation\dataset\images\image_002175.png,C:\Users\HP Omen\Desktop\CSIR_4PI\Medical-Segmentation\dataset\masks\mask_002175.png
image_001293.png,mask_001293.png,C:\Users\HP Omen\Desktop\CSIR_4PI\Medical-Segmentation\dataset\images\image_001293.png,C:\Users\HP Omen\Desktop\CSIR_4PI\Medical-Segmentation\dataset\masks\mask_001293.png
image_001357.png,mask_001357.png,C:\Users\HP Omen\Desktop\CSIR_4PI\Medical-Segmentation\dataset\images\image_001357.png,C:\Users\HP Omen\Desktop\CSIR_4PI\Medical-Segmentation\dataset\masks\mask_001357.png
image_003194.png,mask_003194.png,C:\Users\HP Omen\Desktop\CSIR_4PI\Medical-Segmentation\dataset\images\image_003194.png,C:\Users\HP Omen\Desktop\CSIR_4PI\Medical-Segmentation\dataset\masks\mask_003194.png
image_002487.png,mask_002487.png,C:\Users\HP Omen\Desktop\CSIR_4PI\Medical-Segmentation\dataset\images\image_002487.png,C:\Users\HP Omen\Desktop\CSIR_4PI\Medical-Segmentation\dataset\masks\mask_002487.png
image_002765.png,mask_002765.png,C:\Users\HP Omen\Desktop\CSIR_4PI\Medical-Segmentation\dataset\images\image_002765.png,C:\Users\HP Omen\Desktop\CSIR_4PI\Medical-Segmentation\dataset\masks\mask_002765.png
image_000692.png,mask_000692.png,C:\Users\HP Omen\Desktop\CSIR_4PI\Medical-Segmentation\dataset\images\image_000692.png,C:\Users\HP Omen\Desktop\CSIR_4PI\Medical-Segmentation\dataset\masks\mask_000692.png
image_002217.png,mask_002217.png,C:\Users\HP Omen\Desktop\CSIR_4PI\Medical-Segmentation\dataset\images\image_002217.png,C:\Users\HP Omen\Desktop\CSIR_4PI\Medical-Segmentation\dataset\masks\mask_002217.png
image_000417.png,mask_000417.png,C:\Users\HP Omen\Desktop\CSIR_4PI\Medical-Segmentation\dataset\images\image_000417.png,C:\Users\HP Omen\Desktop\CSIR_4PI\Medical-Segmentation\dataset\masks\mask_000417.png
image_002989.png,mask_002989.png,C:\Users\HP Omen\Desktop\CSIR_4PI\Medical-Segmentation\dataset\images\image_002989.png,C:\Users\HP Omen\Desktop\CSIR_4PI\Medical-Segmentation\dataset\masks\mask_002989.png
image_000218.png,mask_000218.png,C:\Users\HP Omen\Desktop\CSIR_4PI\Medical-Segmentation\dataset\images\image_000218.png,C:\Users\HP Omen\Desktop\CSIR_4PI\Medical-Segmentation\dataset\masks\mask_000218.png
image_002070.png,mask_002070.png,C:\Users\HP Omen\Desktop\CSIR_4PI\Medical-Segmentation\dataset\images\image_002070.png,C:\Users\HP Omen\Desktop\CSIR_4PI\Medical-Segmentation\dataset\masks\mask_002070.png
image_003884.png,mask_003884.png,C:\Users\HP Omen\Desktop\CSIR_4PI\Medical-Segmentation\dataset\images\image_003884.png,C:\Users\HP Omen\Desktop\CSIR_4PI\Medical-Segmentation\dataset\masks\mask_003884.png
image_001092.png,mask_001092.png,C:\Users\HP Omen\Desktop\CSIR_4PI\Medical-Segmentation\dataset\images\image_001092.png,C:\Users\HP Omen\Desktop\CSIR_4PI\Medical-Segmentation\dataset\masks\mask_001092.png
image_003579.png,mask_003579.png,C:\Users\HP Omen\Desktop\CSIR_4PI\Medical-Segmentation\dataset\images\image_003579.png,C:\Users\HP Omen\Desktop\CSIR_4PI\Medical-Segmentation\dataset\masks\mask_003579.png
image_002298.png,mask_002298.png,C:\Users\HP Omen\Desktop\CSIR_4PI\Medical-Segmentation\dataset\images\image_002298.png,C:\Users\HP Omen\Desktop\CSIR_4PI\Medical-Segmentation\dataset\masks\mask_002298.png
image_001675.png,mask_001675.png,C:\Users\HP Omen\Desktop\CSIR_4PI\Medical-Segmentation\dataset\images\image_001675.png,C:\Users\HP Omen\Desktop\CSIR_4PI\Medical-Segmentation\dataset\masks\mask_001675.png
image_001460.png,mask_001460.png,C:\Users\HP Omen\Desktop\CSIR_4PI\Medical-Segmentation\dataset\images\image_001460.png,C:\Users\HP Omen\Desktop\CSIR_4PI\Medical-Segmentation\dataset\masks\mask_001460.png
image_002313.png,mask_002313.png,C:\Users\HP Omen\Desktop\CSIR_4PI\Medical-Segmentation\dataset\images\image_002313.png,C:\Users\HP Omen\Desktop\CSIR_4PI\Medical-Segmentation\dataset\masks\mask_002313.png
image_000728.png,mask_000728.png,C:\Users\HP Omen\Desktop\CSIR_4PI\Medical-Segmentation\dataset\images\image_000728.png,C:\Users\HP Omen\Desktop\CSIR_4PI\Medical-Segmentation\dataset\masks\mask_000728.png
image_003288.png,mask_003288.png,C:\Users\HP Omen\Desktop\CSIR_4PI\Medical-Segmentation\dataset\images\image_003288.png,C:\Users\HP Omen\Desktop\CSIR_4PI\Medical-Segmentation\dataset\masks\mask_003288.png
image_002015.png,mask_002015.png,C:\Users\HP Omen\Desktop\CSIR_4PI\Medical-Segmentation\dataset\images\image_002015.png,C:\Users\HP Omen\Desktop\CSIR_4PI\Medical-Segmentation\dataset\masks\mask_002015.png
image_001515.png,mask_001515.png,C:\Users\HP Omen\Desktop\CSIR_4PI\Medical-Segmentation\dataset\images\image_001515.png,C:\Users\HP Omen\Desktop\CSIR_4PI\Medical-Segmentation\dataset\masks\mask_001515.png
image_000450.png,mask_000450.png,C:\Users\HP Omen\Desktop\CSIR_4PI\Medical-Segmentation\dataset\images\image_000450.png,C:\Users\HP Omen\Desktop\CSIR_4PI\Medical-Segmentation\dataset\masks\mask_000450.png
image_003310.png,mask_003310.png,C:\Users\HP Omen\Desktop\CSIR_4PI\Medical-Segmentation\dataset\images\image_003310.png,C:\Users\HP Omen\Desktop\CSIR_4PI\Medical-Segmentation\dataset\masks\mask_003310.png
image_000377.png,mask_000377.png,C:\Users\HP Omen\Desktop\CSIR_4PI\Medical-Segmentation\dataset\images\image_000377.png,C:\Users\HP Omen\Desktop\CSIR_4PI\Medical-Segmentation\dataset\masks\mask_000377.png
image_003204.png,mask_003204.png,C:\Users\HP Omen\Desktop\CSIR_4PI\Medical-Segmentation\dataset\images\image_003204.png,C:\Users\HP Omen\Desktop\CSIR_4PI\Medical-Segmentation\dataset\masks\mask_003204.png
image_003399.png,mask_003399.png,C:\Users\HP Omen\Desktop\CSIR_4PI\Medical-Segmentation\dataset\images\image_003399.png,C:\Users\HP Omen\Desktop\CSIR_4PI\Medical-Segmentation\dataset\masks\mask_003399.png
image_002479.png,mask_002479.png,C:\Users\HP Omen\Desktop\CSIR_4PI\Medical-Segmentation\dataset\images\image_002479.png,C:\Users\HP Omen\Desktop\CSIR_4PI\Medical-Segmentation\dataset\masks\mask_002479.png
image_000434.png,mask_000434.png,C:\Users\HP Omen\Desktop\CSIR_4PI\Medical-Segmentation\dataset\images\image_000434.png,C:\Users\HP Omen\Desktop\CSIR_4PI\Medical-Segmentation\dataset\masks\mask_000434.png
image_002628.png,mask_002628.png,C:\Users\HP Omen\Desktop\CSIR_4PI\Medical-Segmentation\dataset\images\image_002628.png,C:\Users\HP Omen\Desktop\CSIR_4PI\Medical-Segmentation\dataset\masks\mask_002628.png
image_000372.png,mask_000372.png,C:\Users\HP Omen\Desktop\CSIR_4PI\Medical-Segmentation\dataset\images\image_000372.png,C:\Users\HP Omen\Desktop\CSIR_4PI\Medical-Segmentation\dataset\masks\mask_000372.png
image_003226.png,mask_003226.png,C:\Users\HP Omen\Desktop\CSIR_4PI\Medical-Segmentation\dataset\images\image_003226.png,C:\Users\HP Omen\Desktop\CSIR_4PI\Medical-Segmentation\dataset\masks\mask_003226.png
image_002356.png,mask_002356.png,C:\Users\HP Omen\Desktop\CSIR_4PI\Medical-Segmentation\dataset\images\image_002356.png,C:\Users\HP Omen\Desktop\CSIR_4PI\Medical-Segmentation\dataset\masks\mask_002356.png
image_002009.png,mask_002009.png,C:\Users\HP Omen\Desktop\CSIR_4PI\Medical-Segmentation\dataset\images\image_002009.png,C:\Users\HP Omen\Desktop\CSIR_4PI\Medical-Segmentation\dataset\masks\mask_002009.png
image_000701.png,mask_000701.png,C:\Users\HP Omen\Desktop\CSIR_4PI\Medical-Segmentation\dataset\images\image_000701.png,C:\Users\HP Omen\Desktop\CSIR_4PI\Medical-Segmentation\dataset\masks\mask_000701.png
image_001589.png,mask_001589.png,C:\Users\HP Omen\Desktop\CSIR_4PI\Medical-Segmentation\dataset\images\image_001589.png,C:\Users\HP Omen\Desktop\CSIR_4PI\Medical-Segmentation\dataset\masks\mask_001589.png
image_000645.png,mask_000645.png,C:\Users\HP Omen\Desktop\CSIR_4PI\Medical-Segmentation\dataset\images\image_000645.png,C:\Users\HP Omen\Desktop\CSIR_4PI\Medical-Segmentation\dataset\masks\mask_000645.png
image_002520.png,mask_002520.png,C:\Users\HP Omen\Desktop\CSIR_4PI\Medical-Segmentation\dataset\images\image_002520.png,C:\Users\HP Omen\Desktop\CSIR_4PI\Medical-Segmentation\dataset\masks\mask_002520.png
image_000666.png,mask_000666.png,C:\Users\HP Omen\Desktop\CSIR_4PI\Medical-Segmentation\dataset\images\image_000666.png,C:\Users\HP Omen\Desktop\CSIR_4PI\Medical-Segmentation\dataset\masks\mask_000666.png
image_001455.png,mask_001455.png,C:\Users\HP Omen\Desktop\CSIR_4PI\Medical-Segmentation\dataset\images\image_001455.png,C:\Users\HP Omen\Desktop\CSIR_4PI\Medical-Segmentation\dataset\masks\mask_001455.png
image_002148.png,mask_002148.png,C:\Users\HP Omen\Desktop\CSIR_4PI\Medical-Segmentation\dataset\images\image_002148.png,C:\Users\HP Omen\Desktop\CSIR_4PI\Medical-Segmentation\dataset\masks\mask_002148.png
image_001984.png,mask_001984.png,C:\Users\HP Omen\Desktop\CSIR_4PI\Medical-Segmentation\dataset\images\image_001984.png,C:\Users\HP Omen\Desktop\CSIR_4PI\Medical-Segmentation\dataset\masks\mask_001984.png
image_002380.png,mask_002380.png,C:\Users\HP Omen\Desktop\CSIR_4PI\Medical-Segmentation\dataset\images\image_002380.png,C:\Users\HP Omen\Desktop\CSIR_4PI\Medical-Segmentation\dataset\masks\mask_002380.png
image_001433.png,mask_001433.png,C:\Users\HP Omen\Desktop\CSIR_4PI\Medical-Segmentation\dataset\images\image_001433.png,C:\Users\HP Omen\Desktop\CSIR_4PI\Medical-Segmentation\dataset\masks\mask_001433.png
image_003924.png,mask_003924.png,C:\Users\HP Omen\Desktop\CSIR_4PI\Medical-Segmentation\dataset\images\image_003924.png,C:\Users\HP Omen\Desktop\CSIR_4PI\Medical-Segmentation\dataset\masks\mask_003924.png
image_000795.png,mask_000795.png,C:\Users\HP Omen\Desktop\CSIR_4PI\Medical-Segmentation\dataset\images\image_000795.png,C:\Users\HP Omen\Desktop\CSIR_4PI\Medical-Segmentation\dataset\masks\mask_000795.png
image_003532.png,mask_003532.png,C:\Users\HP Omen\Desktop\CSIR_4PI\Medical-Segmentation\dataset\images\image_003532.png,C:\Users\HP Omen\Desktop\CSIR_4PI\Medical-Segmentation\dataset\masks\mask_003532.png
image_000247.png,mask_000247.png,C:\Users\HP Omen\Desktop\CSIR_4PI\Medical-Segmentation\dataset\images\image_000247.png,C:\Users\HP Omen\Desktop\CSIR_4PI\Medical-Segmentation\dataset\masks\mask_000247.png
image_003592.png,mask_003592.png,C:\Users\HP Omen\Desktop\CSIR_4PI\Medical-Segmentation\dataset\images\image_003592.png,C:\Users\HP Omen\Desktop\CSIR_4PI\Medical-Segmentation\dataset\masks\mask_003592.png
image_000735.png,mask_000735.png,C:\Users\HP Omen\Desktop\CSIR_4PI\Medical-Segmentation\dataset\images\image_000735.png,C:\Users\HP Omen\Desktop\CSIR_4PI\Medical-Segmentation\dataset\masks\mask_000735.png
image_000506.png,mask_000506.png,C:\Users\HP Omen\Desktop\CSIR_4PI\Medical-Segmentation\dataset\images\image_000506.png,C:\Users\HP Omen\Desktop\CSIR_4PI\Medical-Segmentation\dataset\masks\mask_000506.png
image_001753.png,mask_001753.png,C:\Users\HP Omen\Desktop\CSIR_4PI\Medical-Segmentation\dataset\images\image_001753.png,C:\Users\HP Omen\Desktop\CSIR_4PI\Medical-Segmentation\dataset\masks\mask_001753.png
image_002315.png,mask_002315.png,C:\Users\HP Omen\Desktop\CSIR_4PI\Medical-Segmentation\dataset\images\image_002315.png,C:\Users\HP Omen\Desktop\CSIR_4PI\Medical-Segmentation\dataset\masks\mask_002315.png
image_001619.png,mask_001619.png,C:\Users\HP Omen\Desktop\CSIR_4PI\Medical-Segmentation\dataset\images\image_001619.png,C:\Users\HP Omen\Desktop\CSIR_4PI\Medical-Segmentation\dataset\masks\mask_001619.png
image_003388.png,mask_003388.png,C:\Users\HP Omen\Desktop\CSIR_4PI\Medical-Segmentation\dataset\images\image_003388.png,C:\Users\HP Omen\Desktop\CSIR_4PI\Medical-Segmentation\dataset\masks\mask_003388.png
image_002257.png,mask_002257.png,C:\Users\HP Omen\Desktop\CSIR_4PI\Medical-Segmentation\dataset\images\image_002257.png,C:\Users\HP Omen\Desktop\CSIR_4PI\Medical-Segmentation\dataset\masks\mask_002257.png
image_000533.png,mask_000533.png,C:\Users\HP Omen\Desktop\CSIR_4PI\Medical-Segmentation\dataset\images\image_000533.png,C:\Users\HP Omen\Desktop\CSIR_4PI\Medical-Segmentation\dataset\masks\mask_000533.png
image_000109.png,mask_000109.png,C:\Users\HP Omen\Desktop\CSIR_4PI\Medical-Segmentation\dataset\images\image_000109.png,C:\Users\HP Omen\Desktop\CSIR_4PI\Medical-Segmentation\dataset\masks\mask_000109.png
image_003053.png,mask_003053.png,C:\Users\HP Omen\Desktop\CSIR_4PI\Medical-Segmentation\dataset\images\image_003053.png,C:\Users\HP Omen\Desktop\CSIR_4PI\Medical-Segmentation\dataset\masks\mask_003053.png
image_001905.png,mask_001905.png,C:\Users\HP Omen\Desktop\CSIR_4PI\Medical-Segmentation\dataset\images\image_001905.png,C:\Users\HP Omen\Desktop\CSIR_4PI\Medical-Segmentation\dataset\masks\mask_001905.png
image_002373.png,mask_002373.png,C:\Users\HP Omen\Desktop\CSIR_4PI\Medical-Segmentation\dataset\images\image_002373.png,C:\Users\HP Omen\Desktop\CSIR_4PI\Medical-Segmentation\dataset\masks\mask_002373.png
image_003469.png,mask_003469.png,C:\Users\HP Omen\Desktop\CSIR_4PI\Medical-Segmentation\dataset\images\image_003469.png,C:\Users\HP Omen\Desktop\CSIR_4PI\Medical-Segmentation\dataset\masks\mask_003469.png
image_002929.png,mask_002929.png,C:\Users\HP Omen\Desktop\CSIR_4PI\Medical-Segmentation\dataset\images\image_002929.png,C:\Users\HP Omen\Desktop\CSIR_4PI\Medical-Segmentation\dataset\masks\mask_002929.png
image_003689.png,mask_003689.png,C:\Users\HP Omen\Desktop\CSIR_4PI\Medical-Segmentation\dataset\images\image_003689.png,C:\Users\HP Omen\Desktop\CSIR_4PI\Medical-Segmentation\dataset\masks\mask_003689.png
image_000544.png,mask_000544.png,C:\Users\HP Omen\Desktop\CSIR_4PI\Medical-Segmentation\dataset\images\image_000544.png,C:\Users\HP Omen\Desktop\CSIR_4PI\Medical-Segmentation\dataset\masks\mask_000544.png
image_001703.png,mask_001703.png,C:\Users\HP Omen\Desktop\CSIR_4PI\Medical-Segmentation\dataset\images\image_001703.png,C:\Users\HP Omen\Desktop\CSIR_4PI\Medical-Segmentation\dataset\masks\mask_001703.png
image_002452.png,mask_002452.png,C:\Users\HP Omen\Desktop\CSIR_4PI\Medical-Segmentation\dataset\images\image_002452.png,C:\Users\HP Omen\Desktop\CSIR_4PI\Medical-Segmentation\dataset\masks\mask_002452.png
image_001289.png,mask_001289.png,C:\Users\HP Omen\Desktop\CSIR_4PI\Medical-Segmentation\dataset\images\image_001289.png,C:\Users\HP Omen\Desktop\CSIR_4PI\Medical-Segmentation\dataset\masks\mask_001289.png
image_000260.png,mask_000260.png,C:\Users\HP Omen\Desktop\CSIR_4PI\Medical-Segmentation\dataset\images\image_000260.png,C:\Users\HP Omen\Desktop\CSIR_4PI\Medical-Segmentation\dataset\masks\mask_000260.png
image_000889.png,mask_000889.png,C:\Users\HP Omen\Desktop\CSIR_4PI\Medical-Segmentation\dataset\images\image_000889.png,C:\Users\HP Omen\Desktop\CSIR_4PI\Medical-Segmentation\dataset\masks\mask_000889.png
image_002903.png,mask_002903.png,C:\Users\HP Omen\Desktop\CSIR_4PI\Medical-Segmentation\dataset\images\image_002903.png,C:\Users\HP Omen\Desktop\CSIR_4PI\Medical-Segmentation\dataset\masks\mask_002903.png
image_001996.png,mask_001996.png,C:\Users\HP Omen\Desktop\CSIR_4PI\Medical-Segmentation\dataset\images\image_001996.png,C:\Users\HP Omen\Desktop\CSIR_4PI\Medical-Segmentation\dataset\masks\mask_001996.png
image_000613.png,mask_000613.png,C:\Users\HP Omen\Desktop\CSIR_4PI\Medical-Segmentation\dataset\images\image_000613.png,C:\Users\HP Omen\Desktop\CSIR_4PI\Medical-Segmentation\dataset\masks\mask_000613.png
image_002469.png,mask_002469.png,C:\Users\HP Omen\Desktop\CSIR_4PI\Medical-Segmentation\dataset\images\image_002469.png,C:\Users\HP Omen\Desktop\CSIR_4PI\Medical-Segmentation\dataset\masks\mask_002469.png
image_001190.png,mask_001190.png,C:\Users\HP Omen\Desktop\CSIR_4PI\Medical-Segmentation\dataset\images\image_001190.png,C:\Users\HP Omen\Desktop\CSIR_4PI\Medical-Segmentation\dataset\masks\mask_001190.png
image_000220.png,mask_000220.png,C:\Users\HP Omen\Desktop\CSIR_4PI\Medical-Segmentation\dataset\images\image_000220.png,C:\Users\HP Omen\Desktop\CSIR_4PI\Medical-Segmentation\dataset\masks\mask_000220.png
image_000486.png,mask_000486.png,C:\Users\HP Omen\Desktop\CSIR_4PI\Medical-Segmentation\dataset\images\image_000486.png,C:\Users\HP Omen\Desktop\CSIR_4PI\Medical-Segmentation\dataset\masks\mask_000486.png
image_002277.png,mask_002277.png,C:\Users\HP Omen\Desktop\CSIR_4PI\Medical-Segmentation\dataset\images\image_002277.png,C:\Users\HP Omen\Desktop\CSIR_4PI\Medical-Segmentation\dataset\masks\mask_002277.png
image_003715.png,mask_003715.png,C:\Users\HP Omen\Desktop\CSIR_4PI\Medical-Segmentation\dataset\images\image_003715.png,C:\Users\HP Omen\Desktop\CSIR_4PI\Medical-Segmentation\dataset\masks\mask_003715.png
image_003838.png,mask_003838.png,C:\Users\HP Omen\Desktop\CSIR_4PI\Medical-Segmentation\dataset\images\image_003838.png,C:\Users\HP Omen\Desktop\CSIR_4PI\Medical-Segmentation\dataset\masks\mask_003838.png
image_001861.png,mask_001861.png,C:\Users\HP Omen\Desktop\CSIR_4PI\Medical-Segmentation\dataset\images\image_001861.png,C:\Users\HP Omen\Desktop\CSIR_4PI\Medical-Segmentation\dataset\masks\mask_001861.png
image_000259.png,mask_000259.png,C:\Users\HP Omen\Desktop\CSIR_4PI\Medical-Segmentation\dataset\images\image_000259.png,C:\Users\HP Omen\Desktop\CSIR_4PI\Medical-Segmentation\dataset\masks\mask_000259.png
image_003307.png,mask_003307.png,C:\Users\HP Omen\Desktop\CSIR_4PI\Medical-Segmentation\dataset\images\image_003307.png,C:\Users\HP Omen\Desktop\CSIR_4PI\Medical-Segmentation\dataset\masks\mask_003307.png
image_000387.png,mask_000387.png,C:\Users\HP Omen\Desktop\CSIR_4PI\Medical-Segmentation\dataset\images\image_000387.png,C:\Users\HP Omen\Desktop\CSIR_4PI\Medical-Segmentation\dataset\masks\mask_000387.png
image_000848.png,mask_000848.png,C:\Users\HP Omen\Desktop\CSIR_4PI\Medical-Segmentation\dataset\images\image_000848.png,C:\Users\HP Omen\Desktop\CSIR_4PI\Medical-Segmentation\dataset\masks\mask_000848.png
image_002531.png,mask_002531.png,C:\Users\HP Omen\Desktop\CSIR_4PI\Medical-Segmentation\dataset\images\image_002531.png,C:\Users\HP Omen\Desktop\CSIR_4PI\Medical-Segmentation\dataset\masks\mask_002531.png
image_003376.png,mask_003376.png,C:\Users\HP Omen\Desktop\CSIR_4PI\Medical-Segmentation\dataset\images\image_003376.png,C:\Users\HP Omen\Desktop\CSIR_4PI\Medical-Segmentation\dataset\masks\mask_003376.png
image_003767.png,mask_003767.png,C:\Users\HP Omen\Desktop\CSIR_4PI\Medical-Segmentation\dataset\images\image_003767.png,C:\Users\HP Omen\Desktop\CSIR_4PI\Medical-Segmentation\dataset\masks\mask_003767.png
image_001739.png,mask_001739.png,C:\Users\HP Omen\Desktop\CSIR_4PI\Medical-Segmentation\dataset\images\image_001739.png,C:\Users\HP Omen\Desktop\CSIR_4PI\Medical-Segmentation\dataset\masks\mask_001739.png
image_003312.png,mask_003312.png,C:\Users\HP Omen\Desktop\CSIR_4PI\Medical-Segmentation\dataset\images\image_003312.png,C:\Users\HP Omen\Desktop\CSIR_4PI\Medical-Segmentation\dataset\masks\mask_003312.png
image_001567.png,mask_001567.png,C:\Users\HP Omen\Desktop\CSIR_4PI\Medical-Segmentation\dataset\images\image_001567.png,C:\Users\HP Omen\Desktop\CSIR_4PI\Medical-Segmentation\dataset\masks\mask_001567.png
image_003095.png,mask_003095.png,C:\Users\HP Omen\Desktop\CSIR_4PI\Medical-Segmentation\dataset\images\image_003095.png,C:\Users\HP Omen\Desktop\CSIR_4PI\Medical-Segmentation\dataset\masks\mask_003095.png
image_000210.png,mask_000210.png,C:\Users\HP Omen\Desktop\CSIR_4PI\Medical-Segmentation\dataset\images\image_000210.png,C:\Users\HP Omen\Desktop\CSIR_4PI\Medical-Segmentation\dataset\masks\mask_000210.png
image_003561.png,mask_003561.png,C:\Users\HP Omen\Desktop\CSIR_4PI\Medical-Segmentation\dataset\images\image_003561.png,C:\Users\HP Omen\Desktop\CSIR_4PI\Medical-Segmentation\dataset\masks\mask_003561.png
image_002841.png,mask_002841.png,C:\Users\HP Omen\Desktop\CSIR_4PI\Medical-Segmentation\dataset\images\image_002841.png,C:\Users\HP Omen\Desktop\CSIR_4PI\Medical-Segmentation\dataset\masks\mask_002841.png
image_002339.png,mask_002339.png,C:\Users\HP Omen\Desktop\CSIR_4PI\Medical-Segmentation\dataset\images\image_002339.png,C:\Users\HP Omen\Desktop\CSIR_4PI\Medical-Segmentation\dataset\masks\mask_002339.png
image_001657.png,mask_001657.png,C:\Users\HP Omen\Desktop\CSIR_4PI\Medical-Segmentation\dataset\images\image_001657.png,C:\Users\HP Omen\Desktop\CSIR_4PI\Medical-Segmentation\dataset\masks\mask_001657.png
image_002510.png,mask_002510.png,C:\Users\HP Omen\Desktop\CSIR_4PI\Medical-Segmentation\dataset\images\image_002510.png,C:\Users\HP Omen\Desktop\CSIR_4PI\Medical-Segmentation\dataset\masks\mask_002510.png
image_002638.png,mask_002638.png,C:\Users\HP Omen\Desktop\CSIR_4PI\Medical-Segmentation\dataset\images\image_002638.png,C:\Users\HP Omen\Desktop\CSIR_4PI\Medical-Segmentation\dataset\masks\mask_002638.png
image_002894.png,mask_002894.png,C:\Users\HP Omen\Desktop\CSIR_4PI\Medical-Segmentation\dataset\images\image_002894.png,C:\Users\HP Omen\Desktop\CSIR_4PI\Medical-Segmentation\dataset\masks\mask_002894.png
image_000597.png,mask_000597.png,C:\Users\HP Omen\Desktop\CSIR_4PI\Medical-Segmentation\dataset\images\image_000597.png,C:\Users\HP Omen\Desktop\CSIR_4PI\Medical-Segmentation\dataset\masks\mask_000597.png
image_003330.png,mask_003330.png,C:\Users\HP Omen\Desktop\CSIR_4PI\Medical-Segmentation\dataset\images\image_003330.png,C:\Users\HP Omen\Desktop\CSIR_4PI\Medical-Segmentation\dataset\masks\mask_003330.png
image_002966.png,mask_002966.png,C:\Users\HP Omen\Desktop\CSIR_4PI\Medical-Segmentation\dataset\images\image_002966.png,C:\Users\HP Omen\Desktop\CSIR_4PI\Medical-Segmentation\dataset\masks\mask_002966.png
image_000297.png,mask_000297.png,C:\Users\HP Omen\Desktop\CSIR_4PI\Medical-Segmentation\dataset\images\image_000297.png,C:\Users\HP Omen\Desktop\CSIR_4PI\Medical-Segmentation\dataset\masks\mask_000297.png
image_001111.png,mask_001111.png,C:\Users\HP Omen\Desktop\CSIR_4PI\Medical-Segmentation\dataset\images\image_001111.png,C:\Users\HP Omen\Desktop\CSIR_4PI\Medical-Segmentation\dataset\masks\mask_001111.png
image_000508.png,mask_000508.png,C:\Users\HP Omen\Desktop\CSIR_4PI\Medical-Segmentation\dataset\images\image_000508.png,C:\Users\HP Omen\Desktop\CSIR_4PI\Medical-Segmentation\dataset\masks\mask_000508.png
image_002820.png,mask_002820.png,C:\Users\HP Omen\Desktop\CSIR_4PI\Medical-Segmentation\dataset\images\image_002820.png,C:\Users\HP Omen\Desktop\CSIR_4PI\Medical-Segmentation\dataset\masks\mask_002820.png
image_000008.png,mask_000008.png,C:\Users\HP Omen\Desktop\CSIR_4PI\Medical-Segmentation\dataset\images\image_000008.png,C:\Users\HP Omen\Desktop\CSIR_4PI\Medical-Segmentation\dataset\masks\mask_000008.png
image_002214.png,mask_002214.png,C:\Users\HP Omen\Desktop\CSIR_4PI\Medical-Segmentation\dataset\images\image_002214.png,C:\Users\HP Omen\Desktop\CSIR_4PI\Medical-Segmentation\dataset\masks\mask_002214.png
image_003083.png,mask_003083.png,C:\Users\HP Omen\Desktop\CSIR_4PI\Medical-Segmentation\dataset\images\image_003083.png,C:\Users\HP Omen\Desktop\CSIR_4PI\Medical-Segmentation\dataset\masks\mask_003083.png
image_002673.png,mask_002673.png,C:\Users\HP Omen\Desktop\CSIR_4PI\Medical-Segmentation\dataset\images\image_002673.png,C:\Users\HP Omen\Desktop\CSIR_4PI\Medical-Segmentation\dataset\masks\mask_002673.png
image_002111.png,mask_002111.png,C:\Users\HP Omen\Desktop\CSIR_4PI\Medical-Segmentation\dataset\images\image_002111.png,C:\Users\HP Omen\Desktop\CSIR_4PI\Medical-Segmentation\dataset\masks\mask_002111.png
image_003586.png,mask_003586.png,C:\Users\HP Omen\Desktop\CSIR_4PI\Medical-Segmentation\dataset\images\image_003586.png,C:\Users\HP Omen\Desktop\CSIR_4PI\Medical-Segmentation\dataset\masks\mask_003586.png
image_003857.png,mask_003857.png,C:\Users\HP Omen\Desktop\CSIR_4PI\Medical-Segmentation\dataset\images\image_003857.png,C:\Users\HP Omen\Desktop\CSIR_4PI\Medical-Segmentation\dataset\masks\mask_003857.png
image_003067.png,mask_003067.png,C:\Users\HP Omen\Desktop\CSIR_4PI\Medical-Segmentation\dataset\images\image_003067.png,C:\Users\HP Omen\Desktop\CSIR_4PI\Medical-Segmentation\dataset\masks\mask_003067.png
image_002947.png,mask_002947.png,C:\Users\HP Omen\Desktop\CSIR_4PI\Medical-Segmentation\dataset\images\image_002947.png,C:\Users\HP Omen\Desktop\CSIR_4PI\Medical-Segmentation\dataset\masks\mask_002947.png
image_000178.png,mask_000178.png,C:\Users\HP Omen\Desktop\CSIR_4PI\Medical-Segmentation\dataset\images\image_000178.png,C:\Users\HP Omen\Desktop\CSIR_4PI\Medical-Segmentation\dataset\masks\mask_000178.png
image_003787.png,mask_003787.png,C:\Users\HP Omen\Desktop\CSIR_4PI\Medical-Segmentation\dataset\images\image_003787.png,C:\Users\HP Omen\Desktop\CSIR_4PI\Medical-Segmentation\dataset\masks\mask_003787.png
image_003463.png,mask_003463.png,C:\Users\HP Omen\Desktop\CSIR_4PI\Medical-Segmentation\dataset\images\image_003463.png,C:\Users\HP Omen\Desktop\CSIR_4PI\Medical-Segmentation\dataset\masks\mask_003463.png
image_000791.png,mask_000791.png,C:\Users\HP Omen\Desktop\CSIR_4PI\Medical-Segmentation\dataset\images\image_000791.png,C:\Users\HP Omen\Desktop\CSIR_4PI\Medical-Segmentation\dataset\masks\mask_000791.png
image_002651.png,mask_002651.png,C:\Users\HP Omen\Desktop\CSIR_4PI\Medical-Segmentation\dataset\images\image_002651.png,C:\Users\HP Omen\Desktop\CSIR_4PI\Medical-Segmentation\dataset\masks\mask_002651.png
image_003329.png,mask_003329.png,C:\Users\HP Omen\Desktop\CSIR_4PI\Medical-Segmentation\dataset\images\image_003329.png,C:\Users\HP Omen\Desktop\CSIR_4PI\Medical-Segmentation\dataset\masks\mask_003329.png
image_003397.png,mask_003397.png,C:\Users\HP Omen\Desktop\CSIR_4PI\Medical-Segmentation\dataset\images\image_003397.png,C:\Users\HP Omen\Desktop\CSIR_4PI\Medical-Segmentation\dataset\masks\mask_003397.png
image_003572.png,mask_003572.png,C:\Users\HP Omen\Desktop\CSIR_4PI\Medical-Segmentation\dataset\images\image_003572.png,C:\Users\HP Omen\Desktop\CSIR_4PI\Medical-Segmentation\dataset\masks\mask_003572.png
image_003867.png,mask_003867.png,C:\Users\HP Omen\Desktop\CSIR_4PI\Medical-Segmentation\dataset\images\image_003867.png,C:\Users\HP Omen\Desktop\CSIR_4PI\Medical-Segmentation\dataset\masks\mask_003867.png
image_000097.png,mask_000097.png,C:\Users\HP Omen\Desktop\CSIR_4PI\Medical-Segmentation\dataset\images\image_000097.png,C:\Users\HP Omen\Desktop\CSIR_4PI\Medical-Segmentation\dataset\masks\mask_000097.png
image_000044.png,mask_000044.png,C:\Users\HP Omen\Desktop\CSIR_4PI\Medical-Segmentation\dataset\images\image_000044.png,C:\Users\HP Omen\Desktop\CSIR_4PI\Medical-Segmentation\dataset\masks\mask_000044.png
image_003046.png,mask_003046.png,C:\Users\HP Omen\Desktop\CSIR_4PI\Medical-Segmentation\dataset\images\image_003046.png,C:\Users\HP Omen\Desktop\CSIR_4PI\Medical-Segmentation\dataset\masks\mask_003046.png
image_003603.png,mask_003603.png,C:\Users\HP Omen\Desktop\CSIR_4PI\Medical-Segmentation\dataset\images\image_003603.png,C:\Users\HP Omen\Desktop\CSIR_4PI\Medical-Segmentation\dataset\masks\mask_003603.png
image_000760.png,mask_000760.png,C:\Users\HP Omen\Desktop\CSIR_4PI\Medical-Segmentation\dataset\images\image_000760.png,C:\Users\HP Omen\Desktop\CSIR_4PI\Medical-Segmentation\dataset\masks\mask_000760.png
image_001271.png,mask_001271.png,C:\Users\HP Omen\Desktop\CSIR_4PI\Medical-Segmentation\dataset\images\image_001271.png,C:\Users\HP Omen\Desktop\CSIR_4PI\Medical-Segmentation\dataset\masks\mask_001271.png
image_003346.png,mask_003346.png,C:\Users\HP Omen\Desktop\CSIR_4PI\Medical-Segmentation\dataset\images\image_003346.png,C:\Users\HP Omen\Desktop\CSIR_4PI\Medical-Segmentation\dataset\masks\mask_003346.png
image_002440.png,mask_002440.png,C:\Users\HP Omen\Desktop\CSIR_4PI\Medical-Segmentation\dataset\images\image_002440.png,C:\Users\HP Omen\Desktop\CSIR_4PI\Medical-Segmentation\dataset\masks\mask_002440.png
image_003106.png,mask_003106.png,C:\Users\HP Omen\Desktop\CSIR_4PI\Medical-Segmentation\dataset\images\image_003106.png,C:\Users\HP Omen\Desktop\CSIR_4PI\Medical-Segmentation\dataset\masks\mask_003106.png
image_000026.png,mask_000026.png,C:\Users\HP Omen\Desktop\CSIR_4PI\Medical-Segmentation\dataset\images\image_000026.png,C:\Users\HP Omen\Desktop\CSIR_4PI\Medical-Segmentation\dataset\masks\mask_000026.png
image_002586.png,mask_002586.png,C:\Users\HP Omen\Desktop\CSIR_4PI\Medical-Segmentation\dataset\images\image_002586.png,C:\Users\HP Omen\Desktop\CSIR_4PI\Medical-Segmentation\dataset\masks\mask_002586.png
image_002011.png,mask_002011.png,C:\Users\HP Omen\Desktop\CSIR_4PI\Medical-Segmentation\dataset\images\image_002011.png,C:\Users\HP Omen\Desktop\CSIR_4PI\Medical-Segmentation\dataset\masks\mask_002011.png
image_000680.png,mask_000680.png,C:\Users\HP Omen\Desktop\CSIR_4PI\Medical-Segmentation\dataset\images\image_000680.png,C:\Users\HP Omen\Desktop\CSIR_4PI\Medical-Segmentation\dataset\masks\mask_000680.png
image_003249.png,mask_003249.png,C:\Users\HP Omen\Desktop\CSIR_4PI\Medical-Segmentation\dataset\images\image_003249.png,C:\Users\HP Omen\Desktop\CSIR_4PI\Medical-Segmentation\dataset\masks\mask_003249.png
image_003804.png,mask_003804.png,C:\Users\HP Omen\Desktop\CSIR_4PI\Medical-Segmentation\dataset\images\image_003804.png,C:\Users\HP Omen\Desktop\CSIR_4PI\Medical-Segmentation\dataset\masks\mask_003804.png
image_000782.png,mask_000782.png,C:\Users\HP Omen\Desktop\CSIR_4PI\Medical-Segmentation\dataset\images\image_000782.png,C:\Users\HP Omen\Desktop\CSIR_4PI\Medical-Segmentation\dataset\masks\mask_000782.png
image_002649.png,mask_002649.png,C:\Users\HP Omen\Desktop\CSIR_4PI\Medical-Segmentation\dataset\images\image_002649.png,C:\Users\HP Omen\Desktop\CSIR_4PI\Medical-Segmentation\dataset\masks\mask_002649.png
image_003566.png,mask_003566.png,C:\Users\HP Omen\Desktop\CSIR_4PI\Medical-Segmentation\dataset\images\image_003566.png,C:\Users\HP Omen\Desktop\CSIR_4PI\Medical-Segmentation\dataset\masks\mask_003566.png
image_002856.png,mask_002856.png,C:\Users\HP Omen\Desktop\CSIR_4PI\Medical-Segmentation\dataset\images\image_002856.png,C:\Users\HP Omen\Desktop\CSIR_4PI\Medical-Segmentation\dataset\masks\mask_002856.png
image_001310.png,mask_001310.png,C:\Users\HP Omen\Desktop\CSIR_4PI\Medical-Segmentation\dataset\images\image_001310.png,C:\Users\HP Omen\Desktop\CSIR_4PI\Medical-Segmentation\dataset\masks\mask_001310.png
image_001211.png,mask_001211.png,C:\Users\HP Omen\Desktop\CSIR_4PI\Medical-Segmentation\dataset\images\image_001211.png,C:\Users\HP Omen\Desktop\CSIR_4PI\Medical-Segmentation\dataset\masks\mask_001211.png
image_001481.png,mask_001481.png,C:\Users\HP Omen\Desktop\CSIR_4PI\Medical-Segmentation\dataset\images\image_001481.png,C:\Users\HP Omen\Desktop\CSIR_4PI\Medical-Segmentation\dataset\masks\mask_001481.png
image_002342.png,mask_002342.png,C:\Users\HP Omen\Desktop\CSIR_4PI\Medical-Segmentation\dataset\images\image_002342.png,C:\Users\HP Omen\Desktop\CSIR_4PI\Medical-Segmentation\dataset\masks\mask_002342.png
image_000655.png,mask_000655.png,C:\Users\HP Omen\Desktop\CSIR_4PI\Medical-Segmentation\dataset\images\image_000655.png,C:\Users\HP Omen\Desktop\CSIR_4PI\Medical-Segmentation\dataset\masks\mask_000655.png
image_002921.png,mask_002921.png,C:\Users\HP Omen\Desktop\CSIR_4PI\Medical-Segmentation\dataset\images\image_002921.png,C:\Users\HP Omen\Desktop\CSIR_4PI\Medical-Segmentation\dataset\masks\mask_002921.png
image_000884.png,mask_000884.png,C:\Users\HP Omen\Desktop\CSIR_4PI\Medical-Segmentation\dataset\images\image_000884.png,C:\Users\HP Omen\Desktop\CSIR_4PI\Medical-Segmentation\dataset\masks\mask_000884.png
image_003550.png,mask_003550.png,C:\Users\HP Omen\Desktop\CSIR_4PI\Medical-Segmentation\dataset\images\image_003550.png,C:\Users\HP Omen\Desktop\CSIR_4PI\Medical-Segmentation\dataset\masks\mask_003550.png
image_000068.png,mask_000068.png,C:\Users\HP Omen\Desktop\CSIR_4PI\Medical-Segmentation\dataset\images\image_000068.png,C:\Users\HP Omen\Desktop\CSIR_4PI\Medical-Segmentation\dataset\masks\mask_000068.png
image_000383.png,mask_000383.png,C:\Users\HP Omen\Desktop\CSIR_4PI\Medical-Segmentation\dataset\images\image_000383.png,C:\Users\HP Omen\Desktop\CSIR_4PI\Medical-Segmentation\dataset\masks\mask_000383.png
image_002441.png,mask_002441.png,C:\Users\HP Omen\Desktop\CSIR_4PI\Medical-Segmentation\dataset\images\image_002441.png,C:\Users\HP Omen\Desktop\CSIR_4PI\Medical-Segmentation\dataset\masks\mask_002441.png
image_002124.png,mask_002124.png,C:\Users\HP Omen\Desktop\CSIR_4PI\Medical-Segmentation\dataset\images\image_002124.png,C:\Users\HP Omen\Desktop\CSIR_4PI\Medical-Segmentation\dataset\masks\mask_002124.png
image_003770.png,mask_003770.png,C:\Users\HP Omen\Desktop\CSIR_4PI\Medical-Segmentation\dataset\images\image_003770.png,C:\Users\HP Omen\Desktop\CSIR_4PI\Medical-Segmentation\dataset\masks\mask_003770.png
image_002397.png,mask_002397.png,C:\Users\HP Omen\Desktop\CSIR_4PI\Medical-Segmentation\dataset\images\image_002397.png,C:\Users\HP Omen\Desktop\CSIR_4PI\Medical-Segmentation\dataset\masks\mask_002397.png
image_000032.png,mask_000032.png,C:\Users\HP Omen\Desktop\CSIR_4PI\Medical-Segmentation\dataset\images\image_000032.png,C:\Users\HP Omen\Desktop\CSIR_4PI\Medical-Segmentation\dataset\masks\mask_000032.png
image_002546.png,mask_002546.png,C:\Users\HP Omen\Desktop\CSIR_4PI\Medical-Segmentation\dataset\images\image_002546.png,C:\Users\HP Omen\Desktop\CSIR_4PI\Medical-Segmentation\dataset\masks\mask_002546.png
image_001475.png,mask_001475.png,C:\Users\HP Omen\Desktop\CSIR_4PI\Medical-Segmentation\dataset\images\image_001475.png,C:\Users\HP Omen\Desktop\CSIR_4PI\Medical-Segmentation\dataset\masks\mask_001475.png
image_001799.png,mask_001799.png,C:\Users\HP Omen\Desktop\CSIR_4PI\Medical-Segmentation\dataset\images\image_001799.png,C:\Users\HP Omen\Desktop\CSIR_4PI\Medical-Segmentation\dataset\masks\mask_001799.png
image_003858.png,mask_003858.png,C:\Users\HP Omen\Desktop\CSIR_4PI\Medical-Segmentation\dataset\images\image_003858.png,C:\Users\HP Omen\Desktop\CSIR_4PI\Medical-Segmentation\dataset\masks\mask_003858.png
image_003150.png,mask_003150.png,C:\Users\HP Omen\Desktop\CSIR_4PI\Medical-Segmentation\dataset\images\image_003150.png,C:\Users\HP Omen\Desktop\CSIR_4PI\Medical-Segmentation\dataset\masks\mask_003150.png
image_000611.png,mask_000611.png,C:\Users\HP Omen\Desktop\CSIR_4PI\Medical-Segmentation\dataset\images\image_000611.png,C:\Users\HP Omen\Desktop\CSIR_4PI\Medical-Segmentation\dataset\masks\mask_000611.png
image_003609.png,mask_003609.png,C:\Users\HP Omen\Desktop\CSIR_4PI\Medical-Segmentation\dataset\images\image_003609.png,C:\Users\HP Omen\Desktop\CSIR_4PI\Medical-Segmentation\dataset\masks\mask_003609.png
image_000571.png,mask_000571.png,C:\Users\HP Omen\Desktop\CSIR_4PI\Medical-Segmentation\dataset\images\image_000571.png,C:\Users\HP Omen\Desktop\CSIR_4PI\Medical-Segmentation\dataset\masks\mask_000571.png
image_002526.png,mask_002526.png,C:\Users\HP Omen\Desktop\CSIR_4PI\Medical-Segmentation\dataset\images\image_002526.png,C:\Users\HP Omen\Desktop\CSIR_4PI\Medical-Segmentation\dataset\masks\mask_002526.png
image_003638.png,mask_003638.png,C:\Users\HP Omen\Desktop\CSIR_4PI\Medical-Segmentation\dataset\images\image_003638.png,C:\Users\HP Omen\Desktop\CSIR_4PI\Medical-Segmentation\dataset\masks\mask_003638.png
image_002466.png,mask_002466.png,C:\Users\HP Omen\Desktop\CSIR_4PI\Medical-Segmentation\dataset\images\image_002466.png,C:\Users\HP Omen\Desktop\CSIR_4PI\Medical-Segmentation\dataset\masks\mask_002466.png
image_000344.png,mask_000344.png,C:\Users\HP Omen\Desktop\CSIR_4PI\Medical-Segmentation\dataset\images\image_000344.png,C:\Users\HP Omen\Desktop\CSIR_4PI\Medical-Segmentation\dataset\masks\mask_000344.png
image_003224.png,mask_003224.png,C:\Users\HP Omen\Desktop\CSIR_4PI\Medical-Segmentation\dataset\images\image_003224.png,C:\Users\HP Omen\Desktop\CSIR_4PI\Medical-Segmentation\dataset\masks\mask_003224.png
image_002321.png,mask_002321.png,C:\Users\HP Omen\Desktop\CSIR_4PI\Medical-Segmentation\dataset\images\image_002321.png,C:\Users\HP Omen\Desktop\CSIR_4PI\Medical-Segmentation\dataset\masks\mask_002321.png
image_000679.png,mask_000679.png,C:\Users\HP Omen\Desktop\CSIR_4PI\Medical-Segmentation\dataset\images\image_000679.png,C:\Users\HP Omen\Desktop\CSIR_4PI\Medical-Segmentation\dataset\masks\mask_000679.png
image_001593.png,mask_001593.png,C:\Users\HP Omen\Desktop\CSIR_4PI\Medical-Segmentation\dataset\images\image_001593.png,C:\Users\HP Omen\Desktop\CSIR_4PI\Medical-Segmentation\dataset\masks\mask_001593.png
image_002992.png,mask_002992.png,C:\Users\HP Omen\Desktop\CSIR_4PI\Medical-Segmentation\dataset\images\image_002992.png,C:\Users\HP Omen\Desktop\CSIR_4PI\Medical-Segmentation\dataset\masks\mask_002992.png
image_000880.png,mask_000880.png,C:\Users\HP Omen\Desktop\CSIR_4PI\Medical-Segmentation\dataset\images\image_000880.png,C:\Users\HP Omen\Desktop\CSIR_4PI\Medical-Segmentation\dataset\masks\mask_000880.png
image_003219.png,mask_003219.png,C:\Users\HP Omen\Desktop\CSIR_4PI\Medical-Segmentation\dataset\images\image_003219.png,C:\Users\HP Omen\Desktop\CSIR_4PI\Medical-Segmentation\dataset\masks\mask_003219.png
image_002454.png,mask_002454.png,C:\Users\HP Omen\Desktop\CSIR_4PI\Medical-Segmentation\dataset\images\image_002454.png,C:\Users\HP Omen\Desktop\CSIR_4PI\Medical-Segmentation\dataset\masks\mask_002454.png
image_001004.png,mask_001004.png,C:\Users\HP Omen\Desktop\CSIR_4PI\Medical-Segmentation\dataset\images\image_001004.png,C:\Users\HP Omen\Desktop\CSIR_4PI\Medical-Segmentation\dataset\masks\mask_001004.png
image_001946.png,mask_001946.png,C:\Users\HP Omen\Desktop\CSIR_4PI\Medical-Segmentation\dataset\images\image_001946.png,C:\Users\HP Omen\Desktop\CSIR_4PI\Medical-Segmentation\dataset\masks\mask_001946.png
image_000057.png,mask_000057.png,C:\Users\HP Omen\Desktop\CSIR_4PI\Medical-Segmentation\dataset\images\image_000057.png,C:\Users\HP Omen\Desktop\CSIR_4PI\Medical-Segmentation\dataset\masks\mask_000057.png
image_003921.png,mask_003921.png,C:\Users\HP Omen\Desktop\CSIR_4PI\Medical-Segmentation\dataset\images\image_003921.png,C:\Users\HP Omen\Desktop\CSIR_4PI\Medical-Segmentation\dataset\masks\mask_003921.png
image_002799.png,mask_002799.png,C:\Users\HP Omen\Desktop\CSIR_4PI\Medical-Segmentation\dataset\images\image_002799.png,C:\Users\HP Omen\Desktop\CSIR_4PI\Medical-Segmentation\dataset\masks\mask_002799.png
image_003510.png,mask_003510.png,C:\Users\HP Omen\Desktop\CSIR_4PI\Medical-Segmentation\dataset\images\image_003510.png,C:\Users\HP Omen\Desktop\CSIR_4PI\Medical-Segmentation\dataset\masks\mask_003510.png
image_001565.png,mask_001565.png,C:\Users\HP Omen\Desktop\CSIR_4PI\Medical-Segmentation\dataset\images\image_001565.png,C:\Users\HP Omen\Desktop\CSIR_4PI\Medical-Segmentation\dataset\masks\mask_001565.png
image_003059.png,mask_003059.png,C:\Users\HP Omen\Desktop\CSIR_4PI\Medical-Segmentation\dataset\images\image_003059.png,C:\Users\HP Omen\Desktop\CSIR_4PI\Medical-Segmentation\dataset\masks\mask_003059.png
image_002047.png,mask_002047.png,C:\Users\HP Omen\Desktop\CSIR_4PI\Medical-Segmentation\dataset\images\image_002047.png,C:\Users\HP Omen\Desktop\CSIR_4PI\Medical-Segmentation\dataset\masks\mask_002047.png
image_000577.png,mask_000577.png,C:\Users\HP Omen\Desktop\CSIR_4PI\Medical-Segmentation\dataset\images\image_000577.png,C:\Users\HP Omen\Desktop\CSIR_4PI\Medical-Segmentation\dataset\masks\mask_000577.png
image_002794.png,mask_002794.png,C:\Users\HP Omen\Desktop\CSIR_4PI\Medical-Segmentation\dataset\images\image_002794.png,C:\Users\HP Omen\Desktop\CSIR_4PI\Medical-Segmentation\dataset\masks\mask_002794.png
image_001105.png,mask_001105.png,C:\Users\HP Omen\Desktop\CSIR_4PI\Medical-Segmentation\dataset\images\image_001105.png,C:\Users\HP Omen\Desktop\CSIR_4PI\Medical-Segmentation\dataset\masks\mask_001105.png
image_003567.png,mask_003567.png,C:\Users\HP Omen\Desktop\CSIR_4PI\Medical-Segmentation\dataset\images\image_003567.png,C:\Users\HP Omen\Desktop\CSIR_4PI\Medical-Segmentation\dataset\masks\mask_003567.png
image_000966.png,mask_000966.png,C:\Users\HP Omen\Desktop\CSIR_4PI\Medical-Segmentation\dataset\images\image_000966.png,C:\Users\HP Omen\Desktop\CSIR_4PI\Medical-Segmentation\dataset\masks\mask_000966.png
image_002476.png,mask_002476.png,C:\Users\HP Omen\Desktop\CSIR_4PI\Medical-Segmentation\dataset\images\image_002476.png,C:\Users\HP Omen\Desktop\CSIR_4PI\Medical-Segmentation\dataset\masks\mask_002476.png
image_000529.png,mask_000529.png,C:\Users\HP Omen\Desktop\CSIR_4PI\Medical-Segmentation\dataset\images\image_000529.png,C:\Users\HP Omen\Desktop\CSIR_4PI\Medical-Segmentation\dataset\masks\mask_000529.png
image_000177.png,mask_000177.png,C:\Users\HP Omen\Desktop\CSIR_4PI\Medical-Segmentation\dataset\images\image_000177.png,C:\Users\HP Omen\Desktop\CSIR_4PI\Medical-Segmentation\dataset\masks\mask_000177.png
image_001026.png,mask_001026.png,C:\Users\HP Omen\Desktop\CSIR_4PI\Medical-Segmentation\dataset\images\image_001026.png,C:\Users\HP Omen\Desktop\CSIR_4PI\Medical-Segmentation\dataset\masks\mask_001026.png
image_000423.png,mask_000423.png,C:\Users\HP Omen\Desktop\CSIR_4PI\Medical-Segmentation\dataset\images\image_000423.png,C:\Users\HP Omen\Desktop\CSIR_4PI\Medical-Segmentation\dataset\masks\mask_000423.png
image_000681.png,mask_000681.png,C:\Users\HP Omen\Desktop\CSIR_4PI\Medical-Segmentation\dataset\images\image_000681.png,C:\Users\HP Omen\Desktop\CSIR_4PI\Medical-Segmentation\dataset\masks\mask_000681.png
image_001296.png,mask_001296.png,C:\Users\HP Omen\Desktop\CSIR_4PI\Medical-Segmentation\dataset\images\image_001296.png,C:\Users\HP Omen\Desktop\CSIR_4PI\Medical-Segmentation\dataset\masks\mask_001296.png
image_003568.png,mask_003568.png,C:\Users\HP Omen\Desktop\CSIR_4PI\Medical-Segmentation\dataset\images\image_003568.png,C:\Users\HP Omen\Desktop\CSIR_4PI\Medical-Segmentation\dataset\masks\mask_003568.png
image_003085.png,mask_003085.png,C:\Users\HP Omen\Desktop\CSIR_4PI\Medical-Segmentation\dataset\images\image_003085.png,C:\Users\HP Omen\Desktop\CSIR_4PI\Medical-Segmentation\dataset\masks\mask_003085.png
image_001546.png,mask_001546.png,C:\Users\HP Omen\Desktop\CSIR_4PI\Medical-Segmentation\dataset\images\image_001546.png,C:\Users\HP Omen\Desktop\CSIR_4PI\Medical-Segmentation\dataset\masks\mask_001546.png
image_003740.png,mask_003740.png,C:\Users\HP Omen\Desktop\CSIR_4PI\Medical-Segmentation\dataset\images\image_003740.png,C:\Users\HP Omen\Desktop\CSIR_4PI\Medical-Segmentation\dataset\masks\mask_003740.png
image_000573.png,mask_000573.png,C:\Users\HP Omen\Desktop\CSIR_4PI\Medical-Segmentation\dataset\images\image_000573.png,C:\Users\HP Omen\Desktop\CSIR_4PI\Medical-Segmentation\dataset\masks\mask_000573.png
image_001162.png,mask_001162.png,C:\Users\HP Omen\Desktop\CSIR_4PI\Medical-Segmentation\dataset\images\image_001162.png,C:\Users\HP Omen\Desktop\CSIR_4PI\Medical-Segmentation\dataset\masks\mask_001162.png
image_002261.png,mask_002261.png,C:\Users\HP Omen\Desktop\CSIR_4PI\Medical-Segmentation\dataset\images\image_002261.png,C:\Users\HP Omen\Desktop\CSIR_4PI\Medical-Segmentation\dataset\masks\mask_002261.png
image_000289.png,mask_000289.png,C:\Users\HP Omen\Desktop\CSIR_4PI\Medical-Segmentation\dataset\images\image_000289.png,C:\Users\HP Omen\Desktop\CSIR_4PI\Medical-Segmentation\dataset\masks\mask_000289.png
image_001164.png,mask_001164.png,C:\Users\HP Omen\Desktop\CSIR_4PI\Medical-Segmentation\dataset\images\image_001164.png,C:\Users\HP Omen\Desktop\CSIR_4PI\Medical-Segmentation\dataset\masks\mask_001164.png
image_001174.png,mask_001174.png,C:\Users\HP Omen\Desktop\CSIR_4PI\Medical-Segmentation\dataset\images\image_001174.png,C:\Users\HP Omen\Desktop\CSIR_4PI\Medical-Segmentation\dataset\masks\mask_001174.png
image_002590.png,mask_002590.png,C:\Users\HP Omen\Desktop\CSIR_4PI\Medical-Segmentation\dataset\images\image_002590.png,C:\Users\HP Omen\Desktop\CSIR_4PI\Medical-Segmentation\dataset\masks\mask_002590.png
image_002534.png,mask_002534.png,C:\Users\HP Omen\Desktop\CSIR_4PI\Medical-Segmentation\dataset\images\image_002534.png,C:\Users\HP Omen\Desktop\CSIR_4PI\Medical-Segmentation\dataset\masks\mask_002534.png
image_002497.png,mask_002497.png,C:\Users\HP Omen\Desktop\CSIR_4PI\Medical-Segmentation\dataset\images\image_002497.png,C:\Users\HP Omen\Desktop\CSIR_4PI\Medical-Segmentation\dataset\masks\mask_002497.png
image_002678.png,mask_002678.png,C:\Users\HP Omen\Desktop\CSIR_4PI\Medical-Segmentation\dataset\images\image_002678.png,C:\Users\HP Omen\Desktop\CSIR_4PI\Medical-Segmentation\dataset\masks\mask_002678.png
image_001345.png,mask_001345.png,C:\Users\HP Omen\Desktop\CSIR_4PI\Medical-Segmentation\dataset\images\image_001345.png,C:\Users\HP Omen\Desktop\CSIR_4PI\Medical-Segmentation\dataset\masks\mask_001345.png
image_001107.png,mask_001107.png,C:\Users\HP Omen\Desktop\CSIR_4PI\Medical-Segmentation\dataset\images\image_001107.png,C:\Users\HP Omen\Desktop\CSIR_4PI\Medical-Segmentation\dataset\masks\mask_001107.png
image_002156.png,mask_002156.png,C:\Users\HP Omen\Desktop\CSIR_4PI\Medical-Segmentation\dataset\images\image_002156.png,C:\Users\HP Omen\Desktop\CSIR_4PI\Medical-Segmentation\dataset\masks\mask_002156.png
image_002084.png,mask_002084.png,C:\Users\HP Omen\Desktop\CSIR_4PI\Medical-Segmentation\dataset\images\image_002084.png,C:\Users\HP Omen\Desktop\CSIR_4PI\Medical-Segmentation\dataset\masks\mask_002084.png
image_003403.png,mask_003403.png,C:\Users\HP Omen\Desktop\CSIR_4PI\Medical-Segmentation\dataset\images\image_003403.png,C:\Users\HP Omen\Desktop\CSIR_4PI\Medical-Segmentation\dataset\masks\mask_003403.png
image_003401.png,mask_003401.png,C:\Users\HP Omen\Desktop\CSIR_4PI\Medical-Segmentation\dataset\images\image_003401.png,C:\Users\HP Omen\Desktop\CSIR_4PI\Medical-Segmentation\dataset\masks\mask_003401.png
image_000371.png,mask_000371.png,C:\Users\HP Omen\Desktop\CSIR_4PI\Medical-Segmentation\dataset\images\image_000371.png,C:\Users\HP Omen\Desktop\CSIR_4PI\Medical-Segmentation\dataset\masks\mask_000371.png
image_001757.png,mask_001757.png,C:\Users\HP Omen\Desktop\CSIR_4PI\Medical-Segmentation\dataset\images\image_001757.png,C:\Users\HP Omen\Desktop\CSIR_4PI\Medical-Segmentation\dataset\masks\mask_001757.png
image_002025.png,mask_002025.png,C:\Users\HP Omen\Desktop\CSIR_4PI\Medical-Segmentation\dataset\images\image_002025.png,C:\Users\HP Omen\Desktop\CSIR_4PI\Medical-Segmentation\dataset\masks\mask_002025.png
image_001337.png,mask_001337.png,C:\Users\HP Omen\Desktop\CSIR_4PI\Medical-Segmentation\dataset\images\image_001337.png,C:\Users\HP Omen\Desktop\CSIR_4PI\Medical-Segmentation\dataset\masks\mask_001337.png
image_001814.png,mask_001814.png,C:\Users\HP Omen\Desktop\CSIR_4PI\Medical-Segmentation\dataset\images\image_001814.png,C:\Users\HP Omen\Desktop\CSIR_4PI\Medical-Segmentation\dataset\masks\mask_001814.png
image_001908.png,mask_001908.png,C:\Users\HP Omen\Desktop\CSIR_4PI\Medical-Segmentation\dataset\images\image_001908.png,C:\Users\HP Omen\Desktop\CSIR_4PI\Medical-Segmentation\dataset\masks\mask_001908.png
image_000142.png,mask_000142.png,C:\Users\HP Omen\Desktop\CSIR_4PI\Medical-Segmentation\dataset\images\image_000142.png,C:\Users\HP Omen\Desktop\CSIR_4PI\Medical-Segmentation\dataset\masks\mask_000142.png
image_003302.png,mask_003302.png,C:\Users\HP Omen\Desktop\CSIR_4PI\Medical-Segmentation\dataset\images\image_003302.png,C:\Users\HP Omen\Desktop\CSIR_4PI\Medical-Segmentation\dataset\masks\mask_003302.png
image_000492.png,mask_000492.png,C:\Users\HP Omen\Desktop\CSIR_4PI\Medical-Segmentation\dataset\images\image_000492.png,C:\Users\HP Omen\Desktop\CSIR_4PI\Medical-Segmentation\dataset\masks\mask_000492.png
image_000199.png,mask_000199.png,C:\Users\HP Omen\Desktop\CSIR_4PI\Medical-Segmentation\dataset\images\image_000199.png,C:\Users\HP Omen\Desktop\CSIR_4PI\Medical-Segmentation\dataset\masks\mask_000199.png
image_001726.png,mask_001726.png,C:\Users\HP Omen\Desktop\CSIR_4PI\Medical-Segmentation\dataset\images\image_001726.png,C:\Users\HP Omen\Desktop\CSIR_4PI\Medical-Segmentation\dataset\masks\mask_001726.png
image_003338.png,mask_003338.png,C:\Users\HP Omen\Desktop\CSIR_4PI\Medical-Segmentation\dataset\images\image_003338.png,C:\Users\HP Omen\Desktop\CSIR_4PI\Medical-Segmentation\dataset\masks\mask_003338.png
image_002900.png,mask_002900.png,C:\Users\HP Omen\Desktop\CSIR_4PI\Medical-Segmentation\dataset\images\image_002900.png,C:\Users\HP Omen\Desktop\CSIR_4PI\Medical-Segmentation\dataset\masks\mask_002900.png
image_001661.png,mask_001661.png,C:\Users\HP Omen\Desktop\CSIR_4PI\Medical-Segmentation\dataset\images\image_001661.png,C:\Users\HP Omen\Desktop\CSIR_4PI\Medical-Segmentation\dataset\masks\mask_001661.png
image_000196.png,mask_000196.png,C:\Users\HP Omen\Desktop\CSIR_4PI\Medical-Segmentation\dataset\images\image_000196.png,C:\Users\HP Omen\Desktop\CSIR_4PI\Medical-Segmentation\dataset\masks\mask_000196.png
image_000875.png,mask_000875.png,C:\Users\HP Omen\Desktop\CSIR_4PI\Medical-Segmentation\dataset\images\image_000875.png,C:\Users\HP Omen\Desktop\CSIR_4PI\Medical-Segmentation\dataset\masks\mask_000875.png
image_002829.png,mask_002829.png,C:\Users\HP Omen\Desktop\CSIR_4PI\Medical-Segmentation\dataset\images\image_002829.png,C:\Users\HP Omen\Desktop\CSIR_4PI\Medical-Segmentation\dataset\masks\mask_002829.png
image_003238.png,mask_003238.png,C:\Users\HP Omen\Desktop\CSIR_4PI\Medical-Segmentation\dataset\images\image_003238.png,C:\Users\HP Omen\Desktop\CSIR_4PI\Medical-Segmentation\dataset\masks\mask_003238.png
image_000841.png,mask_000841.png,C:\Users\HP Omen\Desktop\CSIR_4PI\Medical-Segmentation\dataset\images\image_000841.png,C:\Users\HP Omen\Desktop\CSIR_4PI\Medical-Segmentation\dataset\masks\mask_000841.png
image_000582.png,mask_000582.png,C:\Users\HP Omen\Desktop\CSIR_4PI\Medical-Segmentation\dataset\images\image_000582.png,C:\Users\HP Omen\Desktop\CSIR_4PI\Medical-Segmentation\dataset\masks\mask_000582.png
image_002959.png,mask_002959.png,C:\Users\HP Omen\Desktop\CSIR_4PI\Medical-Segmentation\dataset\images\image_002959.png,C:\Users\HP Omen\Desktop\CSIR_4PI\Medical-Segmentation\dataset\masks\mask_002959.png
image_000906.png,mask_000906.png,C:\Users\HP Omen\Desktop\CSIR_4PI\Medical-Segmentation\dataset\images\image_000906.png,C:\Users\HP Omen\Desktop\CSIR_4PI\Medical-Segmentation\dataset\masks\mask_000906.png
image_000632.png,mask_000632.png,C:\Users\HP Omen\Desktop\CSIR_4PI\Medical-Segmentation\dataset\images\image_000632.png,C:\Users\HP Omen\Desktop\CSIR_4PI\Medical-Segmentation\dataset\masks\mask_000632.png
image_001930.png,mask_001930.png,C:\Users\HP Omen\Desktop\CSIR_4PI\Medical-Segmentation\dataset\images\image_001930.png,C:\Users\HP Omen\Desktop\CSIR_4PI\Medical-Segmentation\dataset\masks\mask_001930.png
image_000163.png,mask_000163.png,C:\Users\HP Omen\Desktop\CSIR_4PI\Medical-Segmentation\dataset\images\image_000163.png,C:\Users\HP Omen\Desktop\CSIR_4PI\Medical-Segmentation\dataset\masks\mask_000163.png
image_002029.png,mask_002029.png,C:\Users\HP Omen\Desktop\CSIR_4PI\Medical-Segmentation\dataset\images\image_002029.png,C:\Users\HP Omen\Desktop\CSIR_4PI\Medical-Segmentation\dataset\masks\mask_002029.png
image_001238.png,mask_001238.png,C:\Users\HP Omen\Desktop\CSIR_4PI\Medical-Segmentation\dataset\images\image_001238.png,C:\Users\HP Omen\Desktop\CSIR_4PI\Medical-Segmentation\dataset\masks\mask_001238.png
image_001533.png,mask_001533.png,C:\Users\HP Omen\Desktop\CSIR_4PI\Medical-Segmentation\dataset\images\image_001533.png,C:\Users\HP Omen\Desktop\CSIR_4PI\Medical-Segmentation\dataset\masks\mask_001533.png
image_003414.png,mask_003414.png,C:\Users\HP Omen\Desktop\CSIR_4PI\Medical-Segmentation\dataset\images\image_003414.png,C:\Users\HP Omen\Desktop\CSIR_4PI\Medical-Segmentation\dataset\masks\mask_003414.png
image_000926.png,mask_000926.png,C:\Users\HP Omen\Desktop\CSIR_4PI\Medical-Segmentation\dataset\images\image_000926.png,C:\Users\HP Omen\Desktop\CSIR_4PI\Medical-Segmentation\dataset\masks\mask_000926.png
image_001768.png,mask_001768.png,C:\Users\HP Omen\Desktop\CSIR_4PI\Medical-Segmentation\dataset\images\image_001768.png,C:\Users\HP Omen\Desktop\CSIR_4PI\Medical-Segmentation\dataset\masks\mask_001768.png
image_000548.png,mask_000548.png,C:\Users\HP Omen\Desktop\CSIR_4PI\Medical-Segmentation\dataset\images\image_000548.png,C:\Users\HP Omen\Desktop\CSIR_4PI\Medical-Segmentation\dataset\masks\mask_000548.png
image_001469.png,mask_001469.png,C:\Users\HP Omen\Desktop\CSIR_4PI\Medical-Segmentation\dataset\images\image_001469.png,C:\Users\HP Omen\Desktop\CSIR_4PI\Medical-Segmentation\dataset\masks\mask_001469.png
image_002296.png,mask_002296.png,C:\Users\HP Omen\Desktop\CSIR_4PI\Medical-Segmentation\dataset\images\image_002296.png,C:\Users\HP Omen\Desktop\CSIR_4PI\Medical-Segmentation\dataset\masks\mask_002296.png
image_001236.png,mask_001236.png,C:\Users\HP Omen\Desktop\CSIR_4PI\Medical-Segmentation\dataset\images\image_001236.png,C:\Users\HP Omen\Desktop\CSIR_4PI\Medical-Segmentation\dataset\masks\mask_001236.png
image_002769.png,mask_002769.png,C:\Users\HP Omen\Desktop\CSIR_4PI\Medical-Segmentation\dataset\images\image_002769.png,C:\Users\HP Omen\Desktop\CSIR_4PI\Medical-Segmentation\dataset\masks\mask_002769.png
image_000612.png,mask_000612.png,C:\Users\HP Omen\Desktop\CSIR_4PI\Medical-Segmentation\dataset\images\image_000612.png,C:\Users\HP Omen\Desktop\CSIR_4PI\Medical-Segmentation\dataset\masks\mask_000612.png
image_002858.png,mask_002858.png,C:\Users\HP Omen\Desktop\CSIR_4PI\Medical-Segmentation\dataset\images\image_002858.png,C:\Users\HP Omen\Desktop\CSIR_4PI\Medical-Segmentation\dataset\masks\mask_002858.png
image_003601.png,mask_003601.png,C:\Users\HP Omen\Desktop\CSIR_4PI\Medical-Segmentation\dataset\images\image_003601.png,C:\Users\HP Omen\Desktop\CSIR_4PI\Medical-Segmentation\dataset\masks\mask_003601.png
image_001458.png,mask_001458.png,C:\Users\HP Omen\Desktop\CSIR_4PI\Medical-Segmentation\dataset\images\image_001458.png,C:\Users\HP Omen\Desktop\CSIR_4PI\Medical-Segmentation\dataset\masks\mask_001458.png
image_003862.png,mask_003862.png,C:\Users\HP Omen\Desktop\CSIR_4PI\Medical-Segmentation\dataset\images\image_003862.png,C:\Users\HP Omen\Desktop\CSIR_4PI\Medical-Segmentation\dataset\masks\mask_003862.png
image_000743.png,mask_000743.png,C:\Users\HP Omen\Desktop\CSIR_4PI\Medical-Segmentation\dataset\images\image_000743.png,C:\Users\HP Omen\Desktop\CSIR_4PI\Medical-Segmentation\dataset\masks\mask_000743.png
image_000638.png,mask_000638.png,C:\Users\HP Omen\Desktop\CSIR_4PI\Medical-Segmentation\dataset\images\image_000638.png,C:\Users\HP Omen\Desktop\CSIR_4PI\Medical-Segmentation\dataset\masks\mask_000638.png
image_002242.png,mask_002242.png,C:\Users\HP Omen\Desktop\CSIR_4PI\Medical-Segmentation\dataset\images\image_002242.png,C:\Users\HP Omen\Desktop\CSIR_4PI\Medical-Segmentation\dataset\masks\mask_002242.png
image_002772.png,mask_002772.png,C:\Users\HP Omen\Desktop\CSIR_4PI\Medical-Segmentation\dataset\images\image_002772.png,C:\Users\HP Omen\Desktop\CSIR_4PI\Medical-Segmentation\dataset\masks\mask_002772.png
image_001804.png,mask_001804.png,C:\Users\HP Omen\Desktop\CSIR_4PI\Medical-Segmentation\dataset\images\image_001804.png,C:\Users\HP Omen\Desktop\CSIR_4PI\Medical-Segmentation\dataset\masks\mask_001804.png
image_003433.png,mask_003433.png,C:\Users\HP Omen\Desktop\CSIR_4PI\Medical-Segmentation\dataset\images\image_003433.png,C:\Users\HP Omen\Desktop\CSIR_4PI\Medical-Segmentation\dataset\masks\mask_003433.png
image_000049.png,mask_000049.png,C:\Users\HP Omen\Desktop\CSIR_4PI\Medical-Segmentation\dataset\images\image_000049.png,C:\Users\HP Omen\Desktop\CSIR_4PI\Medical-Segmentation\dataset\masks\mask_000049.png
image_003783.png,mask_003783.png,C:\Users\HP Omen\Desktop\CSIR_4PI\Medical-Segmentation\dataset\images\image_003783.png,C:\Users\HP Omen\Desktop\CSIR_4PI\Medical-Segmentation\dataset\masks\mask_003783.png
image_000922.png,mask_000922.png,C:\Users\HP Omen\Desktop\CSIR_4PI\Medical-Segmentation\dataset\images\image_000922.png,C:\Users\HP Omen\Desktop\CSIR_4PI\Medical-Segmentation\dataset\masks\mask_000922.png
image_003503.png,mask_003503.png,C:\Users\HP Omen\Desktop\CSIR_4PI\Medical-Segmentation\dataset\images\image_003503.png,C:\Users\HP Omen\Desktop\CSIR_4PI\Medical-Segmentation\dataset\masks\mask_003503.png
image_000757.png,mask_000757.png,C:\Users\HP Omen\Desktop\CSIR_4PI\Medical-Segmentation\dataset\images\image_000757.png,C:\Users\HP Omen\Desktop\CSIR_4PI\Medical-Segmentation\dataset\masks\mask_000757.png
image_001282.png,mask_001282.png,C:\Users\HP Omen\Desktop\CSIR_4PI\Medical-Segmentation\dataset\images\image_001282.png,C:\Users\HP Omen\Desktop\CSIR_4PI\Medical-Segmentation\dataset\masks\mask_001282.png
image_003245.png,mask_003245.png,C:\Users\HP Omen\Desktop\CSIR_4PI\Medical-Segmentation\dataset\images\image_003245.png,C:\Users\HP Omen\Desktop\CSIR_4PI\Medical-Segmentation\dataset\masks\mask_003245.png
image_001420.png,mask_001420.png,C:\Users\HP Omen\Desktop\CSIR_4PI\Medical-Segmentation\dataset\images\image_001420.png,C:\Users\HP Omen\Desktop\CSIR_4PI\Medical-Segmentation\dataset\masks\mask_001420.png
image_002918.png,mask_002918.png,C:\Users\HP Omen\Desktop\CSIR_4PI\Medical-Segmentation\dataset\images\image_002918.png,C:\Users\HP Omen\Desktop\CSIR_4PI\Medical-Segmentation\dataset\masks\mask_002918.png
image_003594.png,mask_003594.png,C:\Users\HP Omen\Desktop\CSIR_4PI\Medical-Segmentation\dataset\images\image_003594.png,C:\Users\HP Omen\Desktop\CSIR_4PI\Medical-Segmentation\dataset\masks\mask_003594.png
image_001408.png,mask_001408.png,C:\Users\HP Omen\Desktop\CSIR_4PI\Medical-Segmentation\dataset\images\image_001408.png,C:\Users\HP Omen\Desktop\CSIR_4PI\Medical-Segmentation\dataset\masks\mask_001408.png
image_001136.png,mask_001136.png,C:\Users\HP Omen\Desktop\CSIR_4PI\Medical-Segmentation\dataset\images\image_001136.png,C:\Users\HP Omen\Desktop\CSIR_4PI\Medical-Segmentation\dataset\masks\mask_001136.png
image_001948.png,mask_001948.png,C:\Users\HP Omen\Desktop\CSIR_4PI\Medical-Segmentation\dataset\images\image_001948.png,C:\Users\HP Omen\Desktop\CSIR_4PI\Medical-Segmentation\dataset\masks\mask_001948.png
image_001172.png,mask_001172.png,C:\Users\HP Omen\Desktop\CSIR_4PI\Medical-Segmentation\dataset\images\image_001172.png,C:\Users\HP Omen\Desktop\CSIR_4PI\Medical-Segmentation\dataset\masks\mask_001172.png
image_002928.png,mask_002928.png,C:\Users\HP Omen\Desktop\CSIR_4PI\Medical-Segmentation\dataset\images\image_002928.png,C:\Users\HP Omen\Desktop\CSIR_4PI\Medical-Segmentation\dataset\masks\mask_002928.png
image_003728.png,mask_003728.png,C:\Users\HP Omen\Desktop\CSIR_4PI\Medical-Segmentation\dataset\images\image_003728.png,C:\Users\HP Omen\Desktop\CSIR_4PI\Medical-Segmentation\dataset\masks\mask_003728.png
image_003217.png,mask_003217.png,C:\Users\HP Omen\Desktop\CSIR_4PI\Medical-Segmentation\dataset\images\image_003217.png,C:\Users\HP Omen\Desktop\CSIR_4PI\Medical-Segmentation\dataset\masks\mask_003217.png
image_002737.png,mask_002737.png,C:\Users\HP Omen\Desktop\CSIR_4PI\Medical-Segmentation\dataset\images\image_002737.png,C:\Users\HP Omen\Desktop\CSIR_4PI\Medical-Segmentation\dataset\masks\mask_002737.png
image_002442.png,mask_002442.png,C:\Users\HP Omen\Desktop\CSIR_4PI\Medical-Segmentation\dataset\images\image_002442.png,C:\Users\HP Omen\Desktop\CSIR_4PI\Medical-Segmentation\dataset\masks\mask_002442.png
image_001071.png,mask_001071.png,C:\Users\HP Omen\Desktop\CSIR_4PI\Medical-Segmentation\dataset\images\image_001071.png,C:\Users\HP Omen\Desktop\CSIR_4PI\Medical-Segmentation\dataset\masks\mask_001071.png
image_003621.png,mask_003621.png,C:\Users\HP Omen\Desktop\CSIR_4PI\Medical-Segmentation\dataset\images\image_003621.png,C:\Users\HP Omen\Desktop\CSIR_4PI\Medical-Segmentation\dataset\masks\mask_003621.png
image_003553.png,mask_003553.png,C:\Users\HP Omen\Desktop\CSIR_4PI\Medical-Segmentation\dataset\images\image_003553.png,C:\Users\HP Omen\Desktop\CSIR_4PI\Medical-Segmentation\dataset\masks\mask_003553.png
image_002400.png,mask_002400.png,C:\Users\HP Omen\Desktop\CSIR_4PI\Medical-Segmentation\dataset\images\image_002400.png,C:\Users\HP Omen\Desktop\CSIR_4PI\Medical-Segmentation\dataset\masks\mask_002400.png
image_003544.png,mask_003544.png,C:\Users\HP Omen\Desktop\CSIR_4PI\Medical-Segmentation\dataset\images\image_003544.png,C:\Users\HP Omen\Desktop\CSIR_4PI\Medical-Segmentation\dataset\masks\mask_003544.png
image_002975.png,mask_002975.png,C:\Users\HP Omen\Desktop\CSIR_4PI\Medical-Segmentation\dataset\images\image_002975.png,C:\Users\HP Omen\Desktop\CSIR_4PI\Medical-Segmentation\dataset\masks\mask_002975.png
image_002549.png,mask_002549.png,C:\Users\HP Omen\Desktop\CSIR_4PI\Medical-Segmentation\dataset\images\image_002549.png,C:\Users\HP Omen\Desktop\CSIR_4PI\Medical-Segmentation\dataset\masks\mask_002549.png
image_002329.png,mask_002329.png,C:\Users\HP Omen\Desktop\CSIR_4PI\Medical-Segmentation\dataset\images\image_002329.png,C:\Users\HP Omen\Desktop\CSIR_4PI\Medical-Segmentation\dataset\masks\mask_002329.png
image_003038.png,mask_003038.png,C:\Users\HP Omen\Desktop\CSIR_4PI\Medical-Segmentation\dataset\images\image_003038.png,C:\Users\HP Omen\Desktop\CSIR_4PI\Medical-Segmentation\dataset\masks\mask_003038.png
image_002190.png,mask_002190.png,C:\Users\HP Omen\Desktop\CSIR_4PI\Medical-Segmentation\dataset\images\image_002190.png,C:\Users\HP Omen\Desktop\CSIR_4PI\Medical-Segmentation\dataset\masks\mask_002190.png
image_002567.png,mask_002567.png,C:\Users\HP Omen\Desktop\CSIR_4PI\Medical-Segmentation\dataset\images\image_002567.png,C:\Users\HP Omen\Desktop\CSIR_4PI\Medical-Segmentation\dataset\masks\mask_002567.png
image_001500.png,mask_001500.png,C:\Users\HP Omen\Desktop\CSIR_4PI\Medical-Segmentation\dataset\images\image_001500.png,C:\Users\HP Omen\Desktop\CSIR_4PI\Medical-Segmentation\dataset\masks\mask_001500.png
image_001285.png,mask_001285.png,C:\Users\HP Omen\Desktop\CSIR_4PI\Medical-Segmentation\dataset\images\image_001285.png,C:\Users\HP Omen\Desktop\CSIR_4PI\Medical-Segmentation\dataset\masks\mask_001285.png
image_002005.png,mask_002005.png,C:\Users\HP Omen\Desktop\CSIR_4PI\Medical-Segmentation\dataset\images\image_002005.png,C:\Users\HP Omen\Desktop\CSIR_4PI\Medical-Segmentation\dataset\masks\mask_002005.png
image_003086.png,mask_003086.png,C:\Users\HP Omen\Desktop\CSIR_4PI\Medical-Segmentation\dataset\images\image_003086.png,C:\Users\HP Omen\Desktop\CSIR_4PI\Medical-Segmentation\dataset\masks\mask_003086.png
image_002692.png,mask_002692.png,C:\Users\HP Omen\Desktop\CSIR_4PI\Medical-Segmentation\dataset\images\image_002692.png,C:\Users\HP Omen\Desktop\CSIR_4PI\Medical-Segmentation\dataset\masks\mask_002692.png
image_001834.png,mask_001834.png,C:\Users\HP Omen\Desktop\CSIR_4PI\Medical-Segmentation\dataset\images\image_001834.png,C:\Users\HP Omen\Desktop\CSIR_4PI\Medical-Segmentation\dataset\masks\mask_001834.png
image_000868.png,mask_000868.png,C:\Users\HP Omen\Desktop\CSIR_4PI\Medical-Segmentation\dataset\images\image_000868.png,C:\Users\HP Omen\Desktop\CSIR_4PI\Medical-Segmentation\dataset\masks\mask_000868.png
image_000927.png,mask_000927.png,C:\Users\HP Omen\Desktop\CSIR_4PI\Medical-Segmentation\dataset\images\image_000927.png,C:\Users\HP Omen\Desktop\CSIR_4PI\Medical-Segmentation\dataset\masks\mask_000927.png
image_000998.png,mask_000998.png,C:\Users\HP Omen\Desktop\CSIR_4PI\Medical-Segmentation\dataset\images\image_000998.png,C:\Users\HP Omen\Desktop\CSIR_4PI\Medical-Segmentation\dataset\masks\mask_000998.png
image_002974.png,mask_002974.png,C:\Users\HP Omen\Desktop\CSIR_4PI\Medical-Segmentation\dataset\images\image_002974.png,C:\Users\HP Omen\Desktop\CSIR_4PI\Medical-Segmentation\dataset\masks\mask_002974.png
image_001765.png,mask_001765.png,C:\Users\HP Omen\Desktop\CSIR_4PI\Medical-Segmentation\dataset\images\image_001765.png,C:\Users\HP Omen\Desktop\CSIR_4PI\Medical-Segmentation\dataset\masks\mask_001765.png
image_001294.png,mask_001294.png,C:\Users\HP Omen\Desktop\CSIR_4PI\Medical-Segmentation\dataset\images\image_001294.png,C:\Users\HP Omen\Desktop\CSIR_4PI\Medical-Segmentation\dataset\masks\mask_001294.png
image_001484.png,mask_001484.png,C:\Users\HP Omen\Desktop\CSIR_4PI\Medical-Segmentation\dataset\images\image_001484.png,C:\Users\HP Omen\Desktop\CSIR_4PI\Medical-Segmentation\dataset\masks\mask_001484.png
image_000211.png,mask_000211.png,C:\Users\HP Omen\Desktop\CSIR_4PI\Medical-Segmentation\dataset\images\image_000211.png,C:\Users\HP Omen\Desktop\CSIR_4PI\Medical-Segmentation\dataset\masks\mask_000211.png
image_001627.png,mask_001627.png,C:\Users\HP Omen\Desktop\CSIR_4PI\Medical-Segmentation\dataset\images\image_001627.png,C:\Users\HP Omen\Desktop\CSIR_4PI\Medical-Segmentation\dataset\masks\mask_001627.png
image_000060.png,mask_000060.png,C:\Users\HP Omen\Desktop\CSIR_4PI\Medical-Segmentation\dataset\images\image_000060.png,C:\Users\HP Omen\Desktop\CSIR_4PI\Medical-Segmentation\dataset\masks\mask_000060.png
image_002224.png,mask_002224.png,C:\Users\HP Omen\Desktop\CSIR_4PI\Medical-Segmentation\dataset\images\image_002224.png,C:\Users\HP Omen\Desktop\CSIR_4PI\Medical-Segmentation\dataset\masks\mask_002224.png
image_001341.png,mask_001341.png,C:\Users\HP Omen\Desktop\CSIR_4PI\Medical-Segmentation\dataset\images\image_001341.png,C:\Users\HP Omen\Desktop\CSIR_4PI\Medical-Segmentation\dataset\masks\mask_001341.png
image_003830.png,mask_003830.png,C:\Users\HP Omen\Desktop\CSIR_4PI\Medical-Segmentation\dataset\images\image_003830.png,C:\Users\HP Omen\Desktop\CSIR_4PI\Medical-Segmentation\dataset\masks\mask_003830.png
image_001733.png,mask_001733.png,C:\Users\HP Omen\Desktop\CSIR_4PI\Medical-Segmentation\dataset\images\image_001733.png,C:\Users\HP Omen\Desktop\CSIR_4PI\Medical-Segmentation\dataset\masks\mask_001733.png
image_000766.png,mask_000766.png,C:\Users\HP Omen\Desktop\CSIR_4PI\Medical-Segmentation\dataset\images\image_000766.png,C:\Users\HP Omen\Desktop\CSIR_4PI\Medical-Segmentation\dataset\masks\mask_000766.png
image_002577.png,mask_002577.png,C:\Users\HP Omen\Desktop\CSIR_4PI\Medical-Segmentation\dataset\images\image_002577.png,C:\Users\HP Omen\Desktop\CSIR_4PI\Medical-Segmentation\dataset\masks\mask_002577.png
image_001176.png,mask_001176.png,C:\Users\HP Omen\Desktop\CSIR_4PI\Medical-Segmentation\dataset\images\image_001176.png,C:\Users\HP Omen\Desktop\CSIR_4PI\Medical-Segmentation\dataset\masks\mask_001176.png
image_001079.png,mask_001079.png,C:\Users\HP Omen\Desktop\CSIR_4PI\Medical-Segmentation\dataset\images\image_001079.png,C:\Users\HP Omen\Desktop\CSIR_4PI\Medical-Segmentation\dataset\masks\mask_001079.png
image_002751.png,mask_002751.png,C:\Users\HP Omen\Desktop\CSIR_4PI\Medical-Segmentation\dataset\images\image_002751.png,C:\Users\HP Omen\Desktop\CSIR_4PI\Medical-Segmentation\dataset\masks\mask_002751.png
image_001447.png,mask_001447.png,C:\Users\HP Omen\Desktop\CSIR_4PI\Medical-Segmentation\dataset\images\image_001447.png,C:\Users\HP Omen\Desktop\CSIR_4PI\Medical-Segmentation\dataset\masks\mask_001447.png
image_002712.png,mask_002712.png,C:\Users\HP Omen\Desktop\CSIR_4PI\Medical-Segmentation\dataset\images\image_002712.png,C:\Users\HP Omen\Desktop\CSIR_4PI\Medical-Segmentation\dataset\masks\mask_002712.png
image_002980.png,mask_002980.png,C:\Users\HP Omen\Desktop\CSIR_4PI\Medical-Segmentation\dataset\images\image_002980.png,C:\Users\HP Omen\Desktop\CSIR_4PI\Medical-Segmentation\dataset\masks\mask_002980.png
image_000583.png,mask_000583.png,C:\Users\HP Omen\Desktop\CSIR_4PI\Medical-Segmentation\dataset\images\image_000583.png,C:\Users\HP Omen\Desktop\CSIR_4PI\Medical-Segmentation\dataset\masks\mask_000583.png
image_001830.png,mask_001830.png,C:\Users\HP Omen\Desktop\CSIR_4PI\Medical-Segmentation\dataset\images\image_001830.png,C:\Users\HP Omen\Desktop\CSIR_4PI\Medical-Segmentation\dataset\masks\mask_001830.png
image_003301.png,mask_003301.png,C:\Users\HP Omen\Desktop\CSIR_4PI\Medical-Segmentation\dataset\images\image_003301.png,C:\Users\HP Omen\Desktop\CSIR_4PI\Medical-Segmentation\dataset\masks\mask_003301.png
image_001158.png,mask_001158.png,C:\Users\HP Omen\Desktop\CSIR_4PI\Medical-Segmentation\dataset\images\image_001158.png,C:\Users\HP Omen\Desktop\CSIR_4PI\Medical-Segmentation\dataset\masks\mask_001158.png
image_000941.png,mask_000941.png,C:\Users\HP Omen\Desktop\CSIR_4PI\Medical-Segmentation\dataset\images\image_000941.png,C:\Users\HP Omen\Desktop\CSIR_4PI\Medical-Segmentation\dataset\masks\mask_000941.png
image_001081.png,mask_001081.png,C:\Users\HP Omen\Desktop\CSIR_4PI\Medical-Segmentation\dataset\images\image_001081.png,C:\Users\HP Omen\Desktop\CSIR_4PI\Medical-Segmentation\dataset\masks\mask_001081.png
image_000188.png,mask_000188.png,C:\Users\HP Omen\Desktop\CSIR_4PI\Medical-Segmentation\dataset\images\image_000188.png,C:\Users\HP Omen\Desktop\CSIR_4PI\Medical-Segmentation\dataset\masks\mask_000188.png
image_001745.png,mask_001745.png,C:\Users\HP Omen\Desktop\CSIR_4PI\Medical-Segmentation\dataset\images\image_001745.png,C:\Users\HP Omen\Desktop\CSIR_4PI\Medical-Segmentation\dataset\masks\mask_001745.png
image_002271.png,mask_002271.png,C:\Users\HP Omen\Desktop\CSIR_4PI\Medical-Segmentation\dataset\images\image_002271.png,C:\Users\HP Omen\Desktop\CSIR_4PI\Medical-Segmentation\dataset\masks\mask_002271.png
image_002633.png,mask_002633.png,C:\Users\HP Omen\Desktop\CSIR_4PI\Medical-Segmentation\dataset\images\image_002633.png,C:\Users\HP Omen\Desktop\CSIR_4PI\Medical-Segmentation\dataset\masks\mask_002633.png
image_002991.png,mask_002991.png,C:\Users\HP Omen\Desktop\CSIR_4PI\Medical-Segmentation\dataset\images\image_002991.png,C:\Users\HP Omen\Desktop\CSIR_4PI\Medical-Segmentation\dataset\masks\mask_002991.png
image_003887.png,mask_003887.png,C:\Users\HP Omen\Desktop\CSIR_4PI\Medical-Segmentation\dataset\images\image_003887.png,C:\Users\HP Omen\Desktop\CSIR_4PI\Medical-Segmentation\dataset\masks\mask_003887.png
image_003177.png,mask_003177.png,C:\Users\HP Omen\Desktop\CSIR_4PI\Medical-Segmentation\dataset\images\image_003177.png,C:\Users\HP Omen\Desktop\CSIR_4PI\Medical-Segmentation\dataset\masks\mask_003177.png
image_000227.png,mask_000227.png,C:\Users\HP Omen\Desktop\CSIR_4PI\Medical-Segmentation\dataset\images\image_000227.png,C:\Users\HP Omen\Desktop\CSIR_4PI\Medical-Segmentation\dataset\masks\mask_000227.png
image_001557.png,mask_001557.png,C:\Users\HP Omen\Desktop\CSIR_4PI\Medical-Segmentation\dataset\images\image_001557.png,C:\Users\HP Omen\Desktop\CSIR_4PI\Medical-Segmentation\dataset\masks\mask_001557.png
image_000536.png,mask_000536.png,C:\Users\HP Omen\Desktop\CSIR_4PI\Medical-Segmentation\dataset\images\image_000536.png,C:\Users\HP Omen\Desktop\CSIR_4PI\Medical-Segmentation\dataset\masks\mask_000536.png
image_002343.png,mask_002343.png,C:\Users\HP Omen\Desktop\CSIR_4PI\Medical-Segmentation\dataset\images\image_002343.png,C:\Users\HP Omen\Desktop\CSIR_4PI\Medical-Segmentation\dataset\masks\mask_002343.png
image_003166.png,mask_003166.png,C:\Users\HP Omen\Desktop\CSIR_4PI\Medical-Segmentation\dataset\images\image_003166.png,C:\Users\HP Omen\Desktop\CSIR_4PI\Medical-Segmentation\dataset\masks\mask_003166.png
image_003879.png,mask_003879.png,C:\Users\HP Omen\Desktop\CSIR_4PI\Medical-Segmentation\dataset\images\image_003879.png,C:\Users\HP Omen\Desktop\CSIR_4PI\Medical-Segmentation\dataset\masks\mask_003879.png
image_000698.png,mask_000698.png,C:\Users\HP Omen\Desktop\CSIR_4PI\Medical-Segmentation\dataset\images\image_000698.png,C:\Users\HP Omen\Desktop\CSIR_4PI\Medical-Segmentation\dataset\masks\mask_000698.png
image_003691.png,mask_003691.png,C:\Users\HP Omen\Desktop\CSIR_4PI\Medical-Segmentation\dataset\images\image_003691.png,C:\Users\HP Omen\Desktop\CSIR_4PI\Medical-Segmentation\dataset\masks\mask_003691.png
image_002527.png,mask_002527.png,C:\Users\HP Omen\Desktop\CSIR_4PI\Medical-Segmentation\dataset\images\image_002527.png,C:\Users\HP Omen\Desktop\CSIR_4PI\Medical-Segmentation\dataset\masks\mask_002527.png
image_001715.png,mask_001715.png,C:\Users\HP Omen\Desktop\CSIR_4PI\Medical-Segmentation\dataset\images\image_001715.png,C:\Users\HP Omen\Desktop\CSIR_4PI\Medical-Segmentation\dataset\masks\mask_001715.png
image_003565.png,mask_003565.png,C:\Users\HP Omen\Desktop\CSIR_4PI\Medical-Segmentation\dataset\images\image_003565.png,C:\Users\HP Omen\Desktop\CSIR_4PI\Medical-Segmentation\dataset\masks\mask_003565.png
image_002508.png,mask_002508.png,C:\Users\HP Omen\Desktop\CSIR_4PI\Medical-Segmentation\dataset\images\image_002508.png,C:\Users\HP Omen\Desktop\CSIR_4PI\Medical-Segmentation\dataset\masks\mask_002508.png
image_001038.png,mask_001038.png,C:\Users\HP Omen\Desktop\CSIR_4PI\Medical-Segmentation\dataset\images\image_001038.png,C:\Users\HP Omen\Desktop\CSIR_4PI\Medical-Segmentation\dataset\masks\mask_001038.png
image_000209.png,mask_000209.png,C:\Users\HP Omen\Desktop\CSIR_4PI\Medical-Segmentation\dataset\images\image_000209.png,C:\Users\HP Omen\Desktop\CSIR_4PI\Medical-Segmentation\dataset\masks\mask_000209.png
image_001430.png,mask_001430.png,C:\Users\HP Omen\Desktop\CSIR_4PI\Medical-Segmentation\dataset\images\image_001430.png,C:\Users\HP Omen\Desktop\CSIR_4PI\Medical-Segmentation\dataset\masks\mask_001430.png
image_000566.png,mask_000566.png,C:\Users\HP Omen\Desktop\CSIR_4PI\Medical-Segmentation\dataset\images\image_000566.png,C:\Users\HP Omen\Desktop\CSIR_4PI\Medical-Segmentation\dataset\masks\mask_000566.png
image_000314.png,mask_000314.png,C:\Users\HP Omen\Desktop\CSIR_4PI\Medical-Segmentation\dataset\images\image_000314.png,C:\Users\HP Omen\Desktop\CSIR_4PI\Medical-Segmentation\dataset\masks\mask_000314.png
image_000602.png,mask_000602.png,C:\Users\HP Omen\Desktop\CSIR_4PI\Medical-Segmentation\dataset\images\image_000602.png,C:\Users\HP Omen\Desktop\CSIR_4PI\Medical-Segmentation\dataset\masks\mask_000602.png
image_000234.png,mask_000234.png,C:\Users\HP Omen\Desktop\CSIR_4PI\Medical-Segmentation\dataset\images\image_000234.png,C:\Users\HP Omen\Desktop\CSIR_4PI\Medical-Segmentation\dataset\masks\mask_000234.png
image_003180.png,mask_003180.png,C:\Users\HP Omen\Desktop\CSIR_4PI\Medical-Segmentation\dataset\images\image_003180.png,C:\Users\HP Omen\Desktop\CSIR_4PI\Medical-Segmentation\dataset\masks\mask_003180.png
image_002252.png,mask_002252.png,C:\Users\HP Omen\Desktop\CSIR_4PI\Medical-Segmentation\dataset\images\image_002252.png,C:\Users\HP Omen\Desktop\CSIR_4PI\Medical-Segmentation\dataset\masks\mask_002252.png
image_003216.png,mask_003216.png,C:\Users\HP Omen\Desktop\CSIR_4PI\Medical-Segmentation\dataset\images\image_003216.png,C:\Users\HP Omen\Desktop\CSIR_4PI\Medical-Segmentation\dataset\masks\mask_003216.png
image_001362.png,mask_001362.png,C:\Users\HP Omen\Desktop\CSIR_4PI\Medical-Segmentation\dataset\images\image_001362.png,C:\Users\HP Omen\Desktop\CSIR_4PI\Medical-Segmentation\dataset\masks\mask_001362.png
image_000112.png,mask_000112.png,C:\Users\HP Omen\Desktop\CSIR_4PI\Medical-Segmentation\dataset\images\image_000112.png,C:\Users\HP Omen\Desktop\CSIR_4PI\Medical-Segmentation\dataset\masks\mask_000112.png
image_002310.png,mask_002310.png,C:\Users\HP Omen\Desktop\CSIR_4PI\Medical-Segmentation\dataset\images\image_002310.png,C:\Users\HP Omen\Desktop\CSIR_4PI\Medical-Segmentation\dataset\masks\mask_002310.png
image_001090.png,mask_001090.png,C:\Users\HP Omen\Desktop\CSIR_4PI\Medical-Segmentation\dataset\images\image_001090.png,C:\Users\HP Omen\Desktop\CSIR_4PI\Medical-Segmentation\dataset\masks\mask_001090.png
image_002698.png,mask_002698.png,C:\Users\HP Omen\Desktop\CSIR_4PI\Medical-Segmentation\dataset\images\image_002698.png,C:\Users\HP Omen\Desktop\CSIR_4PI\Medical-Segmentation\dataset\masks\mask_002698.png
image_001955.png,mask_001955.png,C:\Users\HP Omen\Desktop\CSIR_4PI\Medical-Segmentation\dataset\images\image_001955.png,C:\Users\HP Omen\Desktop\CSIR_4PI\Medical-Segmentation\dataset\masks\mask_001955.png
image_003082.png,mask_003082.png,C:\Users\HP Omen\Desktop\CSIR_4PI\Medical-Segmentation\dataset\images\image_003082.png,C:\Users\HP Omen\Desktop\CSIR_4PI\Medical-Segmentation\dataset\masks\mask_003082.png
image_001973.png,mask_001973.png,C:\Users\HP Omen\Desktop\CSIR_4PI\Medical-Segmentation\dataset\images\image_001973.png,C:\Users\HP Omen\Desktop\CSIR_4PI\Medical-Segmentation\dataset\masks\mask_001973.png
image_000473.png,mask_000473.png,C:\Users\HP Omen\Desktop\CSIR_4PI\Medical-Segmentation\dataset\images\image_000473.png,C:\Users\HP Omen\Desktop\CSIR_4PI\Medical-Segmentation\dataset\masks\mask_000473.png
image_002060.png,mask_002060.png,C:\Users\HP Omen\Desktop\CSIR_4PI\Medical-Segmentation\dataset\images\image_002060.png,C:\Users\HP Omen\Desktop\CSIR_4PI\Medical-Segmentation\dataset\masks\mask_002060.png
image_001518.png,mask_001518.png,C:\Users\HP Omen\Desktop\CSIR_4PI\Medical-Segmentation\dataset\images\image_001518.png,C:\Users\HP Omen\Desktop\CSIR_4PI\Medical-Segmentation\dataset\masks\mask_001518.png
image_001755.png,mask_001755.png,C:\Users\HP Omen\Desktop\CSIR_4PI\Medical-Segmentation\dataset\images\image_001755.png,C:\Users\HP Omen\Desktop\CSIR_4PI\Medical-Segmentation\dataset\masks\mask_001755.png
image_001201.png,mask_001201.png,C:\Users\HP Omen\Desktop\CSIR_4PI\Medical-Segmentation\dataset\images\image_001201.png,C:\Users\HP Omen\Desktop\CSIR_4PI\Medical-Segmentation\dataset\masks\mask_001201.png
image_001537.png,mask_001537.png,C:\Users\HP Omen\Desktop\CSIR_4PI\Medical-Segmentation\dataset\images\image_001537.png,C:\Users\HP Omen\Desktop\CSIR_4PI\Medical-Segmentation\dataset\masks\mask_001537.png
image_000362.png,mask_000362.png,C:\Users\HP Omen\Desktop\CSIR_4PI\Medical-Segmentation\dataset\images\image_000362.png,C:\Users\HP Omen\Desktop\CSIR_4PI\Medical-Segmentation\dataset\masks\mask_000362.png
image_000136.png,mask_000136.png,C:\Users\HP Omen\Desktop\CSIR_4PI\Medical-Segmentation\dataset\images\image_000136.png,C:\Users\HP Omen\Desktop\CSIR_4PI\Medical-Segmentation\dataset\masks\mask_000136.png
image_001135.png,mask_001135.png,C:\Users\HP Omen\Desktop\CSIR_4PI\Medical-Segmentation\dataset\images\image_001135.png,C:\Users\HP Omen\Desktop\CSIR_4PI\Medical-Segmentation\dataset\masks\mask_001135.png
image_001152.png,mask_001152.png,C:\Users\HP Omen\Desktop\CSIR_4PI\Medical-Segmentation\dataset\images\image_001152.png,C:\Users\HP Omen\Desktop\CSIR_4PI\Medical-Segmentation\dataset\masks\mask_001152.png
image_002426.png,mask_002426.png,C:\Users\HP Omen\Desktop\CSIR_4PI\Medical-Segmentation\dataset\images\image_002426.png,C:\Users\HP Omen\Desktop\CSIR_4PI\Medical-Segmentation\dataset\masks\mask_002426.png
image_001054.png,mask_001054.png,C:\Users\HP Omen\Desktop\CSIR_4PI\Medical-Segmentation\dataset\images\image_001054.png,C:\Users\HP Omen\Desktop\CSIR_4PI\Medical-Segmentation\dataset\masks\mask_001054.png
image_003264.png,mask_003264.png,C:\Users\HP Omen\Desktop\CSIR_4PI\Medical-Segmentation\dataset\images\image_003264.png,C:\Users\HP Omen\Desktop\CSIR_4PI\Medical-Segmentation\dataset\masks\mask_003264.png
image_000023.png,mask_000023.png,C:\Users\HP Omen\Desktop\CSIR_4PI\Medical-Segmentation\dataset\images\image_000023.png,C:\Users\HP Omen\Desktop\CSIR_4PI\Medical-Segmentation\dataset\masks\mask_000023.png
image_003577.png,mask_003577.png,C:\Users\HP Omen\Desktop\CSIR_4PI\Medical-Segmentation\dataset\images\image_003577.png,C:\Users\HP Omen\Desktop\CSIR_4PI\Medical-Segmentation\dataset\masks\mask_003577.png
image_001790.png,mask_001790.png,C:\Users\HP Omen\Desktop\CSIR_4PI\Medical-Segmentation\dataset\images\image_001790.png,C:\Users\HP Omen\Desktop\CSIR_4PI\Medical-Segmentation\dataset\masks\mask_001790.png
image_003793.png,mask_003793.png,C:\Users\HP Omen\Desktop\CSIR_4PI\Medical-Segmentation\dataset\images\image_003793.png,C:\Users\HP Omen\Desktop\CSIR_4PI\Medical-Segmentation\dataset\masks\mask_003793.png
image_000696.png,mask_000696.png,C:\Users\HP Omen\Desktop\CSIR_4PI\Medical-Segmentation\dataset\images\image_000696.png,C:\Users\HP Omen\Desktop\CSIR_4PI\Medical-Segmentation\dataset\masks\mask_000696.png
image_000421.png,mask_000421.png,C:\Users\HP Omen\Desktop\CSIR_4PI\Medical-Segmentation\dataset\images\image_000421.png,C:\Users\HP Omen\Desktop\CSIR_4PI\Medical-Segmentation\dataset\masks\mask_000421.png
image_003816.png,mask_003816.png,C:\Users\HP Omen\Desktop\CSIR_4PI\Medical-Segmentation\dataset\images\image_003816.png,C:\Users\HP Omen\Desktop\CSIR_4PI\Medical-Segmentation\dataset\masks\mask_003816.png
image_000461.png,mask_000461.png,C:\Users\HP Omen\Desktop\CSIR_4PI\Medical-Segmentation\dataset\images\image_000461.png,C:\Users\HP Omen\Desktop\CSIR_4PI\Medical-Segmentation\dataset\masks\mask_000461.png
image_001068.png,mask_001068.png,C:\Users\HP Omen\Desktop\CSIR_4PI\Medical-Segmentation\dataset\images\image_001068.png,C:\Users\HP Omen\Desktop\CSIR_4PI\Medical-Segmentation\dataset\masks\mask_001068.png
image_000088.png,mask_000088.png,C:\Users\HP Omen\Desktop\CSIR_4PI\Medical-Segmentation\dataset\images\image_000088.png,C:\Users\HP Omen\Desktop\CSIR_4PI\Medical-Segmentation\dataset\masks\mask_000088.png
image_000283.png,mask_000283.png,C:\Users\HP Omen\Desktop\CSIR_4PI\Medical-Segmentation\dataset\images\image_000283.png,C:\Users\HP Omen\Desktop\CSIR_4PI\Medical-Segmentation\dataset\masks\mask_000283.png
image_001812.png,mask_001812.png,C:\Users\HP Omen\Desktop\CSIR_4PI\Medical-Segmentation\dataset\images\image_001812.png,C:\Users\HP Omen\Desktop\CSIR_4PI\Medical-Segmentation\dataset\masks\mask_001812.png
image_003874.png,mask_003874.png,C:\Users\HP Omen\Desktop\CSIR_4PI\Medical-Segmentation\dataset\images\image_003874.png,C:\Users\HP Omen\Desktop\CSIR_4PI\Medical-Segmentation\dataset\masks\mask_003874.png
image_001361.png,mask_001361.png,C:\Users\HP Omen\Desktop\CSIR_4PI\Medical-Segmentation\dataset\images\image_001361.png,C:\Users\HP Omen\Desktop\CSIR_4PI\Medical-Segmentation\dataset\masks\mask_001361.png
image_003730.png,mask_003730.png,C:\Users\HP Omen\Desktop\CSIR_4PI\Medical-Segmentation\dataset\images\image_003730.png,C:\Users\HP Omen\Desktop\CSIR_4PI\Medical-Segmentation\dataset\masks\mask_003730.png
image_001838.png,mask_001838.png,C:\Users\HP Omen\Desktop\CSIR_4PI\Medical-Segmentation\dataset\images\image_001838.png,C:\Users\HP Omen\Desktop\CSIR_4PI\Medical-Segmentation\dataset\masks\mask_001838.png
image_000860.png,mask_000860.png,C:\Users\HP Omen\Desktop\CSIR_4PI\Medical-Segmentation\dataset\images\image_000860.png,C:\Users\HP Omen\Desktop\CSIR_4PI\Medical-Segmentation\dataset\masks\mask_000860.png
image_000534.png,mask_000534.png,C:\Users\HP Omen\Desktop\CSIR_4PI\Medical-Segmentation\dataset\images\image_000534.png,C:\Users\HP Omen\Desktop\CSIR_4PI\Medical-Segmentation\dataset\masks\mask_000534.png
image_003198.png,mask_003198.png,C:\Users\HP Omen\Desktop\CSIR_4PI\Medical-Segmentation\dataset\images\image_003198.png,C:\Users\HP Omen\Desktop\CSIR_4PI\Medical-Segmentation\dataset\masks\mask_003198.png
image_002985.png,mask_002985.png,C:\Users\HP Omen\Desktop\CSIR_4PI\Medical-Segmentation\dataset\images\image_002985.png,C:\Users\HP Omen\Desktop\CSIR_4PI\Medical-Segmentation\dataset\masks\mask_002985.png
image_002375.png,mask_002375.png,C:\Users\HP Omen\Desktop\CSIR_4PI\Medical-Segmentation\dataset\images\image_002375.png,C:\Users\HP Omen\Desktop\CSIR_4PI\Medical-Segmentation\dataset\masks\mask_002375.png
image_003713.png,mask_003713.png,C:\Users\HP Omen\Desktop\CSIR_4PI\Medical-Segmentation\dataset\images\image_003713.png,C:\Users\HP Omen\Desktop\CSIR_4PI\Medical-Segmentation\dataset\masks\mask_003713.png
image_003818.png,mask_003818.png,C:\Users\HP Omen\Desktop\CSIR_4PI\Medical-Segmentation\dataset\images\image_003818.png,C:\Users\HP Omen\Desktop\CSIR_4PI\Medical-Segmentation\dataset\masks\mask_003818.png
image_002756.png,mask_002756.png,C:\Users\HP Omen\Desktop\CSIR_4PI\Medical-Segmentation\dataset\images\image_002756.png,C:\Users\HP Omen\Desktop\CSIR_4PI\Medical-Segmentation\dataset\masks\mask_002756.png
image_003558.png,mask_003558.png,C:\Users\HP Omen\Desktop\CSIR_4PI\Medical-Segmentation\dataset\images\image_003558.png,C:\Users\HP Omen\Desktop\CSIR_4PI\Medical-Segmentation\dataset\masks\mask_003558.png
image_003869.png,mask_003869.png,C:\Users\HP Omen\Desktop\CSIR_4PI\Medical-Segmentation\dataset\images\image_003869.png,C:\Users\HP Omen\Desktop\CSIR_4PI\Medical-Segmentation\dataset\masks\mask_003869.png
image_001445.png,mask_001445.png,C:\Users\HP Omen\Desktop\CSIR_4PI\Medical-Segmentation\dataset\images\image_001445.png,C:\Users\HP Omen\Desktop\CSIR_4PI\Medical-Segmentation\dataset\masks\mask_001445.png
image_001587.png,mask_001587.png,C:\Users\HP Omen\Desktop\CSIR_4PI\Medical-Segmentation\dataset\images\image_001587.png,C:\Users\HP Omen\Desktop\CSIR_4PI\Medical-Segmentation\dataset\masks\mask_001587.png
image_003319.png,mask_003319.png,C:\Users\HP Omen\Desktop\CSIR_4PI\Medical-Segmentation\dataset\images\image_003319.png,C:\Users\HP Omen\Desktop\CSIR_4PI\Medical-Segmentation\dataset\masks\mask_003319.png
image_003839.png,mask_003839.png,C:\Users\HP Omen\Desktop\CSIR_4PI\Medical-Segmentation\dataset\images\image_003839.png,C:\Users\HP Omen\Desktop\CSIR_4PI\Medical-Segmentation\dataset\masks\mask_003839.png
image_002213.png,mask_002213.png,C:\Users\HP Omen\Desktop\CSIR_4PI\Medical-Segmentation\dataset\images\image_002213.png,C:\Users\HP Omen\Desktop\CSIR_4PI\Medical-Segmentation\dataset\masks\mask_002213.png
image_000943.png,mask_000943.png,C:\Users\HP Omen\Desktop\CSIR_4PI\Medical-Segmentation\dataset\images\image_000943.png,C:\Users\HP Omen\Desktop\CSIR_4PI\Medical-Segmentation\dataset\masks\mask_000943.png
image_003777.png,mask_003777.png,C:\Users\HP Omen\Desktop\CSIR_4PI\Medical-Segmentation\dataset\images\image_003777.png,C:\Users\HP Omen\Desktop\CSIR_4PI\Medical-Segmentation\dataset\masks\mask_003777.png
image_001351.png,mask_001351.png,C:\Users\HP Omen\Desktop\CSIR_4PI\Medical-Segmentation\dataset\images\image_001351.png,C:\Users\HP Omen\Desktop\CSIR_4PI\Medical-Segmentation\dataset\masks\mask_001351.png
image_002177.png,mask_002177.png,C:\Users\HP Omen\Desktop\CSIR_4PI\Medical-Segmentation\dataset\images\image_002177.png,C:\Users\HP Omen\Desktop\CSIR_4PI\Medical-Segmentation\dataset\masks\mask_002177.png
image_000122.png,mask_000122.png,C:\Users\HP Omen\Desktop\CSIR_4PI\Medical-Segmentation\dataset\images\image_000122.png,C:\Users\HP Omen\Desktop\CSIR_4PI\Medical-Segmentation\dataset\masks\mask_000122.png
image_000888.png,mask_000888.png,C:\Users\HP Omen\Desktop\CSIR_4PI\Medical-Segmentation\dataset\images\image_000888.png,C:\Users\HP Omen\Desktop\CSIR_4PI\Medical-Segmentation\dataset\masks\mask_000888.png
image_002790.png,mask_002790.png,C:\Users\HP Omen\Desktop\CSIR_4PI\Medical-Segmentation\dataset\images\image_002790.png,C:\Users\HP Omen\Desktop\CSIR_4PI\Medical-Segmentation\dataset\masks\mask_002790.png
image_000686.png,mask_000686.png,C:\Users\HP Omen\Desktop\CSIR_4PI\Medical-Segmentation\dataset\images\image_000686.png,C:\Users\HP Omen\Desktop\CSIR_4PI\Medical-Segmentation\dataset\masks\mask_000686.png
image_003450.png,mask_003450.png,C:\Users\HP Omen\Desktop\CSIR_4PI\Medical-Segmentation\dataset\images\image_003450.png,C:\Users\HP Omen\Desktop\CSIR_4PI\Medical-Segmentation\dataset\masks\mask_003450.png
image_000414.png,mask_000414.png,C:\Users\HP Omen\Desktop\CSIR_4PI\Medical-Segmentation\dataset\images\image_000414.png,C:\Users\HP Omen\Desktop\CSIR_4PI\Medical-Segmentation\dataset\masks\mask_000414.png
image_000790.png,mask_000790.png,C:\Users\HP Omen\Desktop\CSIR_4PI\Medical-Segmentation\dataset\images\image_000790.png,C:\Users\HP Omen\Desktop\CSIR_4PI\Medical-Segmentation\dataset\masks\mask_000790.png
image_002719.png,mask_002719.png,C:\Users\HP Omen\Desktop\CSIR_4PI\Medical-Segmentation\dataset\images\image_002719.png,C:\Users\HP Omen\Desktop\CSIR_4PI\Medical-Segmentation\dataset\masks\mask_002719.png
image_002824.png,mask_002824.png,C:\Users\HP Omen\Desktop\CSIR_4PI\Medical-Segmentation\dataset\images\image_002824.png,C:\Users\HP Omen\Desktop\CSIR_4PI\Medical-Segmentation\dataset\masks\mask_002824.png
image_001426.png,mask_001426.png,C:\Users\HP Omen\Desktop\CSIR_4PI\Medical-Segmentation\dataset\images\image_001426.png,C:\Users\HP Omen\Desktop\CSIR_4PI\Medical-Segmentation\dataset\masks\mask_001426.png
image_003275.png,mask_003275.png,C:\Users\HP Omen\Desktop\CSIR_4PI\Medical-Segmentation\dataset\images\image_003275.png,C:\Users\HP Omen\Desktop\CSIR_4PI\Medical-Segmentation\dataset\masks\mask_003275.png
image_001346.png,mask_001346.png,C:\Users\HP Omen\Desktop\CSIR_4PI\Medical-Segmentation\dataset\images\image_001346.png,C:\Users\HP Omen\Desktop\CSIR_4PI\Medical-Segmentation\dataset\masks\mask_001346.png
image_003569.png,mask_003569.png,C:\Users\HP Omen\Desktop\CSIR_4PI\Medical-Segmentation\dataset\images\image_003569.png,C:\Users\HP Omen\Desktop\CSIR_4PI\Medical-Segmentation\dataset\masks\mask_003569.png
image_000273.png,mask_000273.png,C:\Users\HP Omen\Desktop\CSIR_4PI\Medical-Segmentation\dataset\images\image_000273.png,C:\Users\HP Omen\Desktop\CSIR_4PI\Medical-Segmentation\dataset\masks\mask_000273.png
image_001728.png,mask_001728.png,C:\Users\HP Omen\Desktop\CSIR_4PI\Medical-Segmentation\dataset\images\image_001728.png,C:\Users\HP Omen\Desktop\CSIR_4PI\Medical-Segmentation\dataset\masks\mask_001728.png
image_000522.png,mask_000522.png,C:\Users\HP Omen\Desktop\CSIR_4PI\Medical-Segmentation\dataset\images\image_000522.png,C:\Users\HP Omen\Desktop\CSIR_4PI\Medical-Segmentation\dataset\masks\mask_000522.png
image_000523.png,mask_000523.png,C:\Users\HP Omen\Desktop\CSIR_4PI\Medical-Segmentation\dataset\images\image_000523.png,C:\Users\HP Omen\Desktop\CSIR_4PI\Medical-Segmentation\dataset\masks\mask_000523.png
image_001847.png,mask_001847.png,C:\Users\HP Omen\Desktop\CSIR_4PI\Medical-Segmentation\dataset\images\image_001847.png,C:\Users\HP Omen\Desktop\CSIR_4PI\Medical-Segmentation\dataset\masks\mask_001847.png
image_000351.png,mask_000351.png,C:\Users\HP Omen\Desktop\CSIR_4PI\Medical-Segmentation\dataset\images\image_000351.png,C:\Users\HP Omen\Desktop\CSIR_4PI\Medical-Segmentation\dataset\masks\mask_000351.png
image_002958.png,mask_002958.png,C:\Users\HP Omen\Desktop\CSIR_4PI\Medical-Segmentation\dataset\images\image_002958.png,C:\Users\HP Omen\Desktop\CSIR_4PI\Medical-Segmentation\dataset\masks\mask_002958.png
image_002515.png,mask_002515.png,C:\Users\HP Omen\Desktop\CSIR_4PI\Medical-Segmentation\dataset\images\image_002515.png,C:\Users\HP Omen\Desktop\CSIR_4PI\Medical-Segmentation\dataset\masks\mask_002515.png
image_003058.png,mask_003058.png,C:\Users\HP Omen\Desktop\CSIR_4PI\Medical-Segmentation\dataset\images\image_003058.png,C:\Users\HP Omen\Desktop\CSIR_4PI\Medical-Segmentation\dataset\masks\mask_003058.png
image_002304.png,mask_002304.png,C:\Users\HP Omen\Desktop\CSIR_4PI\Medical-Segmentation\dataset\images\image_002304.png,C:\Users\HP Omen\Desktop\CSIR_4PI\Medical-Segmentation\dataset\masks\mask_002304.png
image_000652.png,mask_000652.png,C:\Users\HP Omen\Desktop\CSIR_4PI\Medical-Segmentation\dataset\images\image_000652.png,C:\Users\HP Omen\Desktop\CSIR_4PI\Medical-Segmentation\dataset\masks\mask_000652.png
image_002484.png,mask_002484.png,C:\Users\HP Omen\Desktop\CSIR_4PI\Medical-Segmentation\dataset\images\image_002484.png,C:\Users\HP Omen\Desktop\CSIR_4PI\Medical-Segmentation\dataset\masks\mask_002484.png
image_003387.png,mask_003387.png,C:\Users\HP Omen\Desktop\CSIR_4PI\Medical-Segmentation\dataset\images\image_003387.png,C:\Users\HP Omen\Desktop\CSIR_4PI\Medical-Segmentation\dataset\masks\mask_003387.png
image_003875.png,mask_003875.png,C:\Users\HP Omen\Desktop\CSIR_4PI\Medical-Segmentation\dataset\images\image_003875.png,C:\Users\HP Omen\Desktop\CSIR_4PI\Medical-Segmentation\dataset\masks\mask_003875.png
image_001399.png,mask_001399.png,C:\Users\HP Omen\Desktop\CSIR_4PI\Medical-Segmentation\dataset\images\image_001399.png,C:\Users\HP Omen\Desktop\CSIR_4PI\Medical-Segmentation\dataset\masks\mask_001399.png
image_001887.png,mask_001887.png,C:\Users\HP Omen\Desktop\CSIR_4PI\Medical-Segmentation\dataset\images\image_001887.png,C:\Users\HP Omen\Desktop\CSIR_4PI\Medical-Segmentation\dataset\masks\mask_001887.png
image_001645.png,mask_001645.png,C:\Users\HP Omen\Desktop\CSIR_4PI\Medical-Segmentation\dataset\images\image_001645.png,C:\Users\HP Omen\Desktop\CSIR_4PI\Medical-Segmentation\dataset\masks\mask_001645.png
image_001867.png,mask_001867.png,C:\Users\HP Omen\Desktop\CSIR_4PI\Medical-Segmentation\dataset\images\image_001867.png,C:\Users\HP Omen\Desktop\CSIR_4PI\Medical-Segmentation\dataset\masks\mask_001867.png
image_000169.png,mask_000169.png,C:\Users\HP Omen\Desktop\CSIR_4PI\Medical-Segmentation\dataset\images\image_000169.png,C:\Users\HP Omen\Desktop\CSIR_4PI\Medical-Segmentation\dataset\masks\mask_000169.png
image_003645.png,mask_003645.png,C:\Users\HP Omen\Desktop\CSIR_4PI\Medical-Segmentation\dataset\images\image_003645.png,C:\Users\HP Omen\Desktop\CSIR_4PI\Medical-Segmentation\dataset\masks\mask_003645.png
image_000963.png,mask_000963.png,C:\Users\HP Omen\Desktop\CSIR_4PI\Medical-Segmentation\dataset\images\image_000963.png,C:\Users\HP Omen\Desktop\CSIR_4PI\Medical-Segmentation\dataset\masks\mask_000963.png
image_000946.png,mask_000946.png,C:\Users\HP Omen\Desktop\CSIR_4PI\Medical-Segmentation\dataset\images\image_000946.png,C:\Users\HP Omen\Desktop\CSIR_4PI\Medical-Segmentation\dataset\masks\mask_000946.png
image_000463.png,mask_000463.png,C:\Users\HP Omen\Desktop\CSIR_4PI\Medical-Segmentation\dataset\images\image_000463.png,C:\Users\HP Omen\Desktop\CSIR_4PI\Medical-Segmentation\dataset\masks\mask_000463.png
image_001746.png,mask_001746.png,C:\Users\HP Omen\Desktop\CSIR_4PI\Medical-Segmentation\dataset\images\image_001746.png,C:\Users\HP Omen\Desktop\CSIR_4PI\Medical-Segmentation\dataset\masks\mask_001746.png
image_000329.png,mask_000329.png,C:\Users\HP Omen\Desktop\CSIR_4PI\Medical-Segmentation\dataset\images\image_000329.png,C:\Users\HP Omen\Desktop\CSIR_4PI\Medical-Segmentation\dataset\masks\mask_000329.png
image_001599.png,mask_001599.png,C:\Users\HP Omen\Desktop\CSIR_4PI\Medical-Segmentation\dataset\images\image_001599.png,C:\Users\HP Omen\Desktop\CSIR_4PI\Medical-Segmentation\dataset\masks\mask_001599.png
image_002770.png,mask_002770.png,C:\Users\HP Omen\Desktop\CSIR_4PI\Medical-Segmentation\dataset\images\image_002770.png,C:\Users\HP Omen\Desktop\CSIR_4PI\Medical-Segmentation\dataset\masks\mask_002770.png
image_001862.png,mask_001862.png,C:\Users\HP Omen\Desktop\CSIR_4PI\Medical-Segmentation\dataset\images\image_001862.png,C:\Users\HP Omen\Desktop\CSIR_4PI\Medical-Segmentation\dataset\masks\mask_001862.png
image_003267.png,mask_003267.png,C:\Users\HP Omen\Desktop\CSIR_4PI\Medical-Segmentation\dataset\images\image_003267.png,C:\Users\HP Omen\Desktop\CSIR_4PI\Medical-Segmentation\dataset\masks\mask_003267.png
image_000368.png,mask_000368.png,C:\Users\HP Omen\Desktop\CSIR_4PI\Medical-Segmentation\dataset\images\image_000368.png,C:\Users\HP Omen\Desktop\CSIR_4PI\Medical-Segmentation\dataset\masks\mask_000368.png
image_003472.png,mask_003472.png,C:\Users\HP Omen\Desktop\CSIR_4PI\Medical-Segmentation\dataset\images\image_003472.png,C:\Users\HP Omen\Desktop\CSIR_4PI\Medical-Segmentation\dataset\masks\mask_003472.png
image_003257.png,mask_003257.png,C:\Users\HP Omen\Desktop\CSIR_4PI\Medical-Segmentation\dataset\images\image_003257.png,C:\Users\HP Omen\Desktop\CSIR_4PI\Medical-Segmentation\dataset\masks\mask_003257.png
image_002150.png,mask_002150.png,C:\Users\HP Omen\Desktop\CSIR_4PI\Medical-Segmentation\dataset\images\image_002150.png,C:\Users\HP Omen\Desktop\CSIR_4PI\Medical-Segmentation\dataset\masks\mask_002150.png
image_003347.png,mask_003347.png,C:\Users\HP Omen\Desktop\CSIR_4PI\Medical-Segmentation\dataset\images\image_003347.png,C:\Users\HP Omen\Desktop\CSIR_4PI\Medical-Segmentation\dataset\masks\mask_003347.png
image_000773.png,mask_000773.png,C:\Users\HP Omen\Desktop\CSIR_4PI\Medical-Segmentation\dataset\images\image_000773.png,C:\Users\HP Omen\Desktop\CSIR_4PI\Medical-Segmentation\dataset\masks\mask_000773.png
image_002494.png,mask_002494.png,C:\Users\HP Omen\Desktop\CSIR_4PI\Medical-Segmentation\dataset\images\image_002494.png,C:\Users\HP Omen\Desktop\CSIR_4PI\Medical-Segmentation\dataset\masks\mask_002494.png
image_003519.png,mask_003519.png,C:\Users\HP Omen\Desktop\CSIR_4PI\Medical-Segmentation\dataset\images\image_003519.png,C:\Users\HP Omen\Desktop\CSIR_4PI\Medical-Segmentation\dataset\masks\mask_003519.png
image_003090.png,mask_003090.png,C:\Users\HP Omen\Desktop\CSIR_4PI\Medical-Segmentation\dataset\images\image_003090.png,C:\Users\HP Omen\Desktop\CSIR_4PI\Medical-Segmentation\dataset\masks\mask_003090.png
image_000499.png,mask_000499.png,C:\Users\HP Omen\Desktop\CSIR_4PI\Medical-Segmentation\dataset\images\image_000499.png,C:\Users\HP Omen\Desktop\CSIR_4PI\Medical-Segmentation\dataset\masks\mask_000499.png
image_001235.png,mask_001235.png,C:\Users\HP Omen\Desktop\CSIR_4PI\Medical-Segmentation\dataset\images\image_001235.png,C:\Users\HP Omen\Desktop\CSIR_4PI\Medical-Segmentation\dataset\masks\mask_001235.png
image_002097.png,mask_002097.png,C:\Users\HP Omen\Desktop\CSIR_4PI\Medical-Segmentation\dataset\images\image_002097.png,C:\Users\HP Omen\Desktop\CSIR_4PI\Medical-Segmentation\dataset\masks\mask_002097.png
image_000436.png,mask_000436.png,C:\Users\HP Omen\Desktop\CSIR_4PI\Medical-Segmentation\dataset\images\image_000436.png,C:\Users\HP Omen\Desktop\CSIR_4PI\Medical-Segmentation\dataset\masks\mask_000436.png
image_001252.png,mask_001252.png,C:\Users\HP Omen\Desktop\CSIR_4PI\Medical-Segmentation\dataset\images\image_001252.png,C:\Users\HP Omen\Desktop\CSIR_4PI\Medical-Segmentation\dataset\masks\mask_001252.png
image_000366.png,mask_000366.png,C:\Users\HP Omen\Desktop\CSIR_4PI\Medical-Segmentation\dataset\images\image_000366.png,C:\Users\HP Omen\Desktop\CSIR_4PI\Medical-Segmentation\dataset\masks\mask_000366.png
image_002460.png,mask_002460.png,C:\Users\HP Omen\Desktop\CSIR_4PI\Medical-Segmentation\dataset\images\image_002460.png,C:\Users\HP Omen\Desktop\CSIR_4PI\Medical-Segmentation\dataset\masks\mask_002460.png
image_000277.png,mask_000277.png,C:\Users\HP Omen\Desktop\CSIR_4PI\Medical-Segmentation\dataset\images\image_000277.png,C:\Users\HP Omen\Desktop\CSIR_4PI\Medical-Segmentation\dataset\masks\mask_000277.png
image_002821.png,mask_002821.png,C:\Users\HP Omen\Desktop\CSIR_4PI\Medical-Segmentation\dataset\images\image_002821.png,C:\Users\HP Omen\Desktop\CSIR_4PI\Medical-Segmentation\dataset\masks\mask_002821.png
image_002530.png,mask_002530.png,C:\Users\HP Omen\Desktop\CSIR_4PI\Medical-Segmentation\dataset\images\image_002530.png,C:\Users\HP Omen\Desktop\CSIR_4PI\Medical-Segmentation\dataset\masks\mask_002530.png
image_001789.png,mask_001789.png,C:\Users\HP Omen\Desktop\CSIR_4PI\Medical-Segmentation\dataset\images\image_001789.png,C:\Users\HP Omen\Desktop\CSIR_4PI\Medical-Segmentation\dataset\masks\mask_001789.png
image_000408.png,mask_000408.png,C:\Users\HP Omen\Desktop\CSIR_4PI\Medical-Segmentation\dataset\images\image_000408.png,C:\Users\HP Omen\Desktop\CSIR_4PI\Medical-Segmentation\dataset\masks\mask_000408.png
image_001421.png,mask_001421.png,C:\Users\HP Omen\Desktop\CSIR_4PI\Medical-Segmentation\dataset\images\image_001421.png,C:\Users\HP Omen\Desktop\CSIR_4PI\Medical-Segmentation\dataset\masks\mask_001421.png
image_002496.png,mask_002496.png,C:\Users\HP Omen\Desktop\CSIR_4PI\Medical-Segmentation\dataset\images\image_002496.png,C:\Users\HP Omen\Desktop\CSIR_4PI\Medical-Segmentation\dataset\masks\mask_002496.png
image_002409.png,mask_002409.png,C:\Users\HP Omen\Desktop\CSIR_4PI\Medical-Segmentation\dataset\images\image_002409.png,C:\Users\HP Omen\Desktop\CSIR_4PI\Medical-Segmentation\dataset\masks\mask_002409.png
image_000845.png,mask_000845.png,C:\Users\HP Omen\Desktop\CSIR_4PI\Medical-Segmentation\dataset\images\image_000845.png,C:\Users\HP Omen\Desktop\CSIR_4PI\Medical-Segmentation\dataset\masks\mask_000845.png
image_001845.png,mask_001845.png,C:\Users\HP Omen\Desktop\CSIR_4PI\Medical-Segmentation\dataset\images\image_001845.png,C:\Users\HP Omen\Desktop\CSIR_4PI\Medical-Segmentation\dataset\masks\mask_001845.png
image_002708.png,mask_002708.png,C:\Users\HP Omen\Desktop\CSIR_4PI\Medical-Segmentation\dataset\images\image_002708.png,C:\Users\HP Omen\Desktop\CSIR_4PI\Medical-Segmentation\dataset\masks\mask_002708.png
image_000087.png,mask_000087.png,C:\Users\HP Omen\Desktop\CSIR_4PI\Medical-Segmentation\dataset\images\image_000087.png,C:\Users\HP Omen\Desktop\CSIR_4PI\Medical-Segmentation\dataset\masks\mask_000087.png
image_001492.png,mask_001492.png,C:\Users\HP Omen\Desktop\CSIR_4PI\Medical-Segmentation\dataset\images\image_001492.png,C:\Users\HP Omen\Desktop\CSIR_4PI\Medical-Segmentation\dataset\masks\mask_001492.png
image_001972.png,mask_001972.png,C:\Users\HP Omen\Desktop\CSIR_4PI\Medical-Segmentation\dataset\images\image_001972.png,C:\Users\HP Omen\Desktop\CSIR_4PI\Medical-Segmentation\dataset\masks\mask_001972.png
image_002357.png,mask_002357.png,C:\Users\HP Omen\Desktop\CSIR_4PI\Medical-Segmentation\dataset\images\image_002357.png,C:\Users\HP Omen\Desktop\CSIR_4PI\Medical-Segmentation\dataset\masks\mask_002357.png
image_001437.png,mask_001437.png,C:\Users\HP Omen\Desktop\CSIR_4PI\Medical-Segmentation\dataset\images\image_001437.png,C:\Users\HP Omen\Desktop\CSIR_4PI\Medical-Segmentation\dataset\masks\mask_001437.png
image_001489.png,mask_001489.png,C:\Users\HP Omen\Desktop\CSIR_4PI\Medical-Segmentation\dataset\images\image_001489.png,C:\Users\HP Omen\Desktop\CSIR_4PI\Medical-Segmentation\dataset\masks\mask_001489.png
image_000856.png,mask_000856.png,C:\Users\HP Omen\Desktop\CSIR_4PI\Medical-Segmentation\dataset\images\image_000856.png,C:\Users\HP Omen\Desktop\CSIR_4PI\Medical-Segmentation\dataset\masks\mask_000856.png
image_001566.png,mask_001566.png,C:\Users\HP Omen\Desktop\CSIR_4PI\Medical-Segmentation\dataset\images\image_001566.png,C:\Users\HP Omen\Desktop\CSIR_4PI\Medical-Segmentation\dataset\masks\mask_001566.png
image_000079.png,mask_000079.png,C:\Users\HP Omen\Desktop\CSIR_4PI\Medical-Segmentation\dataset\images\image_000079.png,C:\Users\HP Omen\Desktop\CSIR_4PI\Medical-Segmentation\dataset\masks\mask_000079.png
image_000945.png,mask_000945.png,C:\Users\HP Omen\Desktop\CSIR_4PI\Medical-Segmentation\dataset\images\image_000945.png,C:\Users\HP Omen\Desktop\CSIR_4PI\Medical-Segmentation\dataset\masks\mask_000945.png
image_000200.png,mask_000200.png,C:\Users\HP Omen\Desktop\CSIR_4PI\Medical-Segmentation\dataset\images\image_000200.png,C:\Users\HP Omen\Desktop\CSIR_4PI\Medical-Segmentation\dataset\masks\mask_000200.png
image_001651.png,mask_001651.png,C:\Users\HP Omen\Desktop\CSIR_4PI\Medical-Segmentation\dataset\images\image_001651.png,C:\Users\HP Omen\Desktop\CSIR_4PI\Medical-Segmentation\dataset\masks\mask_001651.png
image_002141.png,mask_002141.png,C:\Users\HP Omen\Desktop\CSIR_4PI\Medical-Segmentation\dataset\images\image_002141.png,C:\Users\HP Omen\Desktop\CSIR_4PI\Medical-Segmentation\dataset\masks\mask_002141.png
image_000802.png,mask_000802.png,C:\Users\HP Omen\Desktop\CSIR_4PI\Medical-Segmentation\dataset\images\image_000802.png,C:\Users\HP Omen\Desktop\CSIR_4PI\Medical-Segmentation\dataset\masks\mask_000802.png
image_002365.png,mask_002365.png,C:\Users\HP Omen\Desktop\CSIR_4PI\Medical-Segmentation\dataset\images\image_002365.png,C:\Users\HP Omen\Desktop\CSIR_4PI\Medical-Segmentation\dataset\masks\mask_002365.png
image_002471.png,mask_002471.png,C:\Users\HP Omen\Desktop\CSIR_4PI\Medical-Segmentation\dataset\images\image_002471.png,C:\Users\HP Omen\Desktop\CSIR_4PI\Medical-Segmentation\dataset\masks\mask_002471.png
image_001913.png,mask_001913.png,C:\Users\HP Omen\Desktop\CSIR_4PI\Medical-Segmentation\dataset\images\image_001913.png,C:\Users\HP Omen\Desktop\CSIR_4PI\Medical-Segmentation\dataset\masks\mask_001913.png
image_003448.png,mask_003448.png,C:\Users\HP Omen\Desktop\CSIR_4PI\Medical-Segmentation\dataset\images\image_003448.png,C:\Users\HP Omen\Desktop\CSIR_4PI\Medical-Segmentation\dataset\masks\mask_003448.png
image_000232.png,mask_000232.png,C:\Users\HP Omen\Desktop\CSIR_4PI\Medical-Segmentation\dataset\images\image_000232.png,C:\Users\HP Omen\Desktop\CSIR_4PI\Medical-Segmentation\dataset\masks\mask_000232.png
image_003001.png,mask_003001.png,C:\Users\HP Omen\Desktop\CSIR_4PI\Medical-Segmentation\dataset\images\image_003001.png,C:\Users\HP Omen\Desktop\CSIR_4PI\Medical-Segmentation\dataset\masks\mask_003001.png
image_002683.png,mask_002683.png,C:\Users\HP Omen\Desktop\CSIR_4PI\Medical-Segmentation\dataset\images\image_002683.png,C:\Users\HP Omen\Desktop\CSIR_4PI\Medical-Segmentation\dataset\masks\mask_002683.png
image_003717.png,mask_003717.png,C:\Users\HP Omen\Desktop\CSIR_4PI\Medical-Segmentation\dataset\images\image_003717.png,C:\Users\HP Omen\Desktop\CSIR_4PI\Medical-Segmentation\dataset\masks\mask_003717.png
image_002186.png,mask_002186.png,C:\Users\HP Omen\Desktop\CSIR_4PI\Medical-Segmentation\dataset\images\image_002186.png,C:\Users\HP Omen\Desktop\CSIR_4PI\Medical-Segmentation\dataset\masks\mask_002186.png
image_002209.png,mask_002209.png,C:\Users\HP Omen\Desktop\CSIR_4PI\Medical-Segmentation\dataset\images\image_002209.png,C:\Users\HP Omen\Desktop\CSIR_4PI\Medical-Segmentation\dataset\masks\mask_002209.png
image_002289.png,mask_002289.png,C:\Users\HP Omen\Desktop\CSIR_4PI\Medical-Segmentation\dataset\images\image_002289.png,C:\Users\HP Omen\Desktop\CSIR_4PI\Medical-Segmentation\dataset\masks\mask_002289.png
image_001843.png,mask_001843.png,C:\Users\HP Omen\Desktop\CSIR_4PI\Medical-Segmentation\dataset\images\image_001843.png,C:\Users\HP Omen\Desktop\CSIR_4PI\Medical-Segmentation\dataset\masks\mask_001843.png
image_002749.png,mask_002749.png,C:\Users\HP Omen\Desktop\CSIR_4PI\Medical-Segmentation\dataset\images\image_002749.png,C:\Users\HP Omen\Desktop\CSIR_4PI\Medical-Segmentation\dataset\masks\mask_002749.png
image_003752.png,mask_003752.png,C:\Users\HP Omen\Desktop\CSIR_4PI\Medical-Segmentation\dataset\images\image_003752.png,C:\Users\HP Omen\Desktop\CSIR_4PI\Medical-Segmentation\dataset\masks\mask_003752.png
image_001144.png,mask_001144.png,C:\Users\HP Omen\Desktop\CSIR_4PI\Medical-Segmentation\dataset\images\image_001144.png,C:\Users\HP Omen\Desktop\CSIR_4PI\Medical-Segmentation\dataset\masks\mask_001144.png
image_003849.png,mask_003849.png,C:\Users\HP Omen\Desktop\CSIR_4PI\Medical-Segmentation\dataset\images\image_003849.png,C:\Users\HP Omen\Desktop\CSIR_4PI\Medical-Segmentation\dataset\masks\mask_003849.png
image_000192.png,mask_000192.png,C:\Users\HP Omen\Desktop\CSIR_4PI\Medical-Segmentation\dataset\images\image_000192.png,C:\Users\HP Omen\Desktop\CSIR_4PI\Medical-Segmentation\dataset\masks\mask_000192.png
image_000105.png,mask_000105.png,C:\Users\HP Omen\Desktop\CSIR_4PI\Medical-Segmentation\dataset\images\image_000105.png,C:\Users\HP Omen\Desktop\CSIR_4PI\Medical-Segmentation\dataset\masks\mask_000105.png
image_002906.png,mask_002906.png,C:\Users\HP Omen\Desktop\CSIR_4PI\Medical-Segmentation\dataset\images\image_002906.png,C:\Users\HP Omen\Desktop\CSIR_4PI\Medical-Segmentation\dataset\masks\mask_002906.png
image_001779.png,mask_001779.png,C:\Users\HP Omen\Desktop\CSIR_4PI\Medical-Segmentation\dataset\images\image_001779.png,C:\Users\HP Omen\Desktop\CSIR_4PI\Medical-Segmentation\dataset\masks\mask_001779.png
image_001338.png,mask_001338.png,C:\Users\HP Omen\Desktop\CSIR_4PI\Medical-Segmentation\dataset\images\image_001338.png,C:\Users\HP Omen\Desktop\CSIR_4PI\Medical-Segmentation\dataset\masks\mask_001338.png
image_001718.png,mask_001718.png,C:\Users\HP Omen\Desktop\CSIR_4PI\Medical-Segmentation\dataset\images\image_001718.png,C:\Users\HP Omen\Desktop\CSIR_4PI\Medical-Segmentation\dataset\masks\mask_001718.png
image_001583.png,mask_001583.png,C:\Users\HP Omen\Desktop\CSIR_4PI\Medical-Segmentation\dataset\images\image_001583.png,C:\Users\HP Omen\Desktop\CSIR_4PI\Medical-Segmentation\dataset\masks\mask_001583.png
image_002657.png,mask_002657.png,C:\Users\HP Omen\Desktop\CSIR_4PI\Medical-Segmentation\dataset\images\image_002657.png,C:\Users\HP Omen\Desktop\CSIR_4PI\Medical-Segmentation\dataset\masks\mask_002657.png
image_002108.png,mask_002108.png,C:\Users\HP Omen\Desktop\CSIR_4PI\Medical-Segmentation\dataset\images\image_002108.png,C:\Users\HP Omen\Desktop\CSIR_4PI\Medical-Segmentation\dataset\masks\mask_002108.png
image_002705.png,mask_002705.png,C:\Users\HP Omen\Desktop\CSIR_4PI\Medical-Segmentation\dataset\images\image_002705.png,C:\Users\HP Omen\Desktop\CSIR_4PI\Medical-Segmentation\dataset\masks\mask_002705.png
image_002999.png,mask_002999.png,C:\Users\HP Omen\Desktop\CSIR_4PI\Medical-Segmentation\dataset\images\image_002999.png,C:\Users\HP Omen\Desktop\CSIR_4PI\Medical-Segmentation\dataset\masks\mask_002999.png
image_002367.png,mask_002367.png,C:\Users\HP Omen\Desktop\CSIR_4PI\Medical-Segmentation\dataset\images\image_002367.png,C:\Users\HP Omen\Desktop\CSIR_4PI\Medical-Segmentation\dataset\masks\mask_002367.png
image_003094.png,mask_003094.png,C:\Users\HP Omen\Desktop\CSIR_4PI\Medical-Segmentation\dataset\images\image_003094.png,C:\Users\HP Omen\Desktop\CSIR_4PI\Medical-Segmentation\dataset\masks\mask_003094.png
image_002038.png,mask_002038.png,C:\Users\HP Omen\Desktop\CSIR_4PI\Medical-Segmentation\dataset\images\image_002038.png,C:\Users\HP Omen\Desktop\CSIR_4PI\Medical-Segmentation\dataset\masks\mask_002038.png
image_002378.png,mask_002378.png,C:\Users\HP Omen\Desktop\CSIR_4PI\Medical-Segmentation\dataset\images\image_002378.png,C:\Users\HP Omen\Desktop\CSIR_4PI\Medical-Segmentation\dataset\masks\mask_002378.png
image_001850.png,mask_001850.png,C:\Users\HP Omen\Desktop\CSIR_4PI\Medical-Segmentation\dataset\images\image_001850.png,C:\Users\HP Omen\Desktop\CSIR_4PI\Medical-Segmentation\dataset\masks\mask_001850.png
image_003834.png,mask_003834.png,C:\Users\HP Omen\Desktop\CSIR_4PI\Medical-Segmentation\dataset\images\image_003834.png,C:\Users\HP Omen\Desktop\CSIR_4PI\Medical-Segmentation\dataset\masks\mask_003834.png
image_002128.png,mask_002128.png,C:\Users\HP Omen\Desktop\CSIR_4PI\Medical-Segmentation\dataset\images\image_002128.png,C:\Users\HP Omen\Desktop\CSIR_4PI\Medical-Segmentation\dataset\masks\mask_002128.png
image_001698.png,mask_001698.png,C:\Users\HP Omen\Desktop\CSIR_4PI\Medical-Segmentation\dataset\images\image_001698.png,C:\Users\HP Omen\Desktop\CSIR_4PI\Medical-Segmentation\dataset\masks\mask_001698.png
image_003704.png,mask_003704.png,C:\Users\HP Omen\Desktop\CSIR_4PI\Medical-Segmentation\dataset\images\image_003704.png,C:\Users\HP Omen\Desktop\CSIR_4PI\Medical-Segmentation\dataset\masks\mask_003704.png
image_000995.png,mask_000995.png,C:\Users\HP Omen\Desktop\CSIR_4PI\Medical-Segmentation\dataset\images\image_000995.png,C:\Users\HP Omen\Desktop\CSIR_4PI\Medical-Segmentation\dataset\masks\mask_000995.png
image_000465.png,mask_000465.png,C:\Users\HP Omen\Desktop\CSIR_4PI\Medical-Segmentation\dataset\images\image_000465.png,C:\Users\HP Omen\Desktop\CSIR_4PI\Medical-Segmentation\dataset\masks\mask_000465.png
image_001451.png,mask_001451.png,C:\Users\HP Omen\Desktop\CSIR_4PI\Medical-Segmentation\dataset\images\image_001451.png,C:\Users\HP Omen\Desktop\CSIR_4PI\Medical-Segmentation\dataset\masks\mask_001451.png
image_001422.png,mask_001422.png,C:\Users\HP Omen\Desktop\CSIR_4PI\Medical-Segmentation\dataset\images\image_001422.png,C:\Users\HP Omen\Desktop\CSIR_4PI\Medical-Segmentation\dataset\masks\mask_001422.png
image_003154.png,mask_003154.png,C:\Users\HP Omen\Desktop\CSIR_4PI\Medical-Segmentation\dataset\images\image_003154.png,C:\Users\HP Omen\Desktop\CSIR_4PI\Medical-Segmentation\dataset\masks\mask_003154.png
image_002122.png,mask_002122.png,C:\Users\HP Omen\Desktop\CSIR_4PI\Medical-Segmentation\dataset\images\image_002122.png,C:\Users\HP Omen\Desktop\CSIR_4PI\Medical-Segmentation\dataset\masks\mask_002122.png
image_001237.png,mask_001237.png,C:\Users\HP Omen\Desktop\CSIR_4PI\Medical-Segmentation\dataset\images\image_001237.png,C:\Users\HP Omen\Desktop\CSIR_4PI\Medical-Segmentation\dataset\masks\mask_001237.png
image_003697.png,mask_003697.png,C:\Users\HP Omen\Desktop\CSIR_4PI\Medical-Segmentation\dataset\images\image_003697.png,C:\Users\HP Omen\Desktop\CSIR_4PI\Medical-Segmentation\dataset\masks\mask_003697.png
image_001624.png,mask_001624.png,C:\Users\HP Omen\Desktop\CSIR_4PI\Medical-Segmentation\dataset\images\image_001624.png,C:\Users\HP Omen\Desktop\CSIR_4PI\Medical-Segmentation\dataset\masks\mask_001624.png
image_000213.png,mask_000213.png,C:\Users\HP Omen\Desktop\CSIR_4PI\Medical-Segmentation\dataset\images\image_000213.png,C:\Users\HP Omen\Desktop\CSIR_4PI\Medical-Segmentation\dataset\masks\mask_000213.png
image_001037.png,mask_001037.png,C:\Users\HP Omen\Desktop\CSIR_4PI\Medical-Segmentation\dataset\images\image_001037.png,C:\Users\HP Omen\Desktop\CSIR_4PI\Medical-Segmentation\dataset\masks\mask_001037.png
image_003802.png,mask_003802.png,C:\Users\HP Omen\Desktop\CSIR_4PI\Medical-Segmentation\dataset\images\image_003802.png,C:\Users\HP Omen\Desktop\CSIR_4PI\Medical-Segmentation\dataset\masks\mask_003802.png
image_000901.png,mask_000901.png,C:\Users\HP Omen\Desktop\CSIR_4PI\Medical-Segmentation\dataset\images\image_000901.png,C:\Users\HP Omen\Desktop\CSIR_4PI\Medical-Segmentation\dataset\masks\mask_000901.png
image_002965.png,mask_002965.png,C:\Users\HP Omen\Desktop\CSIR_4PI\Medical-Segmentation\dataset\images\image_002965.png,C:\Users\HP Omen\Desktop\CSIR_4PI\Medical-Segmentation\dataset\masks\mask_002965.png
image_001615.png,mask_001615.png,C:\Users\HP Omen\Desktop\CSIR_4PI\Medical-Segmentation\dataset\images\image_001615.png,C:\Users\HP Omen\Desktop\CSIR_4PI\Medical-Segmentation\dataset\masks\mask_001615.png
image_000742.png,mask_000742.png,C:\Users\HP Omen\Desktop\CSIR_4PI\Medical-Segmentation\dataset\images\image_000742.png,C:\Users\HP Omen\Desktop\CSIR_4PI\Medical-Segmentation\dataset\masks\mask_000742.png
image_003452.png,mask_003452.png,C:\Users\HP Omen\Desktop\CSIR_4PI\Medical-Segmentation\dataset\images\image_003452.png,C:\Users\HP Omen\Desktop\CSIR_4PI\Medical-Segmentation\dataset\masks\mask_003452.png
image_003405.png,mask_003405.png,C:\Users\HP Omen\Desktop\CSIR_4PI\Medical-Segmentation\dataset\images\image_003405.png,C:\Users\HP Omen\Desktop\CSIR_4PI\Medical-Segmentation\dataset\masks\mask_003405.png
image_002624.png,mask_002624.png,C:\Users\HP Omen\Desktop\CSIR_4PI\Medical-Segmentation\dataset\images\image_002624.png,C:\Users\HP Omen\Desktop\CSIR_4PI\Medical-Segmentation\dataset\masks\mask_002624.png
image_001207.png,mask_001207.png,C:\Users\HP Omen\Desktop\CSIR_4PI\Medical-Segmentation\dataset\images\image_001207.png,C:\Users\HP Omen\Desktop\CSIR_4PI\Medical-Segmentation\dataset\masks\mask_001207.png
image_000510.png,mask_000510.png,C:\Users\HP Omen\Desktop\CSIR_4PI\Medical-Segmentation\dataset\images\image_000510.png,C:\Users\HP Omen\Desktop\CSIR_4PI\Medical-Segmentation\dataset\masks\mask_000510.png
image_000598.png,mask_000598.png,C:\Users\HP Omen\Desktop\CSIR_4PI\Medical-Segmentation\dataset\images\image_000598.png,C:\Users\HP Omen\Desktop\CSIR_4PI\Medical-Segmentation\dataset\masks\mask_000598.png
image_001770.png,mask_001770.png,C:\Users\HP Omen\Desktop\CSIR_4PI\Medical-Segmentation\dataset\images\image_001770.png,C:\Users\HP Omen\Desktop\CSIR_4PI\Medical-Segmentation\dataset\masks\mask_001770.png
image_000982.png,mask_000982.png,C:\Users\HP Omen\Desktop\CSIR_4PI\Medical-Segmentation\dataset\images\image_000982.png,C:\Users\HP Omen\Desktop\CSIR_4PI\Medical-Segmentation\dataset\masks\mask_000982.png
image_001428.png,mask_001428.png,C:\Users\HP Omen\Desktop\CSIR_4PI\Medical-Segmentation\dataset\images\image_001428.png,C:\Users\HP Omen\Desktop\CSIR_4PI\Medical-Segmentation\dataset\masks\mask_001428.png
image_003457.png,mask_003457.png,C:\Users\HP Omen\Desktop\CSIR_4PI\Medical-Segmentation\dataset\images\image_003457.png,C:\Users\HP Omen\Desktop\CSIR_4PI\Medical-Segmentation\dataset\masks\mask_003457.png
image_000519.png,mask_000519.png,C:\Users\HP Omen\Desktop\CSIR_4PI\Medical-Segmentation\dataset\images\image_000519.png,C:\Users\HP Omen\Desktop\CSIR_4PI\Medical-Segmentation\dataset\masks\mask_000519.png
image_002715.png,mask_002715.png,C:\Users\HP Omen\Desktop\CSIR_4PI\Medical-Segmentation\dataset\images\image_002715.png,C:\Users\HP Omen\Desktop\CSIR_4PI\Medical-Segmentation\dataset\masks\mask_002715.png
image_000768.png,mask_000768.png,C:\Users\HP Omen\Desktop\CSIR_4PI\Medical-Segmentation\dataset\images\image_000768.png,C:\Users\HP Omen\Desktop\CSIR_4PI\Medical-Segmentation\dataset\masks\mask_000768.png
image_002593.png,mask_002593.png,C:\Users\HP Omen\Desktop\CSIR_4PI\Medical-Segmentation\dataset\images\image_002593.png,C:\Users\HP Omen\Desktop\CSIR_4PI\Medical-Segmentation\dataset\masks\mask_002593.png
image_002699.png,mask_002699.png,C:\Users\HP Omen\Desktop\CSIR_4PI\Medical-Segmentation\dataset\images\image_002699.png,C:\Users\HP Omen\Desktop\CSIR_4PI\Medical-Segmentation\dataset\masks\mask_002699.png
image_000422.png,mask_000422.png,C:\Users\HP Omen\Desktop\CSIR_4PI\Medical-Segmentation\dataset\images\image_000422.png,C:\Users\HP Omen\Desktop\CSIR_4PI\Medical-Segmentation\dataset\masks\mask_000422.png
image_000124.png,mask_000124.png,C:\Users\HP Omen\Desktop\CSIR_4PI\Medical-Segmentation\dataset\images\image_000124.png,C:\Users\HP Omen\Desktop\CSIR_4PI\Medical-Segmentation\dataset\masks\mask_000124.png
image_002006.png,mask_002006.png,C:\Users\HP Omen\Desktop\CSIR_4PI\Medical-Segmentation\dataset\images\image_002006.png,C:\Users\HP Omen\Desktop\CSIR_4PI\Medical-Segmentation\dataset\masks\mask_002006.png
image_002016.png,mask_002016.png,C:\Users\HP Omen\Desktop\CSIR_4PI\Medical-Segmentation\dataset\images\image_002016.png,C:\Users\HP Omen\Desktop\CSIR_4PI\Medical-Segmentation\dataset\masks\mask_002016.png
image_001737.png,mask_001737.png,C:\Users\HP Omen\Desktop\CSIR_4PI\Medical-Segmentation\dataset\images\image_001737.png,C:\Users\HP Omen\Desktop\CSIR_4PI\Medical-Segmentation\dataset\masks\mask_001737.png
image_000820.png,mask_000820.png,C:\Users\HP Omen\Desktop\CSIR_4PI\Medical-Segmentation\dataset\images\image_000820.png,C:\Users\HP Omen\Desktop\CSIR_4PI\Medical-Segmentation\dataset\masks\mask_000820.png
image_001383.png,mask_001383.png,C:\Users\HP Omen\Desktop\CSIR_4PI\Medical-Segmentation\dataset\images\image_001383.png,C:\Users\HP Omen\Desktop\CSIR_4PI\Medical-Segmentation\dataset\masks\mask_001383.png
image_000101.png,mask_000101.png,C:\Users\HP Omen\Desktop\CSIR_4PI\Medical-Segmentation\dataset\images\image_000101.png,C:\Users\HP Omen\Desktop\CSIR_4PI\Medical-Segmentation\dataset\masks\mask_000101.png
image_003454.png,mask_003454.png,C:\Users\HP Omen\Desktop\CSIR_4PI\Medical-Segmentation\dataset\images\image_003454.png,C:\Users\HP Omen\Desktop\CSIR_4PI\Medical-Segmentation\dataset\masks\mask_003454.png
image_001284.png,mask_001284.png,C:\Users\HP Omen\Desktop\CSIR_4PI\Medical-Segmentation\dataset\images\image_001284.png,C:\Users\HP Omen\Desktop\CSIR_4PI\Medical-Segmentation\dataset\masks\mask_001284.png
image_003629.png,mask_003629.png,C:\Users\HP Omen\Desktop\CSIR_4PI\Medical-Segmentation\dataset\images\image_003629.png,C:\Users\HP Omen\Desktop\CSIR_4PI\Medical-Segmentation\dataset\masks\mask_003629.png
image_002990.png,mask_002990.png,C:\Users\HP Omen\Desktop\CSIR_4PI\Medical-Segmentation\dataset\images\image_002990.png,C:\Users\HP Omen\Desktop\CSIR_4PI\Medical-Segmentation\dataset\masks\mask_002990.png
image_003432.png,mask_003432.png,C:\Users\HP Omen\Desktop\CSIR_4PI\Medical-Segmentation\dataset\images\image_003432.png,C:\Users\HP Omen\Desktop\CSIR_4PI\Medical-Segmentation\dataset\masks\mask_003432.png
image_001104.png,mask_001104.png,C:\Users\HP Omen\Desktop\CSIR_4PI\Medical-Segmentation\dataset\images\image_001104.png,C:\Users\HP Omen\Desktop\CSIR_4PI\Medical-Segmentation\dataset\masks\mask_001104.png
image_003402.png,mask_003402.png,C:\Users\HP Omen\Desktop\CSIR_4PI\Medical-Segmentation\dataset\images\image_003402.png,C:\Users\HP Omen\Desktop\CSIR_4PI\Medical-Segmentation\dataset\masks\mask_003402.png
image_002888.png,mask_002888.png,C:\Users\HP Omen\Desktop\CSIR_4PI\Medical-Segmentation\dataset\images\image_002888.png,C:\Users\HP Omen\Desktop\CSIR_4PI\Medical-Segmentation\dataset\masks\mask_002888.png
image_003138.png,mask_003138.png,C:\Users\HP Omen\Desktop\CSIR_4PI\Medical-Segmentation\dataset\images\image_003138.png,C:\Users\HP Omen\Desktop\CSIR_4PI\Medical-Segmentation\dataset\masks\mask_003138.png
image_001695.png,mask_001695.png,C:\Users\HP Omen\Desktop\CSIR_4PI\Medical-Segmentation\dataset\images\image_001695.png,C:\Users\HP Omen\Desktop\CSIR_4PI\Medical-Segmentation\dataset\masks\mask_001695.png
image_001353.png,mask_001353.png,C:\Users\HP Omen\Desktop\CSIR_4PI\Medical-Segmentation\dataset\images\image_001353.png,C:\Users\HP Omen\Desktop\CSIR_4PI\Medical-Segmentation\dataset\masks\mask_001353.png
image_001512.png,mask_001512.png,C:\Users\HP Omen\Desktop\CSIR_4PI\Medical-Segmentation\dataset\images\image_001512.png,C:\Users\HP Omen\Desktop\CSIR_4PI\Medical-Segmentation\dataset\masks\mask_001512.png
image_003254.png,mask_003254.png,C:\Users\HP Omen\Desktop\CSIR_4PI\Medical-Segmentation\dataset\images\image_003254.png,C:\Users\HP Omen\Desktop\CSIR_4PI\Medical-Segmentation\dataset\masks\mask_003254.png
image_003029.png,mask_003029.png,C:\Users\HP Omen\Desktop\CSIR_4PI\Medical-Segmentation\dataset\images\image_003029.png,C:\Users\HP Omen\Desktop\CSIR_4PI\Medical-Segmentation\dataset\masks\mask_003029.png
image_000983.png,mask_000983.png,C:\Users\HP Omen\Desktop\CSIR_4PI\Medical-Segmentation\dataset\images\image_000983.png,C:\Users\HP Omen\Desktop\CSIR_4PI\Medical-Segmentation\dataset\masks\mask_000983.png
image_000457.png,mask_000457.png,C:\Users\HP Omen\Desktop\CSIR_4PI\Medical-Segmentation\dataset\images\image_000457.png,C:\Users\HP Omen\Desktop\CSIR_4PI\Medical-Segmentation\dataset\masks\mask_000457.png
image_002916.png,mask_002916.png,C:\Users\HP Omen\Desktop\CSIR_4PI\Medical-Segmentation\dataset\images\image_002916.png,C:\Users\HP Omen\Desktop\CSIR_4PI\Medical-Segmentation\dataset\masks\mask_002916.png
image_002904.png,mask_002904.png,C:\Users\HP Omen\Desktop\CSIR_4PI\Medical-Segmentation\dataset\images\image_002904.png,C:\Users\HP Omen\Desktop\CSIR_4PI\Medical-Segmentation\dataset\masks\mask_002904.png
image_002776.png,mask_002776.png,C:\Users\HP Omen\Desktop\CSIR_4PI\Medical-Segmentation\dataset\images\image_002776.png,C:\Users\HP Omen\Desktop\CSIR_4PI\Medical-Segmentation\dataset\masks\mask_002776.png
image_000382.png,mask_000382.png,C:\Users\HP Omen\Desktop\CSIR_4PI\Medical-Segmentation\dataset\images\image_000382.png,C:\Users\HP Omen\Desktop\CSIR_4PI\Medical-Segmentation\dataset\masks\mask_000382.png
image_003662.png,mask_003662.png,C:\Users\HP Omen\Desktop\CSIR_4PI\Medical-Segmentation\dataset\images\image_003662.png,C:\Users\HP Omen\Desktop\CSIR_4PI\Medical-Segmentation\dataset\masks\mask_003662.png
image_002399.png,mask_002399.png,C:\Users\HP Omen\Desktop\CSIR_4PI\Medical-Segmentation\dataset\images\image_002399.png,C:\Users\HP Omen\Desktop\CSIR_4PI\Medical-Segmentation\dataset\masks\mask_002399.png
image_002403.png,mask_002403.png,C:\Users\HP Omen\Desktop\CSIR_4PI\Medical-Segmentation\dataset\images\image_002403.png,C:\Users\HP Omen\Desktop\CSIR_4PI\Medical-Segmentation\dataset\masks\mask_002403.png
image_001011.png,mask_001011.png,C:\Users\HP Omen\Desktop\CSIR_4PI\Medical-Segmentation\dataset\images\image_001011.png,C:\Users\HP Omen\Desktop\CSIR_4PI\Medical-Segmentation\dataset\masks\mask_001011.png
image_001538.png,mask_001538.png,C:\Users\HP Omen\Desktop\CSIR_4PI\Medical-Segmentation\dataset\images\image_001538.png,C:\Users\HP Omen\Desktop\CSIR_4PI\Medical-Segmentation\dataset\masks\mask_001538.png
image_003919.png,mask_003919.png,C:\Users\HP Omen\Desktop\CSIR_4PI\Medical-Segmentation\dataset\images\image_003919.png,C:\Users\HP Omen\Desktop\CSIR_4PI\Medical-Segmentation\dataset\masks\mask_003919.png
image_000663.png,mask_000663.png,C:\Users\HP Omen\Desktop\CSIR_4PI\Medical-Segmentation\dataset\images\image_000663.png,C:\Users\HP Omen\Desktop\CSIR_4PI\Medical-Segmentation\dataset\masks\mask_000663.png
image_003415.png,mask_003415.png,C:\Users\HP Omen\Desktop\CSIR_4PI\Medical-Segmentation\dataset\images\image_003415.png,C:\Users\HP Omen\Desktop\CSIR_4PI\Medical-Segmentation\dataset\masks\mask_003415.png
image_001552.png,mask_001552.png,C:\Users\HP Omen\Desktop\CSIR_4PI\Medical-Segmentation\dataset\images\image_001552.png,C:\Users\HP Omen\Desktop\CSIR_4PI\Medical-Segmentation\dataset\masks\mask_001552.png
image_003560.png,mask_003560.png,C:\Users\HP Omen\Desktop\CSIR_4PI\Medical-Segmentation\dataset\images\image_003560.png,C:\Users\HP Omen\Desktop\CSIR_4PI\Medical-Segmentation\dataset\masks\mask_003560.png
image_001727.png,mask_001727.png,C:\Users\HP Omen\Desktop\CSIR_4PI\Medical-Segmentation\dataset\images\image_001727.png,C:\Users\HP Omen\Desktop\CSIR_4PI\Medical-Segmentation\dataset\masks\mask_001727.png
image_002942.png,mask_002942.png,C:\Users\HP Omen\Desktop\CSIR_4PI\Medical-Segmentation\dataset\images\image_002942.png,C:\Users\HP Omen\Desktop\CSIR_4PI\Medical-Segmentation\dataset\masks\mask_002942.png
image_003164.png,mask_003164.png,C:\Users\HP Omen\Desktop\CSIR_4PI\Medical-Segmentation\dataset\images\image_003164.png,C:\Users\HP Omen\Desktop\CSIR_4PI\Medical-Segmentation\dataset\masks\mask_003164.png
image_002981.png,mask_002981.png,C:\Users\HP Omen\Desktop\CSIR_4PI\Medical-Segmentation\dataset\images\image_002981.png,C:\Users\HP Omen\Desktop\CSIR_4PI\Medical-Segmentation\dataset\masks\mask_002981.png
image_003920.png,mask_003920.png,C:\Users\HP Omen\Desktop\CSIR_4PI\Medical-Segmentation\dataset\images\image_003920.png,C:\Users\HP Omen\Desktop\CSIR_4PI\Medical-Segmentation\dataset\masks\mask_003920.png
image_000846.png,mask_000846.png,C:\Users\HP Omen\Desktop\CSIR_4PI\Medical-Segmentation\dataset\images\image_000846.png,C:\Users\HP Omen\Desktop\CSIR_4PI\Medical-Segmentation\dataset\masks\mask_000846.png
image_000543.png,mask_000543.png,C:\Users\HP Omen\Desktop\CSIR_4PI\Medical-Segmentation\dataset\images\image_000543.png,C:\Users\HP Omen\Desktop\CSIR_4PI\Medical-Segmentation\dataset\masks\mask_000543.png
image_000092.png,mask_000092.png,C:\Users\HP Omen\Desktop\CSIR_4PI\Medical-Segmentation\dataset\images\image_000092.png,C:\Users\HP Omen\Desktop\CSIR_4PI\Medical-Segmentation\dataset\masks\mask_000092.png
image_002502.png,mask_002502.png,C:\Users\HP Omen\Desktop\CSIR_4PI\Medical-Segmentation\dataset\images\image_002502.png,C:\Users\HP Omen\Desktop\CSIR_4PI\Medical-Segmentation\dataset\masks\mask_002502.png
image_003102.png,mask_003102.png,C:\Users\HP Omen\Desktop\CSIR_4PI\Medical-Segmentation\dataset\images\image_003102.png,C:\Users\HP Omen\Desktop\CSIR_4PI\Medical-Segmentation\dataset\masks\mask_003102.png
image_001197.png,mask_001197.png,C:\Users\HP Omen\Desktop\CSIR_4PI\Medical-Segmentation\dataset\images\image_001197.png,C:\Users\HP Omen\Desktop\CSIR_4PI\Medical-Segmentation\dataset\masks\mask_001197.png
image_001103.png,mask_001103.png,C:\Users\HP Omen\Desktop\CSIR_4PI\Medical-Segmentation\dataset\images\image_001103.png,C:\Users\HP Omen\Desktop\CSIR_4PI\Medical-Segmentation\dataset\masks\mask_001103.png
image_002709.png,mask_002709.png,C:\Users\HP Omen\Desktop\CSIR_4PI\Medical-Segmentation\dataset\images\image_002709.png,C:\Users\HP Omen\Desktop\CSIR_4PI\Medical-Segmentation\dataset\masks\mask_002709.png
image_002485.png,mask_002485.png,C:\Users\HP Omen\Desktop\CSIR_4PI\Medical-Segmentation\dataset\images\image_002485.png,C:\Users\HP Omen\Desktop\CSIR_4PI\Medical-Segmentation\dataset\masks\mask_002485.png
image_002211.png,mask_002211.png,C:\Users\HP Omen\Desktop\CSIR_4PI\Medical-Segmentation\dataset\images\image_002211.png,C:\Users\HP Omen\Desktop\CSIR_4PI\Medical-Segmentation\dataset\masks\mask_002211.png
image_003048.png,mask_003048.png,C:\Users\HP Omen\Desktop\CSIR_4PI\Medical-Segmentation\dataset\images\image_003048.png,C:\Users\HP Omen\Desktop\CSIR_4PI\Medical-Segmentation\dataset\masks\mask_003048.png
image_002112.png,mask_002112.png,C:\Users\HP Omen\Desktop\CSIR_4PI\Medical-Segmentation\dataset\images\image_002112.png,C:\Users\HP Omen\Desktop\CSIR_4PI\Medical-Segmentation\dataset\masks\mask_002112.png
image_002443.png,mask_002443.png,C:\Users\HP Omen\Desktop\CSIR_4PI\Medical-Segmentation\dataset\images\image_002443.png,C:\Users\HP Omen\Desktop\CSIR_4PI\Medical-Segmentation\dataset\masks\mask_002443.png
image_002010.png,mask_002010.png,C:\Users\HP Omen\Desktop\CSIR_4PI\Medical-Segmentation\dataset\images\image_002010.png,C:\Users\HP Omen\Desktop\CSIR_4PI\Medical-Segmentation\dataset\masks\mask_002010.png
image_001049.png,mask_001049.png,C:\Users\HP Omen\Desktop\CSIR_4PI\Medical-Segmentation\dataset\images\image_001049.png,C:\Users\HP Omen\Desktop\CSIR_4PI\Medical-Segmentation\dataset\masks\mask_001049.png
image_002777.png,mask_002777.png,C:\Users\HP Omen\Desktop\CSIR_4PI\Medical-Segmentation\dataset\images\image_002777.png,C:\Users\HP Omen\Desktop\CSIR_4PI\Medical-Segmentation\dataset\masks\mask_002777.png
image_003841.png,mask_003841.png,C:\Users\HP Omen\Desktop\CSIR_4PI\Medical-Segmentation\dataset\images\image_003841.png,C:\Users\HP Omen\Desktop\CSIR_4PI\Medical-Segmentation\dataset\masks\mask_003841.png
image_000899.png,mask_000899.png,C:\Users\HP Omen\Desktop\CSIR_4PI\Medical-Segmentation\dataset\images\image_000899.png,C:\Users\HP Omen\Desktop\CSIR_4PI\Medical-Segmentation\dataset\masks\mask_000899.png
image_002516.png,mask_002516.png,C:\Users\HP Omen\Desktop\CSIR_4PI\Medical-Segmentation\dataset\images\image_002516.png,C:\Users\HP Omen\Desktop\CSIR_4PI\Medical-Segmentation\dataset\masks\mask_002516.png
image_000238.png,mask_000238.png,C:\Users\HP Omen\Desktop\CSIR_4PI\Medical-Segmentation\dataset\images\image_000238.png,C:\Users\HP Omen\Desktop\CSIR_4PI\Medical-Segmentation\dataset\masks\mask_000238.png
image_003354.png,mask_003354.png,C:\Users\HP Omen\Desktop\CSIR_4PI\Medical-Segmentation\dataset\images\image_003354.png,C:\Users\HP Omen\Desktop\CSIR_4PI\Medical-Segmentation\dataset\masks\mask_003354.png
image_002873.png,mask_002873.png,C:\Users\HP Omen\Desktop\CSIR_4PI\Medical-Segmentation\dataset\images\image_002873.png,C:\Users\HP Omen\Desktop\CSIR_4PI\Medical-Segmentation\dataset\masks\mask_002873.png
image_001134.png,mask_001134.png,C:\Users\HP Omen\Desktop\CSIR_4PI\Medical-Segmentation\dataset\images\image_001134.png,C:\Users\HP Omen\Desktop\CSIR_4PI\Medical-Segmentation\dataset\masks\mask_001134.png
image_002555.png,mask_002555.png,C:\Users\HP Omen\Desktop\CSIR_4PI\Medical-Segmentation\dataset\images\image_002555.png,C:\Users\HP Omen\Desktop\CSIR_4PI\Medical-Segmentation\dataset\masks\mask_002555.png
image_002674.png,mask_002674.png,C:\Users\HP Omen\Desktop\CSIR_4PI\Medical-Segmentation\dataset\images\image_002674.png,C:\Users\HP Omen\Desktop\CSIR_4PI\Medical-Segmentation\dataset\masks\mask_002674.png
image_000164.png,mask_000164.png,C:\Users\HP Omen\Desktop\CSIR_4PI\Medical-Segmentation\dataset\images\image_000164.png,C:\Users\HP Omen\Desktop\CSIR_4PI\Medical-Segmentation\dataset\masks\mask_000164.png
image_002250.png,mask_002250.png,C:\Users\HP Omen\Desktop\CSIR_4PI\Medical-Segmentation\dataset\images\image_002250.png,C:\Users\HP Omen\Desktop\CSIR_4PI\Medical-Segmentation\dataset\masks\mask_002250.png
image_001771.png,mask_001771.png,C:\Users\HP Omen\Desktop\CSIR_4PI\Medical-Segmentation\dataset\images\image_001771.png,C:\Users\HP Omen\Desktop\CSIR_4PI\Medical-Segmentation\dataset\masks\mask_001771.png
image_000253.png,mask_000253.png,C:\Users\HP Omen\Desktop\CSIR_4PI\Medical-Segmentation\dataset\images\image_000253.png,C:\Users\HP Omen\Desktop\CSIR_4PI\Medical-Segmentation\dataset\masks\mask_000253.png
image_002093.png,mask_002093.png,C:\Users\HP Omen\Desktop\CSIR_4PI\Medical-Segmentation\dataset\images\image_002093.png,C:\Users\HP Omen\Desktop\CSIR_4PI\Medical-Segmentation\dataset\masks\mask_002093.png
image_002348.png,mask_002348.png,C:\Users\HP Omen\Desktop\CSIR_4PI\Medical-Segmentation\dataset\images\image_002348.png,C:\Users\HP Omen\Desktop\CSIR_4PI\Medical-Segmentation\dataset\masks\mask_002348.png
image_001877.png,mask_001877.png,C:\Users\HP Omen\Desktop\CSIR_4PI\Medical-Segmentation\dataset\images\image_001877.png,C:\Users\HP Omen\Desktop\CSIR_4PI\Medical-Segmentation\dataset\masks\mask_001877.png
image_000931.png,mask_000931.png,C:\Users\HP Omen\Desktop\CSIR_4PI\Medical-Segmentation\dataset\images\image_000931.png,C:\Users\HP Omen\Desktop\CSIR_4PI\Medical-Segmentation\dataset\masks\mask_000931.png
image_001953.png,mask_001953.png,C:\Users\HP Omen\Desktop\CSIR_4PI\Medical-Segmentation\dataset\images\image_001953.png,C:\Users\HP Omen\Desktop\CSIR_4PI\Medical-Segmentation\dataset\masks\mask_001953.png
image_001784.png,mask_001784.png,C:\Users\HP Omen\Desktop\CSIR_4PI\Medical-Segmentation\dataset\images\image_001784.png,C:\Users\HP Omen\Desktop\CSIR_4PI\Medical-Segmentation\dataset\masks\mask_001784.png
image_002000.png,mask_002000.png,C:\Users\HP Omen\Desktop\CSIR_4PI\Medical-Segmentation\dataset\images\image_002000.png,C:\Users\HP Omen\Desktop\CSIR_4PI\Medical-Segmentation\dataset\masks\mask_002000.png
image_002933.png,mask_002933.png,C:\Users\HP Omen\Desktop\CSIR_4PI\Medical-Segmentation\dataset\images\image_002933.png,C:\Users\HP Omen\Desktop\CSIR_4PI\Medical-Segmentation\dataset\masks\mask_002933.png
image_002173.png,mask_002173.png,C:\Users\HP Omen\Desktop\CSIR_4PI\Medical-Segmentation\dataset\images\image_002173.png,C:\Users\HP Omen\Desktop\CSIR_4PI\Medical-Segmentation\dataset\masks\mask_002173.png
image_002233.png,mask_002233.png,C:\Users\HP Omen\Desktop\CSIR_4PI\Medical-Segmentation\dataset\images\image_002233.png,C:\Users\HP Omen\Desktop\CSIR_4PI\Medical-Segmentation\dataset\masks\mask_002233.png
image_002789.png,mask_002789.png,C:\Users\HP Omen\Desktop\CSIR_4PI\Medical-Segmentation\dataset\images\image_002789.png,C:\Users\HP Omen\Desktop\CSIR_4PI\Medical-Segmentation\dataset\masks\mask_002789.png
image_002187.png,mask_002187.png,C:\Users\HP Omen\Desktop\CSIR_4PI\Medical-Segmentation\dataset\images\image_002187.png,C:\Users\HP Omen\Desktop\CSIR_4PI\Medical-Segmentation\dataset\masks\mask_002187.png
image_001091.png,mask_001091.png,C:\Users\HP Omen\Desktop\CSIR_4PI\Medical-Segmentation\dataset\images\image_001091.png,C:\Users\HP Omen\Desktop\CSIR_4PI\Medical-Segmentation\dataset\masks\mask_001091.png
image_003130.png,mask_003130.png,C:\Users\HP Omen\Desktop\CSIR_4PI\Medical-Segmentation\dataset\images\image_003130.png,C:\Users\HP Omen\Desktop\CSIR_4PI\Medical-Segmentation\dataset\masks\mask_003130.png
image_002813.png,mask_002813.png,C:\Users\HP Omen\Desktop\CSIR_4PI\Medical-Segmentation\dataset\images\image_002813.png,C:\Users\HP Omen\Desktop\CSIR_4PI\Medical-Segmentation\dataset\masks\mask_002813.png
image_001182.png,mask_001182.png,C:\Users\HP Omen\Desktop\CSIR_4PI\Medical-Segmentation\dataset\images\image_001182.png,C:\Users\HP Omen\Desktop\CSIR_4PI\Medical-Segmentation\dataset\masks\mask_001182.png
image_001453.png,mask_001453.png,C:\Users\HP Omen\Desktop\CSIR_4PI\Medical-Segmentation\dataset\images\image_001453.png,C:\Users\HP Omen\Desktop\CSIR_4PI\Medical-Segmentation\dataset\masks\mask_001453.png
image_000594.png,mask_000594.png,C:\Users\HP Omen\Desktop\CSIR_4PI\Medical-Segmentation\dataset\images\image_000594.png,C:\Users\HP Omen\Desktop\CSIR_4PI\Medical-Segmentation\dataset\masks\mask_000594.png
image_000678.png,mask_000678.png,C:\Users\HP Omen\Desktop\CSIR_4PI\Medical-Segmentation\dataset\images\image_000678.png,C:\Users\HP Omen\Desktop\CSIR_4PI\Medical-Segmentation\dataset\masks\mask_000678.png
image_000042.png,mask_000042.png,C:\Users\HP Omen\Desktop\CSIR_4PI\Medical-Segmentation\dataset\images\image_000042.png,C:\Users\HP Omen\Desktop\CSIR_4PI\Medical-Segmentation\dataset\masks\mask_000042.png
image_002118.png,mask_002118.png,C:\Users\HP Omen\Desktop\CSIR_4PI\Medical-Segmentation\dataset\images\image_002118.png,C:\Users\HP Omen\Desktop\CSIR_4PI\Medical-Segmentation\dataset\masks\mask_002118.png
image_002349.png,mask_002349.png,C:\Users\HP Omen\Desktop\CSIR_4PI\Medical-Segmentation\dataset\images\image_002349.png,C:\Users\HP Omen\Desktop\CSIR_4PI\Medical-Segmentation\dataset\masks\mask_002349.png
image_002834.png,mask_002834.png,C:\Users\HP Omen\Desktop\CSIR_4PI\Medical-Segmentation\dataset\images\image_002834.png,C:\Users\HP Omen\Desktop\CSIR_4PI\Medical-Segmentation\dataset\masks\mask_002834.png
image_001875.png,mask_001875.png,C:\Users\HP Omen\Desktop\CSIR_4PI\Medical-Segmentation\dataset\images\image_001875.png,C:\Users\HP Omen\Desktop\CSIR_4PI\Medical-Segmentation\dataset\masks\mask_001875.png
image_000244.png,mask_000244.png,C:\Users\HP Omen\Desktop\CSIR_4PI\Medical-Segmentation\dataset\images\image_000244.png,C:\Users\HP Omen\Desktop\CSIR_4PI\Medical-Segmentation\dataset\masks\mask_000244.png
image_001125.png,mask_001125.png,C:\Users\HP Omen\Desktop\CSIR_4PI\Medical-Segmentation\dataset\images\image_001125.png,C:\Users\HP Omen\Desktop\CSIR_4PI\Medical-Segmentation\dataset\masks\mask_001125.png
image_001340.png,mask_001340.png,C:\Users\HP Omen\Desktop\CSIR_4PI\Medical-Segmentation\dataset\images\image_001340.png,C:\Users\HP Omen\Desktop\CSIR_4PI\Medical-Segmentation\dataset\masks\mask_001340.png
image_001553.png,mask_001553.png,C:\Users\HP Omen\Desktop\CSIR_4PI\Medical-Segmentation\dataset\images\image_001553.png,C:\Users\HP Omen\Desktop\CSIR_4PI\Medical-Segmentation\dataset\masks\mask_001553.png
image_003871.png,mask_003871.png,C:\Users\HP Omen\Desktop\CSIR_4PI\Medical-Segmentation\dataset\images\image_003871.png,C:\Users\HP Omen\Desktop\CSIR_4PI\Medical-Segmentation\dataset\masks\mask_003871.png
image_001510.png,mask_001510.png,C:\Users\HP Omen\Desktop\CSIR_4PI\Medical-Segmentation\dataset\images\image_001510.png,C:\Users\HP Omen\Desktop\CSIR_4PI\Medical-Segmentation\dataset\masks\mask_001510.png
image_001443.png,mask_001443.png,C:\Users\HP Omen\Desktop\CSIR_4PI\Medical-Segmentation\dataset\images\image_001443.png,C:\Users\HP Omen\Desktop\CSIR_4PI\Medical-Segmentation\dataset\masks\mask_001443.png
image_000262.png,mask_000262.png,C:\Users\HP Omen\Desktop\CSIR_4PI\Medical-Segmentation\dataset\images\image_000262.png,C:\Users\HP Omen\Desktop\CSIR_4PI\Medical-Segmentation\dataset\masks\mask_000262.png
image_003614.png,mask_003614.png,C:\Users\HP Omen\Desktop\CSIR_4PI\Medical-Segmentation\dataset\images\image_003614.png,C:\Users\HP Omen\Desktop\CSIR_4PI\Medical-Segmentation\dataset\masks\mask_003614.png
image_003197.png,mask_003197.png,C:\Users\HP Omen\Desktop\CSIR_4PI\Medical-Segmentation\dataset\images\image_003197.png,C:\Users\HP Omen\Desktop\CSIR_4PI\Medical-Segmentation\dataset\masks\mask_003197.png
image_002645.png,mask_002645.png,C:\Users\HP Omen\Desktop\CSIR_4PI\Medical-Segmentation\dataset\images\image_002645.png,C:\Users\HP Omen\Desktop\CSIR_4PI\Medical-Segmentation\dataset\masks\mask_002645.png
image_002611.png,mask_002611.png,C:\Users\HP Omen\Desktop\CSIR_4PI\Medical-Segmentation\dataset\images\image_002611.png,C:\Users\HP Omen\Desktop\CSIR_4PI\Medical-Segmentation\dataset\masks\mask_002611.png
image_000835.png,mask_000835.png,C:\Users\HP Omen\Desktop\CSIR_4PI\Medical-Segmentation\dataset\images\image_000835.png,C:\Users\HP Omen\Desktop\CSIR_4PI\Medical-Segmentation\dataset\masks\mask_000835.png
image_003099.png,mask_003099.png,C:\Users\HP Omen\Desktop\CSIR_4PI\Medical-Segmentation\dataset\images\image_003099.png,C:\Users\HP Omen\Desktop\CSIR_4PI\Medical-Segmentation\dataset\masks\mask_003099.png
image_002758.png,mask_002758.png,C:\Users\HP Omen\Desktop\CSIR_4PI\Medical-Segmentation\dataset\images\image_002758.png,C:\Users\HP Omen\Desktop\CSIR_4PI\Medical-Segmentation\dataset\masks\mask_002758.png
image_002954.png,mask_002954.png,C:\Users\HP Omen\Desktop\CSIR_4PI\Medical-Segmentation\dataset\images\image_002954.png,C:\Users\HP Omen\Desktop\CSIR_4PI\Medical-Segmentation\dataset\masks\mask_002954.png
image_002607.png,mask_002607.png,C:\Users\HP Omen\Desktop\CSIR_4PI\Medical-Segmentation\dataset\images\image_002607.png,C:\Users\HP Omen\Desktop\CSIR_4PI\Medical-Segmentation\dataset\masks\mask_002607.png
image_000341.png,mask_000341.png,C:\Users\HP Omen\Desktop\CSIR_4PI\Medical-Segmentation\dataset\images\image_000341.png,C:\Users\HP Omen\Desktop\CSIR_4PI\Medical-Segmentation\dataset\masks\mask_000341.png
image_001808.png,mask_001808.png,C:\Users\HP Omen\Desktop\CSIR_4PI\Medical-Segmentation\dataset\images\image_001808.png,C:\Users\HP Omen\Desktop\CSIR_4PI\Medical-Segmentation\dataset\masks\mask_001808.png
image_000749.png,mask_000749.png,C:\Users\HP Omen\Desktop\CSIR_4PI\Medical-Segmentation\dataset\images\image_000749.png,C:\Users\HP Omen\Desktop\CSIR_4PI\Medical-Segmentation\dataset\masks\mask_000749.png
image_001833.png,mask_001833.png,C:\Users\HP Omen\Desktop\CSIR_4PI\Medical-Segmentation\dataset\images\image_001833.png,C:\Users\HP Omen\Desktop\CSIR_4PI\Medical-Segmentation\dataset\masks\mask_001833.png
image_000481.png,mask_000481.png,C:\Users\HP Omen\Desktop\CSIR_4PI\Medical-Segmentation\dataset\images\image_000481.png,C:\Users\HP Omen\Desktop\CSIR_4PI\Medical-Segmentation\dataset\masks\mask_000481.png
image_001602.png,mask_001602.png,C:\Users\HP Omen\Desktop\CSIR_4PI\Medical-Segmentation\dataset\images\image_001602.png,C:\Users\HP Omen\Desktop\CSIR_4PI\Medical-Segmentation\dataset\masks\mask_001602.png
image_002180.png,mask_002180.png,C:\Users\HP Omen\Desktop\CSIR_4PI\Medical-Segmentation\dataset\images\image_002180.png,C:\Users\HP Omen\Desktop\CSIR_4PI\Medical-Segmentation\dataset\masks\mask_002180.png
image_003331.png,mask_003331.png,C:\Users\HP Omen\Desktop\CSIR_4PI\Medical-Segmentation\dataset\images\image_003331.png,C:\Users\HP Omen\Desktop\CSIR_4PI\Medical-Segmentation\dataset\masks\mask_003331.png
image_000784.png,mask_000784.png,C:\Users\HP Omen\Desktop\CSIR_4PI\Medical-Segmentation\dataset\images\image_000784.png,C:\Users\HP Omen\Desktop\CSIR_4PI\Medical-Segmentation\dataset\masks\mask_000784.png
image_003369.png,mask_003369.png,C:\Users\HP Omen\Desktop\CSIR_4PI\Medical-Segmentation\dataset\images\image_003369.png,C:\Users\HP Omen\Desktop\CSIR_4PI\Medical-Segmentation\dataset\masks\mask_003369.png
image_001801.png,mask_001801.png,C:\Users\HP Omen\Desktop\CSIR_4PI\Medical-Segmentation\dataset\images\image_001801.png,C:\Users\HP Omen\Desktop\CSIR_4PI\Medical-Segmentation\dataset\masks\mask_001801.png
image_002830.png,mask_002830.png,C:\Users\HP Omen\Desktop\CSIR_4PI\Medical-Segmentation\dataset\images\image_002830.png,C:\Users\HP Omen\Desktop\CSIR_4PI\Medical-Segmentation\dataset\masks\mask_002830.png
image_003265.png,mask_003265.png,C:\Users\HP Omen\Desktop\CSIR_4PI\Medical-Segmentation\dataset\images\image_003265.png,C:\Users\HP Omen\Desktop\CSIR_4PI\Medical-Segmentation\dataset\masks\mask_003265.png
image_003317.png,mask_003317.png,C:\Users\HP Omen\Desktop\CSIR_4PI\Medical-Segmentation\dataset\images\image_003317.png,C:\Users\HP Omen\Desktop\CSIR_4PI\Medical-Segmentation\dataset\masks\mask_003317.png
image_003617.png,mask_003617.png,C:\Users\HP Omen\Desktop\CSIR_4PI\Medical-Segmentation\dataset\images\image_003617.png,C:\Users\HP Omen\Desktop\CSIR_4PI\Medical-Segmentation\dataset\masks\mask_003617.png
image_001663.png,mask_001663.png,C:\Users\HP Omen\Desktop\CSIR_4PI\Medical-Segmentation\dataset\images\image_001663.png,C:\Users\HP Omen\Desktop\CSIR_4PI\Medical-Segmentation\dataset\masks\mask_001663.png
image_002081.png,mask_002081.png,C:\Users\HP Omen\Desktop\CSIR_4PI\Medical-Segmentation\dataset\images\image_002081.png,C:\Users\HP Omen\Desktop\CSIR_4PI\Medical-Segmentation\dataset\masks\mask_002081.png
image_002578.png,mask_002578.png,C:\Users\HP Omen\Desktop\CSIR_4PI\Medical-Segmentation\dataset\images\image_002578.png,C:\Users\HP Omen\Desktop\CSIR_4PI\Medical-Segmentation\dataset\masks\mask_002578.png
image_002766.png,mask_002766.png,C:\Users\HP Omen\Desktop\CSIR_4PI\Medical-Segmentation\dataset\images\image_002766.png,C:\Users\HP Omen\Desktop\CSIR_4PI\Medical-Segmentation\dataset\masks\mask_002766.png
image_001722.png,mask_001722.png,C:\Users\HP Omen\Desktop\CSIR_4PI\Medical-Segmentation\dataset\images\image_001722.png,C:\Users\HP Omen\Desktop\CSIR_4PI\Medical-Segmentation\dataset\masks\mask_001722.png
image_001272.png,mask_001272.png,C:\Users\HP Omen\Desktop\CSIR_4PI\Medical-Segmentation\dataset\images\image_001272.png,C:\Users\HP Omen\Desktop\CSIR_4PI\Medical-Segmentation\dataset\masks\mask_001272.png
image_003891.png,mask_003891.png,C:\Users\HP Omen\Desktop\CSIR_4PI\Medical-Segmentation\dataset\images\image_003891.png,C:\Users\HP Omen\Desktop\CSIR_4PI\Medical-Segmentation\dataset\masks\mask_003891.png
image_001128.png,mask_001128.png,C:\Users\HP Omen\Desktop\CSIR_4PI\Medical-Segmentation\dataset\images\image_001128.png,C:\Users\HP Omen\Desktop\CSIR_4PI\Medical-Segmentation\dataset\masks\mask_001128.png
image_000627.png,mask_000627.png,C:\Users\HP Omen\Desktop\CSIR_4PI\Medical-Segmentation\dataset\images\image_000627.png,C:\Users\HP Omen\Desktop\CSIR_4PI\Medical-Segmentation\dataset\masks\mask_000627.png
image_000348.png,mask_000348.png,C:\Users\HP Omen\Desktop\CSIR_4PI\Medical-Segmentation\dataset\images\image_000348.png,C:\Users\HP Omen\Desktop\CSIR_4PI\Medical-Segmentation\dataset\masks\mask_000348.png
image_003478.png,mask_003478.png,C:\Users\HP Omen\Desktop\CSIR_4PI\Medical-Segmentation\dataset\images\image_003478.png,C:\Users\HP Omen\Desktop\CSIR_4PI\Medical-Segmentation\dataset\masks\mask_003478.png
image_002499.png,mask_002499.png,C:\Users\HP Omen\Desktop\CSIR_4PI\Medical-Segmentation\dataset\images\image_002499.png,C:\Users\HP Omen\Desktop\CSIR_4PI\Medical-Segmentation\dataset\masks\mask_002499.png
image_003861.png,mask_003861.png,C:\Users\HP Omen\Desktop\CSIR_4PI\Medical-Segmentation\dataset\images\image_003861.png,C:\Users\HP Omen\Desktop\CSIR_4PI\Medical-Segmentation\dataset\masks\mask_003861.png
image_000980.png,mask_000980.png,C:\Users\HP Omen\Desktop\CSIR_4PI\Medical-Segmentation\dataset\images\image_000980.png,C:\Users\HP Omen\Desktop\CSIR_4PI\Medical-Segmentation\dataset\masks\mask_000980.png
image_001424.png,mask_001424.png,C:\Users\HP Omen\Desktop\CSIR_4PI\Medical-Segmentation\dataset\images\image_001424.png,C:\Users\HP Omen\Desktop\CSIR_4PI\Medical-Segmentation\dataset\masks\mask_001424.png
image_003382.png,mask_003382.png,C:\Users\HP Omen\Desktop\CSIR_4PI\Medical-Segmentation\dataset\images\image_003382.png,C:\Users\HP Omen\Desktop\CSIR_4PI\Medical-Segmentation\dataset\masks\mask_003382.png
image_002731.png,mask_002731.png,C:\Users\HP Omen\Desktop\CSIR_4PI\Medical-Segmentation\dataset\images\image_002731.png,C:\Users\HP Omen\Desktop\CSIR_4PI\Medical-Segmentation\dataset\masks\mask_002731.png
image_000912.png,mask_000912.png,C:\Users\HP Omen\Desktop\CSIR_4PI\Medical-Segmentation\dataset\images\image_000912.png,C:\Users\HP Omen\Desktop\CSIR_4PI\Medical-Segmentation\dataset\masks\mask_000912.png
image_002453.png,mask_002453.png,C:\Users\HP Omen\Desktop\CSIR_4PI\Medical-Segmentation\dataset\images\image_002453.png,C:\Users\HP Omen\Desktop\CSIR_4PI\Medical-Segmentation\dataset\masks\mask_002453.png
image_000633.png,mask_000633.png,C:\Users\HP Omen\Desktop\CSIR_4PI\Medical-Segmentation\dataset\images\image_000633.png,C:\Users\HP Omen\Desktop\CSIR_4PI\Medical-Segmentation\dataset\masks\mask_000633.png
image_003670.png,mask_003670.png,C:\Users\HP Omen\Desktop\CSIR_4PI\Medical-Segmentation\dataset\images\image_003670.png,C:\Users\HP Omen\Desktop\CSIR_4PI\Medical-Segmentation\dataset\masks\mask_003670.png
image_000446.png,mask_000446.png,C:\Users\HP Omen\Desktop\CSIR_4PI\Medical-Segmentation\dataset\images\image_000446.png,C:\Users\HP Omen\Desktop\CSIR_4PI\Medical-Segmentation\dataset\masks\mask_000446.png
image_000618.png,mask_000618.png,C:\Users\HP Omen\Desktop\CSIR_4PI\Medical-Segmentation\dataset\images\image_000618.png,C:\Users\HP Omen\Desktop\CSIR_4PI\Medical-Segmentation\dataset\masks\mask_000618.png
image_002067.png,mask_002067.png,C:\Users\HP Omen\Desktop\CSIR_4PI\Medical-Segmentation\dataset\images\image_002067.png,C:\Users\HP Omen\Desktop\CSIR_4PI\Medical-Segmentation\dataset\masks\mask_002067.png
image_001831.png,mask_001831.png,C:\Users\HP Omen\Desktop\CSIR_4PI\Medical-Segmentation\dataset\images\image_001831.png,C:\Users\HP Omen\Desktop\CSIR_4PI\Medical-Segmentation\dataset\masks\mask_001831.png
image_002133.png,mask_002133.png,C:\Users\HP Omen\Desktop\CSIR_4PI\Medical-Segmentation\dataset\images\image_002133.png,C:\Users\HP Omen\Desktop\CSIR_4PI\Medical-Segmentation\dataset\masks\mask_002133.png
image_002950.png,mask_002950.png,C:\Users\HP Omen\Desktop\CSIR_4PI\Medical-Segmentation\dataset\images\image_002950.png,C:\Users\HP Omen\Desktop\CSIR_4PI\Medical-Segmentation\dataset\masks\mask_002950.png
image_002635.png,mask_002635.png,C:\Users\HP Omen\Desktop\CSIR_4PI\Medical-Segmentation\dataset\images\image_002635.png,C:\Users\HP Omen\Desktop\CSIR_4PI\Medical-Segmentation\dataset\masks\mask_002635.png
image_002390.png,mask_002390.png,C:\Users\HP Omen\Desktop\CSIR_4PI\Medical-Segmentation\dataset\images\image_002390.png,C:\Users\HP Omen\Desktop\CSIR_4PI\Medical-Segmentation\dataset\masks\mask_002390.png
image_003335.png,mask_003335.png,C:\Users\HP Omen\Desktop\CSIR_4PI\Medical-Segmentation\dataset\images\image_003335.png,C:\Users\HP Omen\Desktop\CSIR_4PI\Medical-Segmentation\dataset\masks\mask_003335.png
image_001466.png,mask_001466.png,C:\Users\HP Omen\Desktop\CSIR_4PI\Medical-Segmentation\dataset\images\image_001466.png,C:\Users\HP Omen\Desktop\CSIR_4PI\Medical-Segmentation\dataset\masks\mask_001466.png
image_001614.png,mask_001614.png,C:\Users\HP Omen\Desktop\CSIR_4PI\Medical-Segmentation\dataset\images\image_001614.png,C:\Users\HP Omen\Desktop\CSIR_4PI\Medical-Segmentation\dataset\masks\mask_001614.png
image_003162.png,mask_003162.png,C:\Users\HP Omen\Desktop\CSIR_4PI\Medical-Segmentation\dataset\images\image_003162.png,C:\Users\HP Omen\Desktop\CSIR_4PI\Medical-Segmentation\dataset\masks\mask_003162.png
image_000116.png,mask_000116.png,C:\Users\HP Omen\Desktop\CSIR_4PI\Medical-Segmentation\dataset\images\image_000116.png,C:\Users\HP Omen\Desktop\CSIR_4PI\Medical-Segmentation\dataset\masks\mask_000116.png
image_001495.png,mask_001495.png,C:\Users\HP Omen\Desktop\CSIR_4PI\Medical-Segmentation\dataset\images\image_001495.png,C:\Users\HP Omen\Desktop\CSIR_4PI\Medical-Segmentation\dataset\masks\mask_001495.png
image_000354.png,mask_000354.png,C:\Users\HP Omen\Desktop\CSIR_4PI\Medical-Segmentation\dataset\images\image_000354.png,C:\Users\HP Omen\Desktop\CSIR_4PI\Medical-Segmentation\dataset\masks\mask_000354.png
image_001233.png,mask_001233.png,C:\Users\HP Omen\Desktop\CSIR_4PI\Medical-Segmentation\dataset\images\image_001233.png,C:\Users\HP Omen\Desktop\CSIR_4PI\Medical-Segmentation\dataset\masks\mask_001233.png
image_000614.png,mask_000614.png,C:\Users\HP Omen\Desktop\CSIR_4PI\Medical-Segmentation\dataset\images\image_000614.png,C:\Users\HP Omen\Desktop\CSIR_4PI\Medical-Segmentation\dataset\masks\mask_000614.png
image_003719.png,mask_003719.png,C:\Users\HP Omen\Desktop\CSIR_4PI\Medical-Segmentation\dataset\images\image_003719.png,C:\Users\HP Omen\Desktop\CSIR_4PI\Medical-Segmentation\dataset\masks\mask_003719.png
image_001660.png,mask_001660.png,C:\Users\HP Omen\Desktop\CSIR_4PI\Medical-Segmentation\dataset\images\image_001660.png,C:\Users\HP Omen\Desktop\CSIR_4PI\Medical-Segmentation\dataset\masks\mask_001660.png
image_002305.png,mask_002305.png,C:\Users\HP Omen\Desktop\CSIR_4PI\Medical-Segmentation\dataset\images\image_002305.png,C:\Users\HP Omen\Desktop\CSIR_4PI\Medical-Segmentation\dataset\masks\mask_002305.png
image_003653.png,mask_003653.png,C:\Users\HP Omen\Desktop\CSIR_4PI\Medical-Segmentation\dataset\images\image_003653.png,C:\Users\HP Omen\Desktop\CSIR_4PI\Medical-Segmentation\dataset\masks\mask_003653.png
image_002481.png,mask_002481.png,C:\Users\HP Omen\Desktop\CSIR_4PI\Medical-Segmentation\dataset\images\image_002481.png,C:\Users\HP Omen\Desktop\CSIR_4PI\Medical-Segmentation\dataset\masks\mask_002481.png
image_003694.png,mask_003694.png,C:\Users\HP Omen\Desktop\CSIR_4PI\Medical-Segmentation\dataset\images\image_003694.png,C:\Users\HP Omen\Desktop\CSIR_4PI\Medical-Segmentation\dataset\masks\mask_003694.png
image_000058.png,mask_000058.png,C:\Users\HP Omen\Desktop\CSIR_4PI\Medical-Segmentation\dataset\images\image_000058.png,C:\Users\HP Omen\Desktop\CSIR_4PI\Medical-Segmentation\dataset\masks\mask_000058.png
image_003143.png,mask_003143.png,C:\Users\HP Omen\Desktop\CSIR_4PI\Medical-Segmentation\dataset\images\image_003143.png,C:\Users\HP Omen\Desktop\CSIR_4PI\Medical-Segmentation\dataset\masks\mask_003143.png
image_002132.png,mask_002132.png,C:\Users\HP Omen\Desktop\CSIR_4PI\Medical-Segmentation\dataset\images\image_002132.png,C:\Users\HP Omen\Desktop\CSIR_4PI\Medical-Segmentation\dataset\masks\mask_002132.png
image_002865.png,mask_002865.png,C:\Users\HP Omen\Desktop\CSIR_4PI\Medical-Segmentation\dataset\images\image_002865.png,C:\Users\HP Omen\Desktop\CSIR_4PI\Medical-Segmentation\dataset\masks\mask_002865.png
image_001254.png,mask_001254.png,C:\Users\HP Omen\Desktop\CSIR_4PI\Medical-Segmentation\dataset\images\image_001254.png,C:\Users\HP Omen\Desktop\CSIR_4PI\Medical-Segmentation\dataset\masks\mask_001254.png
image_003277.png,mask_003277.png,C:\Users\HP Omen\Desktop\CSIR_4PI\Medical-Segmentation\dataset\images\image_003277.png,C:\Users\HP Omen\Desktop\CSIR_4PI\Medical-Segmentation\dataset\masks\mask_003277.png
image_002461.png,mask_002461.png,C:\Users\HP Omen\Desktop\CSIR_4PI\Medical-Segmentation\dataset\images\image_002461.png,C:\Users\HP Omen\Desktop\CSIR_4PI\Medical-Segmentation\dataset\masks\mask_002461.png
image_002294.png,mask_002294.png,C:\Users\HP Omen\Desktop\CSIR_4PI\Medical-Segmentation\dataset\images\image_002294.png,C:\Users\HP Omen\Desktop\CSIR_4PI\Medical-Segmentation\dataset\masks\mask_002294.png
image_003225.png,mask_003225.png,C:\Users\HP Omen\Desktop\CSIR_4PI\Medical-Segmentation\dataset\images\image_003225.png,C:\Users\HP Omen\Desktop\CSIR_4PI\Medical-Segmentation\dataset\masks\mask_003225.png
image_003782.png,mask_003782.png,C:\Users\HP Omen\Desktop\CSIR_4PI\Medical-Segmentation\dataset\images\image_003782.png,C:\Users\HP Omen\Desktop\CSIR_4PI\Medical-Segmentation\dataset\masks\mask_003782.png
image_001851.png,mask_001851.png,C:\Users\HP Omen\Desktop\CSIR_4PI\Medical-Segmentation\dataset\images\image_001851.png,C:\Users\HP Omen\Desktop\CSIR_4PI\Medical-Segmentation\dataset\masks\mask_001851.png
image_002230.png,mask_002230.png,C:\Users\HP Omen\Desktop\CSIR_4PI\Medical-Segmentation\dataset\images\image_002230.png,C:\Users\HP Omen\Desktop\CSIR_4PI\Medical-Segmentation\dataset\masks\mask_002230.png
image_002160.png,mask_002160.png,C:\Users\HP Omen\Desktop\CSIR_4PI\Medical-Segmentation\dataset\images\image_002160.png,C:\Users\HP Omen\Desktop\CSIR_4PI\Medical-Segmentation\dataset\masks\mask_002160.png
image_000561.png,mask_000561.png,C:\Users\HP Omen\Desktop\CSIR_4PI\Medical-Segmentation\dataset\images\image_000561.png,C:\Users\HP Omen\Desktop\CSIR_4PI\Medical-Segmentation\dataset\masks\mask_000561.png
image_000708.png,mask_000708.png,C:\Users\HP Omen\Desktop\CSIR_4PI\Medical-Segmentation\dataset\images\image_000708.png,C:\Users\HP Omen\Desktop\CSIR_4PI\Medical-Segmentation\dataset\masks\mask_000708.png
image_003660.png,mask_003660.png,C:\Users\HP Omen\Desktop\CSIR_4PI\Medical-Segmentation\dataset\images\image_003660.png,C:\Users\HP Omen\Desktop\CSIR_4PI\Medical-Segmentation\dataset\masks\mask_003660.png
image_000425.png,mask_000425.png,C:\Users\HP Omen\Desktop\CSIR_4PI\Medical-Segmentation\dataset\images\image_000425.png,C:\Users\HP Omen\Desktop\CSIR_4PI\Medical-Segmentation\dataset\masks\mask_000425.png
image_001094.png,mask_001094.png,C:\Users\HP Omen\Desktop\CSIR_4PI\Medical-Segmentation\dataset\images\image_001094.png,C:\Users\HP Omen\Desktop\CSIR_4PI\Medical-Segmentation\dataset\masks\mask_001094.png
image_001377.png,mask_001377.png,C:\Users\HP Omen\Desktop\CSIR_4PI\Medical-Segmentation\dataset\images\image_001377.png,C:\Users\HP Omen\Desktop\CSIR_4PI\Medical-Segmentation\dataset\masks\mask_001377.png
image_000648.png,mask_000648.png,C:\Users\HP Omen\Desktop\CSIR_4PI\Medical-Segmentation\dataset\images\image_000648.png,C:\Users\HP Omen\Desktop\CSIR_4PI\Medical-Segmentation\dataset\masks\mask_000648.png
image_000073.png,mask_000073.png,C:\Users\HP Omen\Desktop\CSIR_4PI\Medical-Segmentation\dataset\images\image_000073.png,C:\Users\HP Omen\Desktop\CSIR_4PI\Medical-Segmentation\dataset\masks\mask_000073.png
image_002030.png,mask_002030.png,C:\Users\HP Omen\Desktop\CSIR_4PI\Medical-Segmentation\dataset\images\image_002030.png,C:\Users\HP Omen\Desktop\CSIR_4PI\Medical-Segmentation\dataset\masks\mask_002030.png
image_001865.png,mask_001865.png,C:\Users\HP Omen\Desktop\CSIR_4PI\Medical-Segmentation\dataset\images\image_001865.png,C:\Users\HP Omen\Desktop\CSIR_4PI\Medical-Segmentation\dataset\masks\mask_001865.png
image_003605.png,mask_003605.png,C:\Users\HP Omen\Desktop\CSIR_4PI\Medical-Segmentation\dataset\images\image_003605.png,C:\Users\HP Omen\Desktop\CSIR_4PI\Medical-Segmentation\dataset\masks\mask_003605.png
image_001006.png,mask_001006.png,C:\Users\HP Omen\Desktop\CSIR_4PI\Medical-Segmentation\dataset\images\image_001006.png,C:\Users\HP Omen\Desktop\CSIR_4PI\Medical-Segmentation\dataset\masks\mask_001006.png
image_000621.png,mask_000621.png,C:\Users\HP Omen\Desktop\CSIR_4PI\Medical-Segmentation\dataset\images\image_000621.png,C:\Users\HP Omen\Desktop\CSIR_4PI\Medical-Segmentation\dataset\masks\mask_000621.png
image_002255.png,mask_002255.png,C:\Users\HP Omen\Desktop\CSIR_4PI\Medical-Segmentation\dataset\images\image_002255.png,C:\Users\HP Omen\Desktop\CSIR_4PI\Medical-Segmentation\dataset\masks\mask_002255.png
image_000288.png,mask_000288.png,C:\Users\HP Omen\Desktop\CSIR_4PI\Medical-Segmentation\dataset\images\image_000288.png,C:\Users\HP Omen\Desktop\CSIR_4PI\Medical-Segmentation\dataset\masks\mask_000288.png
image_000554.png,mask_000554.png,C:\Users\HP Omen\Desktop\CSIR_4PI\Medical-Segmentation\dataset\images\image_000554.png,C:\Users\HP Omen\Desktop\CSIR_4PI\Medical-Segmentation\dataset\masks\mask_000554.png
image_001787.png,mask_001787.png,C:\Users\HP Omen\Desktop\CSIR_4PI\Medical-Segmentation\dataset\images\image_001787.png,C:\Users\HP Omen\Desktop\CSIR_4PI\Medical-Segmentation\dataset\masks\mask_001787.png
image_002330.png,mask_002330.png,C:\Users\HP Omen\Desktop\CSIR_4PI\Medical-Segmentation\dataset\images\image_002330.png,C:\Users\HP Omen\Desktop\CSIR_4PI\Medical-Segmentation\dataset\masks\mask_002330.png
image_001555.png,mask_001555.png,C:\Users\HP Omen\Desktop\CSIR_4PI\Medical-Segmentation\dataset\images\image_001555.png,C:\Users\HP Omen\Desktop\CSIR_4PI\Medical-Segmentation\dataset\masks\mask_001555.png
image_003904.png,mask_003904.png,C:\Users\HP Omen\Desktop\CSIR_4PI\Medical-Segmentation\dataset\images\image_003904.png,C:\Users\HP Omen\Desktop\CSIR_4PI\Medical-Segmentation\dataset\masks\mask_003904.png
image_002219.png,mask_002219.png,C:\Users\HP Omen\Desktop\CSIR_4PI\Medical-Segmentation\dataset\images\image_002219.png,C:\Users\HP Omen\Desktop\CSIR_4PI\Medical-Segmentation\dataset\masks\mask_002219.png
image_003027.png,mask_003027.png,C:\Users\HP Omen\Desktop\CSIR_4PI\Medical-Segmentation\dataset\images\image_003027.png,C:\Users\HP Omen\Desktop\CSIR_4PI\Medical-Segmentation\dataset\masks\mask_003027.png
image_000999.png,mask_000999.png,C:\Users\HP Omen\Desktop\CSIR_4PI\Medical-Segmentation\dataset\images\image_000999.png,C:\Users\HP Omen\Desktop\CSIR_4PI\Medical-Segmentation\dataset\masks\mask_000999.png
image_003868.png,mask_003868.png,C:\Users\HP Omen\Desktop\CSIR_4PI\Medical-Segmentation\dataset\images\image_003868.png,C:\Users\HP Omen\Desktop\CSIR_4PI\Medical-Segmentation\dataset\masks\mask_003868.png
image_002828.png,mask_002828.png,C:\Users\HP Omen\Desktop\CSIR_4PI\Medical-Segmentation\dataset\images\image_002828.png,C:\Users\HP Omen\Desktop\CSIR_4PI\Medical-Segmentation\dataset\masks\mask_002828.png
image_001989.png,mask_001989.png,C:\Users\HP Omen\Desktop\CSIR_4PI\Medical-Segmentation\dataset\images\image_001989.png,C:\Users\HP Omen\Desktop\CSIR_4PI\Medical-Segmentation\dataset\masks\mask_001989.png
image_001398.png,mask_001398.png,C:\Users\HP Omen\Desktop\CSIR_4PI\Medical-Segmentation\dataset\images\image_001398.png,C:\Users\HP Omen\Desktop\CSIR_4PI\Medical-Segmentation\dataset\masks\mask_001398.png
image_001578.png,mask_001578.png,C:\Users\HP Omen\Desktop\CSIR_4PI\Medical-Segmentation\dataset\images\image_001578.png,C:\Users\HP Omen\Desktop\CSIR_4PI\Medical-Segmentation\dataset\masks\mask_001578.png
image_003593.png,mask_003593.png,C:\Users\HP Omen\Desktop\CSIR_4PI\Medical-Segmentation\dataset\images\image_003593.png,C:\Users\HP Omen\Desktop\CSIR_4PI\Medical-Segmentation\dataset\masks\mask_003593.png
image_002625.png,mask_002625.png,C:\Users\HP Omen\Desktop\CSIR_4PI\Medical-Segmentation\dataset\images\image_002625.png,C:\Users\HP Omen\Desktop\CSIR_4PI\Medical-Segmentation\dataset\masks\mask_002625.png
image_003907.png,mask_003907.png,C:\Users\HP Omen\Desktop\CSIR_4PI\Medical-Segmentation\dataset\images\image_003907.png,C:\Users\HP Omen\Desktop\CSIR_4PI\Medical-Segmentation\dataset\masks\mask_003907.png
image_002282.png,mask_002282.png,C:\Users\HP Omen\Desktop\CSIR_4PI\Medical-Segmentation\dataset\images\image_002282.png,C:\Users\HP Omen\Desktop\CSIR_4PI\Medical-Segmentation\dataset\masks\mask_002282.png
image_003760.png,mask_003760.png,C:\Users\HP Omen\Desktop\CSIR_4PI\Medical-Segmentation\dataset\images\image_003760.png,C:\Users\HP Omen\Desktop\CSIR_4PI\Medical-Segmentation\dataset\masks\mask_003760.png
image_000441.png,mask_000441.png,C:\Users\HP Omen\Desktop\CSIR_4PI\Medical-Segmentation\dataset\images\image_000441.png,C:\Users\HP Omen\Desktop\CSIR_4PI\Medical-Segmentation\dataset\masks\mask_000441.png
image_000509.png,mask_000509.png,C:\Users\HP Omen\Desktop\CSIR_4PI\Medical-Segmentation\dataset\images\image_000509.png,C:\Users\HP Omen\Desktop\CSIR_4PI\Medical-Segmentation\dataset\masks\mask_000509.png
image_001101.png,mask_001101.png,C:\Users\HP Omen\Desktop\CSIR_4PI\Medical-Segmentation\dataset\images\image_001101.png,C:\Users\HP Omen\Desktop\CSIR_4PI\Medical-Segmentation\dataset\masks\mask_001101.png
image_000590.png,mask_000590.png,C:\Users\HP Omen\Desktop\CSIR_4PI\Medical-Segmentation\dataset\images\image_000590.png,C:\Users\HP Omen\Desktop\CSIR_4PI\Medical-Segmentation\dataset\masks\mask_000590.png
image_003034.png,mask_003034.png,C:\Users\HP Omen\Desktop\CSIR_4PI\Medical-Segmentation\dataset\images\image_003034.png,C:\Users\HP Omen\Desktop\CSIR_4PI\Medical-Segmentation\dataset\masks\mask_003034.png
image_000650.png,mask_000650.png,C:\Users\HP Omen\Desktop\CSIR_4PI\Medical-Segmentation\dataset\images\image_000650.png,C:\Users\HP Omen\Desktop\CSIR_4PI\Medical-Segmentation\dataset\masks\mask_000650.png
image_001547.png,mask_001547.png,C:\Users\HP Omen\Desktop\CSIR_4PI\Medical-Segmentation\dataset\images\image_001547.png,C:\Users\HP Omen\Desktop\CSIR_4PI\Medical-Segmentation\dataset\masks\mask_001547.png
image_003580.png,mask_003580.png,C:\Users\HP Omen\Desktop\CSIR_4PI\Medical-Segmentation\dataset\images\image_003580.png,C:\Users\HP Omen\Desktop\CSIR_4PI\Medical-Segmentation\dataset\masks\mask_003580.png
image_003850.png,mask_003850.png,C:\Users\HP Omen\Desktop\CSIR_4PI\Medical-Segmentation\dataset\images\image_003850.png,C:\Users\HP Omen\Desktop\CSIR_4PI\Medical-Segmentation\dataset\masks\mask_003850.png
image_002284.png,mask_002284.png,C:\Users\HP Omen\Desktop\CSIR_4PI\Medical-Segmentation\dataset\images\image_002284.png,C:\Users\HP Omen\Desktop\CSIR_4PI\Medical-Segmentation\dataset\masks\mask_002284.png
image_003789.png,mask_003789.png,C:\Users\HP Omen\Desktop\CSIR_4PI\Medical-Segmentation\dataset\images\image_003789.png,C:\Users\HP Omen\Desktop\CSIR_4PI\Medical-Segmentation\dataset\masks\mask_003789.png
image_002019.png,mask_002019.png,C:\Users\HP Omen\Desktop\CSIR_4PI\Medical-Segmentation\dataset\images\image_002019.png,C:\Users\HP Omen\Desktop\CSIR_4PI\Medical-Segmentation\dataset\masks\mask_002019.png
image_001456.png,mask_001456.png,C:\Users\HP Omen\Desktop\CSIR_4PI\Medical-Segmentation\dataset\images\image_001456.png,C:\Users\HP Omen\Desktop\CSIR_4PI\Medical-Segmentation\dataset\masks\mask_001456.png
image_002046.png,mask_002046.png,C:\Users\HP Omen\Desktop\CSIR_4PI\Medical-Segmentation\dataset\images\image_002046.png,C:\Users\HP Omen\Desktop\CSIR_4PI\Medical-Segmentation\dataset\masks\mask_002046.png
image_000661.png,mask_000661.png,C:\Users\HP Omen\Desktop\CSIR_4PI\Medical-Segmentation\dataset\images\image_000661.png,C:\Users\HP Omen\Desktop\CSIR_4PI\Medical-Segmentation\dataset\masks\mask_000661.png
image_000631.png,mask_000631.png,C:\Users\HP Omen\Desktop\CSIR_4PI\Medical-Segmentation\dataset\images\image_000631.png,C:\Users\HP Omen\Desktop\CSIR_4PI\Medical-Segmentation\dataset\masks\mask_000631.png
image_000673.png,mask_000673.png,C:\Users\HP Omen\Desktop\CSIR_4PI\Medical-Segmentation\dataset\images\image_000673.png,C:\Users\HP Omen\Desktop\CSIR_4PI\Medical-Segmentation\dataset\masks\mask_000673.png
image_001250.png,mask_001250.png,C:\Users\HP Omen\Desktop\CSIR_4PI\Medical-Segmentation\dataset\images\image_001250.png,C:\Users\HP Omen\Desktop\CSIR_4PI\Medical-Segmentation\dataset\masks\mask_001250.png
image_001676.png,mask_001676.png,C:\Users\HP Omen\Desktop\CSIR_4PI\Medical-Segmentation\dataset\images\image_001676.png,C:\Users\HP Omen\Desktop\CSIR_4PI\Medical-Segmentation\dataset\masks\mask_001676.png
image_000483.png,mask_000483.png,C:\Users\HP Omen\Desktop\CSIR_4PI\Medical-Segmentation\dataset\images\image_000483.png,C:\Users\HP Omen\Desktop\CSIR_4PI\Medical-Segmentation\dataset\masks\mask_000483.png
image_001585.png,mask_001585.png,C:\Users\HP Omen\Desktop\CSIR_4PI\Medical-Segmentation\dataset\images\image_001585.png,C:\Users\HP Omen\Desktop\CSIR_4PI\Medical-Segmentation\dataset\masks\mask_001585.png
image_001910.png,mask_001910.png,C:\Users\HP Omen\Desktop\CSIR_4PI\Medical-Segmentation\dataset\images\image_001910.png,C:\Users\HP Omen\Desktop\CSIR_4PI\Medical-Segmentation\dataset\masks\mask_001910.png
image_003353.png,mask_003353.png,C:\Users\HP Omen\Desktop\CSIR_4PI\Medical-Segmentation\dataset\images\image_003353.png,C:\Users\HP Omen\Desktop\CSIR_4PI\Medical-Segmentation\dataset\masks\mask_003353.png
image_001872.png,mask_001872.png,C:\Users\HP Omen\Desktop\CSIR_4PI\Medical-Segmentation\dataset\images\image_001872.png,C:\Users\HP Omen\Desktop\CSIR_4PI\Medical-Segmentation\dataset\masks\mask_001872.png
image_001463.png,mask_001463.png,C:\Users\HP Omen\Desktop\CSIR_4PI\Medical-Segmentation\dataset\images\image_001463.png,C:\Users\HP Omen\Desktop\CSIR_4PI\Medical-Segmentation\dataset\masks\mask_001463.png
image_003127.png,mask_003127.png,C:\Users\HP Omen\Desktop\CSIR_4PI\Medical-Segmentation\dataset\images\image_003127.png,C:\Users\HP Omen\Desktop\CSIR_4PI\Medical-Segmentation\dataset\masks\mask_003127.png
image_002528.png,mask_002528.png,C:\Users\HP Omen\Desktop\CSIR_4PI\Medical-Segmentation\dataset\images\image_002528.png,C:\Users\HP Omen\Desktop\CSIR_4PI\Medical-Segmentation\dataset\masks\mask_002528.png
image_002340.png,mask_002340.png,C:\Users\HP Omen\Desktop\CSIR_4PI\Medical-Segmentation\dataset\images\image_002340.png,C:\Users\HP Omen\Desktop\CSIR_4PI\Medical-Segmentation\dataset\masks\mask_002340.png
image_000857.png,mask_000857.png,C:\Users\HP Omen\Desktop\CSIR_4PI\Medical-Segmentation\dataset\images\image_000857.png,C:\Users\HP Omen\Desktop\CSIR_4PI\Medical-Segmentation\dataset\masks\mask_000857.png
image_001226.png,mask_001226.png,C:\Users\HP Omen\Desktop\CSIR_4PI\Medical-Segmentation\dataset\images\image_001226.png,C:\Users\HP Omen\Desktop\CSIR_4PI\Medical-Segmentation\dataset\masks\mask_001226.png
image_001191.png,mask_001191.png,C:\Users\HP Omen\Desktop\CSIR_4PI\Medical-Segmentation\dataset\images\image_001191.png,C:\Users\HP Omen\Desktop\CSIR_4PI\Medical-Segmentation\dataset\masks\mask_001191.png
image_003044.png,mask_003044.png,C:\Users\HP Omen\Desktop\CSIR_4PI\Medical-Segmentation\dataset\images\image_003044.png,C:\Users\HP Omen\Desktop\CSIR_4PI\Medical-Segmentation\dataset\masks\mask_003044.png
image_000531.png,mask_000531.png,C:\Users\HP Omen\Desktop\CSIR_4PI\Medical-Segmentation\dataset\images\image_000531.png,C:\Users\HP Omen\Desktop\CSIR_4PI\Medical-Segmentation\dataset\masks\mask_000531.png
image_003467.png,mask_003467.png,C:\Users\HP Omen\Desktop\CSIR_4PI\Medical-Segmentation\dataset\images\image_003467.png,C:\Users\HP Omen\Desktop\CSIR_4PI\Medical-Segmentation\dataset\masks\mask_003467.png
image_000050.png,mask_000050.png,C:\Users\HP Omen\Desktop\CSIR_4PI\Medical-Segmentation\dataset\images\image_000050.png,C:\Users\HP Omen\Desktop\CSIR_4PI\Medical-Segmentation\dataset\masks\mask_000050.png
image_002861.png,mask_002861.png,C:\Users\HP Omen\Desktop\CSIR_4PI\Medical-Segmentation\dataset\images\image_002861.png,C:\Users\HP Omen\Desktop\CSIR_4PI\Medical-Segmentation\dataset\masks\mask_002861.png
image_003298.png,mask_003298.png,C:\Users\HP Omen\Desktop\CSIR_4PI\Medical-Segmentation\dataset\images\image_003298.png,C:\Users\HP Omen\Desktop\CSIR_4PI\Medical-Segmentation\dataset\masks\mask_003298.png
image_000859.png,mask_000859.png,C:\Users\HP Omen\Desktop\CSIR_4PI\Medical-Segmentation\dataset\images\image_000859.png,C:\Users\HP Omen\Desktop\CSIR_4PI\Medical-Segmentation\dataset\masks\mask_000859.png
image_001736.png,mask_001736.png,C:\Users\HP Omen\Desktop\CSIR_4PI\Medical-Segmentation\dataset\images\image_001736.png,C:\Users\HP Omen\Desktop\CSIR_4PI\Medical-Segmentation\dataset\masks\mask_001736.png
image_001073.png,mask_001073.png,C:\Users\HP Omen\Desktop\CSIR_4PI\Medical-Segmentation\dataset\images\image_001073.png,C:\Users\HP Omen\Desktop\CSIR_4PI\Medical-Segmentation\dataset\masks\mask_001073.png
image_000720.png,mask_000720.png,C:\Users\HP Omen\Desktop\CSIR_4PI\Medical-Segmentation\dataset\images\image_000720.png,C:\Users\HP Omen\Desktop\CSIR_4PI\Medical-Segmentation\dataset\masks\mask_000720.png
image_002012.png,mask_002012.png,C:\Users\HP Omen\Desktop\CSIR_4PI\Medical-Segmentation\dataset\images\image_002012.png,C:\Users\HP Omen\Desktop\CSIR_4PI\Medical-Segmentation\dataset\masks\mask_002012.png
image_002972.png,mask_002972.png,C:\Users\HP Omen\Desktop\CSIR_4PI\Medical-Segmentation\dataset\images\image_002972.png,C:\Users\HP Omen\Desktop\CSIR_4PI\Medical-Segmentation\dataset\masks\mask_002972.png
image_002935.png,mask_002935.png,C:\Users\HP Omen\Desktop\CSIR_4PI\Medical-Segmentation\dataset\images\image_002935.png,C:\Users\HP Omen\Desktop\CSIR_4PI\Medical-Segmentation\dataset\masks\mask_002935.png
image_002247.png,mask_002247.png,C:\Users\HP Omen\Desktop\CSIR_4PI\Medical-Segmentation\dataset\images\image_002247.png,C:\Users\HP Omen\Desktop\CSIR_4PI\Medical-Segmentation\dataset\masks\mask_002247.png
image_002273.png,mask_002273.png,C:\Users\HP Omen\Desktop\CSIR_4PI\Medical-Segmentation\dataset\images\image_002273.png,C:\Users\HP Omen\Desktop\CSIR_4PI\Medical-Segmentation\dataset\masks\mask_002273.png
image_003765.png,mask_003765.png,C:\Users\HP Omen\Desktop\CSIR_4PI\Medical-Segmentation\dataset\images\image_003765.png,C:\Users\HP Omen\Desktop\CSIR_4PI\Medical-Segmentation\dataset\masks\mask_003765.png
image_003888.png,mask_003888.png,C:\Users\HP Omen\Desktop\CSIR_4PI\Medical-Segmentation\dataset\images\image_003888.png,C:\Users\HP Omen\Desktop\CSIR_4PI\Medical-Segmentation\dataset\masks\mask_003888.png
image_002910.png,mask_002910.png,C:\Users\HP Omen\Desktop\CSIR_4PI\Medical-Segmentation\dataset\images\image_002910.png,C:\Users\HP Omen\Desktop\CSIR_4PI\Medical-Segmentation\dataset\masks\mask_002910.png
image_001806.png,mask_001806.png,C:\Users\HP Omen\Desktop\CSIR_4PI\Medical-Segmentation\dataset\images\image_001806.png,C:\Users\HP Omen\Desktop\CSIR_4PI\Medical-Segmentation\dataset\masks\mask_001806.png
image_002898.png,mask_002898.png,C:\Users\HP Omen\Desktop\CSIR_4PI\Medical-Segmentation\dataset\images\image_002898.png,C:\Users\HP Omen\Desktop\CSIR_4PI\Medical-Segmentation\dataset\masks\mask_002898.png
image_003540.png,mask_003540.png,C:\Users\HP Omen\Desktop\CSIR_4PI\Medical-Segmentation\dataset\images\image_003540.png,C:\Users\HP Omen\Desktop\CSIR_4PI\Medical-Segmentation\dataset\masks\mask_003540.png
image_002684.png,mask_002684.png,C:\Users\HP Omen\Desktop\CSIR_4PI\Medical-Segmentation\dataset\images\image_002684.png,C:\Users\HP Omen\Desktop\CSIR_4PI\Medical-Segmentation\dataset\masks\mask_002684.png
image_002431.png,mask_002431.png,C:\Users\HP Omen\Desktop\CSIR_4PI\Medical-Segmentation\dataset\images\image_002431.png,C:\Users\HP Omen\Desktop\CSIR_4PI\Medical-Segmentation\dataset\masks\mask_002431.png
image_002659.png,mask_002659.png,C:\Users\HP Omen\Desktop\CSIR_4PI\Medical-Segmentation\dataset\images\image_002659.png,C:\Users\HP Omen\Desktop\CSIR_4PI\Medical-Segmentation\dataset\masks\mask_002659.png
image_001721.png,mask_001721.png,C:\Users\HP Omen\Desktop\CSIR_4PI\Medical-Segmentation\dataset\images\image_001721.png,C:\Users\HP Omen\Desktop\CSIR_4PI\Medical-Segmentation\dataset\masks\mask_001721.png
image_002788.png,mask_002788.png,C:\Users\HP Omen\Desktop\CSIR_4PI\Medical-Segmentation\dataset\images\image_002788.png,C:\Users\HP Omen\Desktop\CSIR_4PI\Medical-Segmentation\dataset\masks\mask_002788.png
image_001386.png,mask_001386.png,C:\Users\HP Omen\Desktop\CSIR_4PI\Medical-Segmentation\dataset\images\image_001386.png,C:\Users\HP Omen\Desktop\CSIR_4PI\Medical-Segmentation\dataset\masks\mask_001386.png
image_001400.png,mask_001400.png,C:\Users\HP Omen\Desktop\CSIR_4PI\Medical-Segmentation\dataset\images\image_001400.png,C:\Users\HP Omen\Desktop\CSIR_4PI\Medical-Segmentation\dataset\masks\mask_001400.png
image_001196.png,mask_001196.png,C:\Users\HP Omen\Desktop\CSIR_4PI\Medical-Segmentation\dataset\images\image_001196.png,C:\Users\HP Omen\Desktop\CSIR_4PI\Medical-Segmentation\dataset\masks\mask_001196.png
image_003701.png,mask_003701.png,C:\Users\HP Omen\Desktop\CSIR_4PI\Medical-Segmentation\dataset\images\image_003701.png,C:\Users\HP Omen\Desktop\CSIR_4PI\Medical-Segmentation\dataset\masks\mask_003701.png
image_001476.png,mask_001476.png,C:\Users\HP Omen\Desktop\CSIR_4PI\Medical-Segmentation\dataset\images\image_001476.png,C:\Users\HP Omen\Desktop\CSIR_4PI\Medical-Segmentation\dataset\masks\mask_001476.png
image_001954.png,mask_001954.png,C:\Users\HP Omen\Desktop\CSIR_4PI\Medical-Segmentation\dataset\images\image_001954.png,C:\Users\HP Omen\Desktop\CSIR_4PI\Medical-Segmentation\dataset\masks\mask_001954.png
image_003520.png,mask_003520.png,C:\Users\HP Omen\Desktop\CSIR_4PI\Medical-Segmentation\dataset\images\image_003520.png,C:\Users\HP Omen\Desktop\CSIR_4PI\Medical-Segmentation\dataset\masks\mask_003520.png
image_002285.png,mask_002285.png,C:\Users\HP Omen\Desktop\CSIR_4PI\Medical-Segmentation\dataset\images\image_002285.png,C:\Users\HP Omen\Desktop\CSIR_4PI\Medical-Segmentation\dataset\masks\mask_002285.png
image_000298.png,mask_000298.png,C:\Users\HP Omen\Desktop\CSIR_4PI\Medical-Segmentation\dataset\images\image_000298.png,C:\Users\HP Omen\Desktop\CSIR_4PI\Medical-Segmentation\dataset\masks\mask_000298.png
image_002035.png,mask_002035.png,C:\Users\HP Omen\Desktop\CSIR_4PI\Medical-Segmentation\dataset\images\image_002035.png,C:\Users\HP Omen\Desktop\CSIR_4PI\Medical-Segmentation\dataset\masks\mask_002035.png
image_001265.png,mask_001265.png,C:\Users\HP Omen\Desktop\CSIR_4PI\Medical-Segmentation\dataset\images\image_001265.png,C:\Users\HP Omen\Desktop\CSIR_4PI\Medical-Segmentation\dataset\masks\mask_001265.png
image_002043.png,mask_002043.png,C:\Users\HP Omen\Desktop\CSIR_4PI\Medical-Segmentation\dataset\images\image_002043.png,C:\Users\HP Omen\Desktop\CSIR_4PI\Medical-Segmentation\dataset\masks\mask_002043.png
image_000959.png,mask_000959.png,C:\Users\HP Omen\Desktop\CSIR_4PI\Medical-Segmentation\dataset\images\image_000959.png,C:\Users\HP Omen\Desktop\CSIR_4PI\Medical-Segmentation\dataset\masks\mask_000959.png
image_001607.png,mask_001607.png,C:\Users\HP Omen\Desktop\CSIR_4PI\Medical-Segmentation\dataset\images\image_001607.png,C:\Users\HP Omen\Desktop\CSIR_4PI\Medical-Segmentation\dataset\masks\mask_001607.png
image_002024.png,mask_002024.png,C:\Users\HP Omen\Desktop\CSIR_4PI\Medical-Segmentation\dataset\images\image_002024.png,C:\Users\HP Omen\Desktop\CSIR_4PI\Medical-Segmentation\dataset\masks\mask_002024.png
image_000909.png,mask_000909.png,C:\Users\HP Omen\Desktop\CSIR_4PI\Medical-Segmentation\dataset\images\image_000909.png,C:\Users\HP Omen\Desktop\CSIR_4PI\Medical-Segmentation\dataset\masks\mask_000909.png
image_001863.png,mask_001863.png,C:\Users\HP Omen\Desktop\CSIR_4PI\Medical-Segmentation\dataset\images\image_001863.png,C:\Users\HP Omen\Desktop\CSIR_4PI\Medical-Segmentation\dataset\masks\mask_001863.png
image_001610.png,mask_001610.png,C:\Users\HP Omen\Desktop\CSIR_4PI\Medical-Segmentation\dataset\images\image_001610.png,C:\Users\HP Omen\Desktop\CSIR_4PI\Medical-Segmentation\dataset\masks\mask_001610.png
image_002370.png,mask_002370.png,C:\Users\HP Omen\Desktop\CSIR_4PI\Medical-Segmentation\dataset\images\image_002370.png,C:\Users\HP Omen\Desktop\CSIR_4PI\Medical-Segmentation\dataset\masks\mask_002370.png
image_001375.png,mask_001375.png,C:\Users\HP Omen\Desktop\CSIR_4PI\Medical-Segmentation\dataset\images\image_001375.png,C:\Users\HP Omen\Desktop\CSIR_4PI\Medical-Segmentation\dataset\masks\mask_001375.png
image_001287.png,mask_001287.png,C:\Users\HP Omen\Desktop\CSIR_4PI\Medical-Segmentation\dataset\images\image_001287.png,C:\Users\HP Omen\Desktop\CSIR_4PI\Medical-Segmentation\dataset\masks\mask_001287.png
image_003916.png,mask_003916.png,C:\Users\HP Omen\Desktop\CSIR_4PI\Medical-Segmentation\dataset\images\image_003916.png,C:\Users\HP Omen\Desktop\CSIR_4PI\Medical-Segmentation\dataset\masks\mask_003916.png
image_000350.png,mask_000350.png,C:\Users\HP Omen\Desktop\CSIR_4PI\Medical-Segmentation\dataset\images\image_000350.png,C:\Users\HP Omen\Desktop\CSIR_4PI\Medical-Segmentation\dataset\masks\mask_000350.png
image_001369.png,mask_001369.png,C:\Users\HP Omen\Desktop\CSIR_4PI\Medical-Segmentation\dataset\images\image_001369.png,C:\Users\HP Omen\Desktop\CSIR_4PI\Medical-Segmentation\dataset\masks\mask_001369.png
image_002094.png,mask_002094.png,C:\Users\HP Omen\Desktop\CSIR_4PI\Medical-Segmentation\dataset\images\image_002094.png,C:\Users\HP Omen\Desktop\CSIR_4PI\Medical-Segmentation\dataset\masks\mask_002094.png
image_000644.png,mask_000644.png,C:\Users\HP Omen\Desktop\CSIR_4PI\Medical-Segmentation\dataset\images\image_000644.png,C:\Users\HP Omen\Desktop\CSIR_4PI\Medical-Segmentation\dataset\masks\mask_000644.png
image_001794.png,mask_001794.png,C:\Users\HP Omen\Desktop\CSIR_4PI\Medical-Segmentation\dataset\images\image_001794.png,C:\Users\HP Omen\Desktop\CSIR_4PI\Medical-Segmentation\dataset\masks\mask_001794.png
image_002926.png,mask_002926.png,C:\Users\HP Omen\Desktop\CSIR_4PI\Medical-Segmentation\dataset\images\image_002926.png,C:\Users\HP Omen\Desktop\CSIR_4PI\Medical-Segmentation\dataset\masks\mask_002926.png
image_001682.png,mask_001682.png,C:\Users\HP Omen\Desktop\CSIR_4PI\Medical-Segmentation\dataset\images\image_001682.png,C:\Users\HP Omen\Desktop\CSIR_4PI\Medical-Segmentation\dataset\masks\mask_001682.png
image_000670.png,mask_000670.png,C:\Users\HP Omen\Desktop\CSIR_4PI\Medical-Segmentation\dataset\images\image_000670.png,C:\Users\HP Omen\Desktop\CSIR_4PI\Medical-Segmentation\dataset\masks\mask_000670.png
image_003563.png,mask_003563.png,C:\Users\HP Omen\Desktop\CSIR_4PI\Medical-Segmentation\dataset\images\image_003563.png,C:\Users\HP Omen\Desktop\CSIR_4PI\Medical-Segmentation\dataset\masks\mask_003563.png
image_002091.png,mask_002091.png,C:\Users\HP Omen\Desktop\CSIR_4PI\Medical-Segmentation\dataset\images\image_002091.png,C:\Users\HP Omen\Desktop\CSIR_4PI\Medical-Segmentation\dataset\masks\mask_002091.png
image_003210.png,mask_003210.png,C:\Users\HP Omen\Desktop\CSIR_4PI\Medical-Segmentation\dataset\images\image_003210.png,C:\Users\HP Omen\Desktop\CSIR_4PI\Medical-Segmentation\dataset\masks\mask_003210.png
image_001823.png,mask_001823.png,C:\Users\HP Omen\Desktop\CSIR_4PI\Medical-Segmentation\dataset\images\image_001823.png,C:\Users\HP Omen\Desktop\CSIR_4PI\Medical-Segmentation\dataset\masks\mask_001823.png
image_003161.png,mask_003161.png,C:\Users\HP Omen\Desktop\CSIR_4PI\Medical-Segmentation\dataset\images\image_003161.png,C:\Users\HP Omen\Desktop\CSIR_4PI\Medical-Segmentation\dataset\masks\mask_003161.png
image_001180.png,mask_001180.png,C:\Users\HP Omen\Desktop\CSIR_4PI\Medical-Segmentation\dataset\images\image_001180.png,C:\Users\HP Omen\Desktop\CSIR_4PI\Medical-Segmentation\dataset\masks\mask_001180.png
image_002447.png,mask_002447.png,C:\Users\HP Omen\Desktop\CSIR_4PI\Medical-Segmentation\dataset\images\image_002447.png,C:\Users\HP Omen\Desktop\CSIR_4PI\Medical-Segmentation\dataset\masks\mask_002447.png
image_002703.png,mask_002703.png,C:\Users\HP Omen\Desktop\CSIR_4PI\Medical-Segmentation\dataset\images\image_002703.png,C:\Users\HP Omen\Desktop\CSIR_4PI\Medical-Segmentation\dataset\masks\mask_002703.png
image_002171.png,mask_002171.png,C:\Users\HP Omen\Desktop\CSIR_4PI\Medical-Segmentation\dataset\images\image_002171.png,C:\Users\HP Omen\Desktop\CSIR_4PI\Medical-Segmentation\dataset\masks\mask_002171.png
image_002448.png,mask_002448.png,C:\Users\HP Omen\Desktop\CSIR_4PI\Medical-Segmentation\dataset\images\image_002448.png,C:\Users\HP Omen\Desktop\CSIR_4PI\Medical-Segmentation\dataset\masks\mask_002448.png
image_001588.png,mask_001588.png,C:\Users\HP Omen\Desktop\CSIR_4PI\Medical-Segmentation\dataset\images\image_001588.png,C:\Users\HP Omen\Desktop\CSIR_4PI\Medical-Segmentation\dataset\masks\mask_001588.png
image_003214.png,mask_003214.png,C:\Users\HP Omen\Desktop\CSIR_4PI\Medical-Segmentation\dataset\images\image_003214.png,C:\Users\HP Omen\Desktop\CSIR_4PI\Medical-Segmentation\dataset\masks\mask_003214.png
image_002216.png,mask_002216.png,C:\Users\HP Omen\Desktop\CSIR_4PI\Medical-Segmentation\dataset\images\image_002216.png,C:\Users\HP Omen\Desktop\CSIR_4PI\Medical-Segmentation\dataset\masks\mask_002216.png
image_002581.png,mask_002581.png,C:\Users\HP Omen\Desktop\CSIR_4PI\Medical-Segmentation\dataset\images\image_002581.png,C:\Users\HP Omen\Desktop\CSIR_4PI\Medical-Segmentation\dataset\masks\mask_002581.png
image_001358.png,mask_001358.png,C:\Users\HP Omen\Desktop\CSIR_4PI\Medical-Segmentation\dataset\images\image_001358.png,C:\Users\HP Omen\Desktop\CSIR_4PI\Medical-Segmentation\dataset\masks\mask_001358.png
image_000787.png,mask_000787.png,C:\Users\HP Omen\Desktop\CSIR_4PI\Medical-Segmentation\dataset\images\image_000787.png,C:\Users\HP Omen\Desktop\CSIR_4PI\Medical-Segmentation\dataset\masks\mask_000787.png
image_003527.png,mask_003527.png,C:\Users\HP Omen\Desktop\CSIR_4PI\Medical-Segmentation\dataset\images\image_003527.png,C:\Users\HP Omen\Desktop\CSIR_4PI\Medical-Segmentation\dataset\masks\mask_003527.png
image_000141.png,mask_000141.png,C:\Users\HP Omen\Desktop\CSIR_4PI\Medical-Segmentation\dataset\images\image_000141.png,C:\Users\HP Omen\Desktop\CSIR_4PI\Medical-Segmentation\dataset\masks\mask_000141.png
image_000789.png,mask_000789.png,C:\Users\HP Omen\Desktop\CSIR_4PI\Medical-Segmentation\dataset\images\image_000789.png,C:\Users\HP Omen\Desktop\CSIR_4PI\Medical-Segmentation\dataset\masks\mask_000789.png
image_000324.png,mask_000324.png,C:\Users\HP Omen\Desktop\CSIR_4PI\Medical-Segmentation\dataset\images\image_000324.png,C:\Users\HP Omen\Desktop\CSIR_4PI\Medical-Segmentation\dataset\masks\mask_000324.png
image_002689.png,mask_002689.png,C:\Users\HP Omen\Desktop\CSIR_4PI\Medical-Segmentation\dataset\images\image_002689.png,C:\Users\HP Omen\Desktop\CSIR_4PI\Medical-Segmentation\dataset\masks\mask_002689.png
image_000715.png,mask_000715.png,C:\Users\HP Omen\Desktop\CSIR_4PI\Medical-Segmentation\dataset\images\image_000715.png,C:\Users\HP Omen\Desktop\CSIR_4PI\Medical-Segmentation\dataset\masks\mask_000715.png
image_002158.png,mask_002158.png,C:\Users\HP Omen\Desktop\CSIR_4PI\Medical-Segmentation\dataset\images\image_002158.png,C:\Users\HP Omen\Desktop\CSIR_4PI\Medical-Segmentation\dataset\masks\mask_002158.png
image_002334.png,mask_002334.png,C:\Users\HP Omen\Desktop\CSIR_4PI\Medical-Segmentation\dataset\images\image_002334.png,C:\Users\HP Omen\Desktop\CSIR_4PI\Medical-Segmentation\dataset\masks\mask_002334.png
image_003627.png,mask_003627.png,C:\Users\HP Omen\Desktop\CSIR_4PI\Medical-Segmentation\dataset\images\image_003627.png,C:\Users\HP Omen\Desktop\CSIR_4PI\Medical-Segmentation\dataset\masks\mask_003627.png
image_002004.png,mask_002004.png,C:\Users\HP Omen\Desktop\CSIR_4PI\Medical-Segmentation\dataset\images\image_002004.png,C:\Users\HP Omen\Desktop\CSIR_4PI\Medical-Segmentation\dataset\masks\mask_002004.png
image_003306.png,mask_003306.png,C:\Users\HP Omen\Desktop\CSIR_4PI\Medical-Segmentation\dataset\images\image_003306.png,C:\Users\HP Omen\Desktop\CSIR_4PI\Medical-Segmentation\dataset\masks\mask_003306.png
image_003444.png,mask_003444.png,C:\Users\HP Omen\Desktop\CSIR_4PI\Medical-Segmentation\dataset\images\image_003444.png,C:\Users\HP Omen\Desktop\CSIR_4PI\Medical-Segmentation\dataset\masks\mask_003444.png
image_000619.png,mask_000619.png,C:\Users\HP Omen\Desktop\CSIR_4PI\Medical-Segmentation\dataset\images\image_000619.png,C:\Users\HP Omen\Desktop\CSIR_4PI\Medical-Segmentation\dataset\masks\mask_000619.png
image_000407.png,mask_000407.png,C:\Users\HP Omen\Desktop\CSIR_4PI\Medical-Segmentation\dataset\images\image_000407.png,C:\Users\HP Omen\Desktop\CSIR_4PI\Medical-Segmentation\dataset\masks\mask_000407.png
image_002032.png,mask_002032.png,C:\Users\HP Omen\Desktop\CSIR_4PI\Medical-Segmentation\dataset\images\image_002032.png,C:\Users\HP Omen\Desktop\CSIR_4PI\Medical-Segmentation\dataset\masks\mask_002032.png
image_002952.png,mask_002952.png,C:\Users\HP Omen\Desktop\CSIR_4PI\Medical-Segmentation\dataset\images\image_002952.png,C:\Users\HP Omen\Desktop\CSIR_4PI\Medical-Segmentation\dataset\masks\mask_002952.png
image_003165.png,mask_003165.png,C:\Users\HP Omen\Desktop\CSIR_4PI\Medical-Segmentation\dataset\images\image_003165.png,C:\Users\HP Omen\Desktop\CSIR_4PI\Medical-Segmentation\dataset\masks\mask_003165.png
image_001949.png,mask_001949.png,C:\Users\HP Omen\Desktop\CSIR_4PI\Medical-Segmentation\dataset\images\image_001949.png,C:\Users\HP Omen\Desktop\CSIR_4PI\Medical-Segmentation\dataset\masks\mask_001949.png
image_002802.png,mask_002802.png,C:\Users\HP Omen\Desktop\CSIR_4PI\Medical-Segmentation\dataset\images\image_002802.png,C:\Users\HP Omen\Desktop\CSIR_4PI\Medical-Segmentation\dataset\masks\mask_002802.png
image_000498.png,mask_000498.png,C:\Users\HP Omen\Desktop\CSIR_4PI\Medical-Segmentation\dataset\images\image_000498.png,C:\Users\HP Omen\Desktop\CSIR_4PI\Medical-Segmentation\dataset\masks\mask_000498.png
image_003159.png,mask_003159.png,C:\Users\HP Omen\Desktop\CSIR_4PI\Medical-Segmentation\dataset\images\image_003159.png,C:\Users\HP Omen\Desktop\CSIR_4PI\Medical-Segmentation\dataset\masks\mask_003159.png
image_000343.png,mask_000343.png,C:\Users\HP Omen\Desktop\CSIR_4PI\Medical-Segmentation\dataset\images\image_000343.png,C:\Users\HP Omen\Desktop\CSIR_4PI\Medical-Segmentation\dataset\masks\mask_000343.png
image_002535.png,mask_002535.png,C:\Users\HP Omen\Desktop\CSIR_4PI\Medical-Segmentation\dataset\images\image_002535.png,C:\Users\HP Omen\Desktop\CSIR_4PI\Medical-Segmentation\dataset\masks\mask_002535.png
image_003075.png,mask_003075.png,C:\Users\HP Omen\Desktop\CSIR_4PI\Medical-Segmentation\dataset\images\image_003075.png,C:\Users\HP Omen\Desktop\CSIR_4PI\Medical-Segmentation\dataset\masks\mask_003075.png
image_000783.png,mask_000783.png,C:\Users\HP Omen\Desktop\CSIR_4PI\Medical-Segmentation\dataset\images\image_000783.png,C:\Users\HP Omen\Desktop\CSIR_4PI\Medical-Segmentation\dataset\masks\mask_000783.png
image_001324.png,mask_001324.png,C:\Users\HP Omen\Desktop\CSIR_4PI\Medical-Segmentation\dataset\images\image_001324.png,C:\Users\HP Omen\Desktop\CSIR_4PI\Medical-Segmentation\dataset\masks\mask_001324.png
image_002272.png,mask_002272.png,C:\Users\HP Omen\Desktop\CSIR_4PI\Medical-Segmentation\dataset\images\image_002272.png,C:\Users\HP Omen\Desktop\CSIR_4PI\Medical-Segmentation\dataset\masks\mask_002272.png
image_001892.png,mask_001892.png,C:\Users\HP Omen\Desktop\CSIR_4PI\Medical-Segmentation\dataset\images\image_001892.png,C:\Users\HP Omen\Desktop\CSIR_4PI\Medical-Segmentation\dataset\masks\mask_001892.png
image_000304.png,mask_000304.png,C:\Users\HP Omen\Desktop\CSIR_4PI\Medical-Segmentation\dataset\images\image_000304.png,C:\Users\HP Omen\Desktop\CSIR_4PI\Medical-Segmentation\dataset\masks\mask_000304.png
image_003201.png,mask_003201.png,C:\Users\HP Omen\Desktop\CSIR_4PI\Medical-Segmentation\dataset\images\image_003201.png,C:\Users\HP Omen\Desktop\CSIR_4PI\Medical-Segmentation\dataset\masks\mask_003201.png
image_002417.png,mask_002417.png,C:\Users\HP Omen\Desktop\CSIR_4PI\Medical-Segmentation\dataset\images\image_002417.png,C:\Users\HP Omen\Desktop\CSIR_4PI\Medical-Segmentation\dataset\masks\mask_002417.png
image_000665.png,mask_000665.png,C:\Users\HP Omen\Desktop\CSIR_4PI\Medical-Segmentation\dataset\images\image_000665.png,C:\Users\HP Omen\Desktop\CSIR_4PI\Medical-Segmentation\dataset\masks\mask_000665.png
image_001178.png,mask_001178.png,C:\Users\HP Omen\Desktop\CSIR_4PI\Medical-Segmentation\dataset\images\image_001178.png,C:\Users\HP Omen\Desktop\CSIR_4PI\Medical-Segmentation\dataset\masks\mask_001178.png
image_001245.png,mask_001245.png,C:\Users\HP Omen\Desktop\CSIR_4PI\Medical-Segmentation\dataset\images\image_001245.png,C:\Users\HP Omen\Desktop\CSIR_4PI\Medical-Segmentation\dataset\masks\mask_001245.png
image_002621.png,mask_002621.png,C:\Users\HP Omen\Desktop\CSIR_4PI\Medical-Segmentation\dataset\images\image_002621.png,C:\Users\HP Omen\Desktop\CSIR_4PI\Medical-Segmentation\dataset\masks\mask_002621.png
image_002311.png,mask_002311.png,C:\Users\HP Omen\Desktop\CSIR_4PI\Medical-Segmentation\dataset\images\image_002311.png,C:\Users\HP Omen\Desktop\CSIR_4PI\Medical-Segmentation\dataset\masks\mask_002311.png
image_003333.png,mask_003333.png,C:\Users\HP Omen\Desktop\CSIR_4PI\Medical-Segmentation\dataset\images\image_003333.png,C:\Users\HP Omen\Desktop\CSIR_4PI\Medical-Segmentation\dataset\masks\mask_003333.png
image_003505.png,mask_003505.png,C:\Users\HP Omen\Desktop\CSIR_4PI\Medical-Segmentation\dataset\images\image_003505.png,C:\Users\HP Omen\Desktop\CSIR_4PI\Medical-Segmentation\dataset\masks\mask_003505.png
image_002548.png,mask_002548.png,C:\Users\HP Omen\Desktop\CSIR_4PI\Medical-Segmentation\dataset\images\image_002548.png,C:\Users\HP Omen\Desktop\CSIR_4PI\Medical-Segmentation\dataset\masks\mask_002548.png
image_000085.png,mask_000085.png,C:\Users\HP Omen\Desktop\CSIR_4PI\Medical-Segmentation\dataset\images\image_000085.png,C:\Users\HP Omen\Desktop\CSIR_4PI\Medical-Segmentation\dataset\masks\mask_000085.png
image_003394.png,mask_003394.png,C:\Users\HP Omen\Desktop\CSIR_4PI\Medical-Segmentation\dataset\images\image_003394.png,C:\Users\HP Omen\Desktop\CSIR_4PI\Medical-Segmentation\dataset\masks\mask_003394.png
image_000942.png,mask_000942.png,C:\Users\HP Omen\Desktop\CSIR_4PI\Medical-Segmentation\dataset\images\image_000942.png,C:\Users\HP Omen\Desktop\CSIR_4PI\Medical-Segmentation\dataset\masks\mask_000942.png
image_000962.png,mask_000962.png,C:\Users\HP Omen\Desktop\CSIR_4PI\Medical-Segmentation\dataset\images\image_000962.png,C:\Users\HP Omen\Desktop\CSIR_4PI\Medical-Segmentation\dataset\masks\mask_000962.png
image_000842.png,mask_000842.png,C:\Users\HP Omen\Desktop\CSIR_4PI\Medical-Segmentation\dataset\images\image_000842.png,C:\Users\HP Omen\Desktop\CSIR_4PI\Medical-Segmentation\dataset\masks\mask_000842.png
image_002172.png,mask_002172.png,C:\Users\HP Omen\Desktop\CSIR_4PI\Medical-Segmentation\dataset\images\image_002172.png,C:\Users\HP Omen\Desktop\CSIR_4PI\Medical-Segmentation\dataset\masks\mask_002172.png
image_002642.png,mask_002642.png,C:\Users\HP Omen\Desktop\CSIR_4PI\Medical-Segmentation\dataset\images\image_002642.png,C:\Users\HP Omen\Desktop\CSIR_4PI\Medical-Segmentation\dataset\masks\mask_002642.png
image_003101.png,mask_003101.png,C:\Users\HP Omen\Desktop\CSIR_4PI\Medical-Segmentation\dataset\images\image_003101.png,C:\Users\HP Omen\Desktop\CSIR_4PI\Medical-Segmentation\dataset\masks\mask_003101.png
image_001980.png,mask_001980.png,C:\Users\HP Omen\Desktop\CSIR_4PI\Medical-Segmentation\dataset\images\image_001980.png,C:\Users\HP Omen\Desktop\CSIR_4PI\Medical-Segmentation\dataset\masks\mask_001980.png
image_002917.png,mask_002917.png,C:\Users\HP Omen\Desktop\CSIR_4PI\Medical-Segmentation\dataset\images\image_002917.png,C:\Users\HP Omen\Desktop\CSIR_4PI\Medical-Segmentation\dataset\masks\mask_002917.png
image_002113.png,mask_002113.png,C:\Users\HP Omen\Desktop\CSIR_4PI\Medical-Segmentation\dataset\images\image_002113.png,C:\Users\HP Omen\Desktop\CSIR_4PI\Medical-Segmentation\dataset\masks\mask_002113.png
image_000291.png,mask_000291.png,C:\Users\HP Omen\Desktop\CSIR_4PI\Medical-Segmentation\dataset\images\image_000291.png,C:\Users\HP Omen\Desktop\CSIR_4PI\Medical-Segmentation\dataset\masks\mask_000291.png
image_001906.png,mask_001906.png,C:\Users\HP Omen\Desktop\CSIR_4PI\Medical-Segmentation\dataset\images\image_001906.png,C:\Users\HP Omen\Desktop\CSIR_4PI\Medical-Segmentation\dataset\masks\mask_001906.png
image_002501.png,mask_002501.png,C:\Users\HP Omen\Desktop\CSIR_4PI\Medical-Segmentation\dataset\images\image_002501.png,C:\Users\HP Omen\Desktop\CSIR_4PI\Medical-Segmentation\dataset\masks\mask_002501.png
image_002877.png,mask_002877.png,C:\Users\HP Omen\Desktop\CSIR_4PI\Medical-Segmentation\dataset\images\image_002877.png,C:\Users\HP Omen\Desktop\CSIR_4PI\Medical-Segmentation\dataset\masks\mask_002877.png
image_003758.png,mask_003758.png,C:\Users\HP Omen\Desktop\CSIR_4PI\Medical-Segmentation\dataset\images\image_003758.png,C:\Users\HP Omen\Desktop\CSIR_4PI\Medical-Segmentation\dataset\masks\mask_003758.png
image_003556.png,mask_003556.png,C:\Users\HP Omen\Desktop\CSIR_4PI\Medical-Segmentation\dataset\images\image_003556.png,C:\Users\HP Omen\Desktop\CSIR_4PI\Medical-Segmentation\dataset\masks\mask_003556.png
image_000605.png,mask_000605.png,C:\Users\HP Omen\Desktop\CSIR_4PI\Medical-Segmentation\dataset\images\image_000605.png,C:\Users\HP Omen\Desktop\CSIR_4PI\Medical-Segmentation\dataset\masks\mask_000605.png
image_002654.png,mask_002654.png,C:\Users\HP Omen\Desktop\CSIR_4PI\Medical-Segmentation\dataset\images\image_002654.png,C:\Users\HP Omen\Desktop\CSIR_4PI\Medical-Segmentation\dataset\masks\mask_002654.png
image_000917.png,mask_000917.png,C:\Users\HP Omen\Desktop\CSIR_4PI\Medical-Segmentation\dataset\images\image_000917.png,C:\Users\HP Omen\Desktop\CSIR_4PI\Medical-Segmentation\dataset\masks\mask_000917.png
image_002092.png,mask_002092.png,C:\Users\HP Omen\Desktop\CSIR_4PI\Medical-Segmentation\dataset\images\image_002092.png,C:\Users\HP Omen\Desktop\CSIR_4PI\Medical-Segmentation\dataset\masks\mask_002092.png
image_002401.png,mask_002401.png,C:\Users\HP Omen\Desktop\CSIR_4PI\Medical-Segmentation\dataset\images\image_002401.png,C:\Users\HP Omen\Desktop\CSIR_4PI\Medical-Segmentation\dataset\masks\mask_002401.png
image_001100.png,mask_001100.png,C:\Users\HP Omen\Desktop\CSIR_4PI\Medical-Segmentation\dataset\images\image_001100.png,C:\Users\HP Omen\Desktop\CSIR_4PI\Medical-Segmentation\dataset\masks\mask_001100.png
image_001089.png,mask_001089.png,C:\Users\HP Omen\Desktop\CSIR_4PI\Medical-Segmentation\dataset\images\image_001089.png,C:\Users\HP Omen\Desktop\CSIR_4PI\Medical-Segmentation\dataset\masks\mask_001089.png
image_003732.png,mask_003732.png,C:\Users\HP Omen\Desktop\CSIR_4PI\Medical-Segmentation\dataset\images\image_003732.png,C:\Users\HP Omen\Desktop\CSIR_4PI\Medical-Segmentation\dataset\masks\mask_003732.png
image_003293.png,mask_003293.png,C:\Users\HP Omen\Desktop\CSIR_4PI\Medical-Segmentation\dataset\images\image_003293.png,C:\Users\HP Omen\Desktop\CSIR_4PI\Medical-Segmentation\dataset\masks\mask_003293.png
image_001625.png,mask_001625.png,C:\Users\HP Omen\Desktop\CSIR_4PI\Medical-Segmentation\dataset\images\image_001625.png,C:\Users\HP Omen\Desktop\CSIR_4PI\Medical-Segmentation\dataset\masks\mask_001625.png
image_002472.png,mask_002472.png,C:\Users\HP Omen\Desktop\CSIR_4PI\Medical-Segmentation\dataset\images\image_002472.png,C:\Users\HP Omen\Desktop\CSIR_4PI\Medical-Segmentation\dataset\masks\mask_002472.png
image_000822.png,mask_000822.png,C:\Users\HP Omen\Desktop\CSIR_4PI\Medical-Segmentation\dataset\images\image_000822.png,C:\Users\HP Omen\Desktop\CSIR_4PI\Medical-Segmentation\dataset\masks\mask_000822.png
image_002997.png,mask_002997.png,C:\Users\HP Omen\Desktop\CSIR_4PI\Medical-Segmentation\dataset\images\image_002997.png,C:\Users\HP Omen\Desktop\CSIR_4PI\Medical-Segmentation\dataset\masks\mask_002997.png
image_003864.png,mask_003864.png,C:\Users\HP Omen\Desktop\CSIR_4PI\Medical-Segmentation\dataset\images\image_003864.png,C:\Users\HP Omen\Desktop\CSIR_4PI\Medical-Segmentation\dataset\masks\mask_003864.png
image_003710.png,mask_003710.png,C:\Users\HP Omen\Desktop\CSIR_4PI\Medical-Segmentation\dataset\images\image_003710.png,C:\Users\HP Omen\Desktop\CSIR_4PI\Medical-Segmentation\dataset\masks\mask_003710.png
image_003174.png,mask_003174.png,C:\Users\HP Omen\Desktop\CSIR_4PI\Medical-Segmentation\dataset\images\image_003174.png,C:\Users\HP Omen\Desktop\CSIR_4PI\Medical-Segmentation\dataset\masks\mask_003174.png
image_003221.png,mask_003221.png,C:\Users\HP Omen\Desktop\CSIR_4PI\Medical-Segmentation\dataset\images\image_003221.png,C:\Users\HP Omen\Desktop\CSIR_4PI\Medical-Segmentation\dataset\masks\mask_003221.png
image_001303.png,mask_001303.png,C:\Users\HP Omen\Desktop\CSIR_4PI\Medical-Segmentation\dataset\images\image_001303.png,C:\Users\HP Omen\Desktop\CSIR_4PI\Medical-Segmentation\dataset\masks\mask_001303.png
image_001001.png,mask_001001.png,C:\Users\HP Omen\Desktop\CSIR_4PI\Medical-Segmentation\dataset\images\image_001001.png,C:\Users\HP Omen\Desktop\CSIR_4PI\Medical-Segmentation\dataset\masks\mask_001001.png
image_003234.png,mask_003234.png,C:\Users\HP Omen\Desktop\CSIR_4PI\Medical-Segmentation\dataset\images\image_003234.png,C:\Users\HP Omen\Desktop\CSIR_4PI\Medical-Segmentation\dataset\masks\mask_003234.png
image_003072.png,mask_003072.png,C:\Users\HP Omen\Desktop\CSIR_4PI\Medical-Segmentation\dataset\images\image_003072.png,C:\Users\HP Omen\Desktop\CSIR_4PI\Medical-Segmentation\dataset\masks\mask_003072.png
image_001506.png,mask_001506.png,C:\Users\HP Omen\Desktop\CSIR_4PI\Medical-Segmentation\dataset\images\image_001506.png,C:\Users\HP Omen\Desktop\CSIR_4PI\Medical-Segmentation\dataset\masks\mask_001506.png
image_001478.png,mask_001478.png,C:\Users\HP Omen\Desktop\CSIR_4PI\Medical-Segmentation\dataset\images\image_001478.png,C:\Users\HP Omen\Desktop\CSIR_4PI\Medical-Segmentation\dataset\masks\mask_001478.png
image_000019.png,mask_000019.png,C:\Users\HP Omen\Desktop\CSIR_4PI\Medical-Segmentation\dataset\images\image_000019.png,C:\Users\HP Omen\Desktop\CSIR_4PI\Medical-Segmentation\dataset\masks\mask_000019.png
image_001638.png,mask_001638.png,C:\Users\HP Omen\Desktop\CSIR_4PI\Medical-Segmentation\dataset\images\image_001638.png,C:\Users\HP Omen\Desktop\CSIR_4PI\Medical-Segmentation\dataset\masks\mask_001638.png
image_001668.png,mask_001668.png,C:\Users\HP Omen\Desktop\CSIR_4PI\Medical-Segmentation\dataset\images\image_001668.png,C:\Users\HP Omen\Desktop\CSIR_4PI\Medical-Segmentation\dataset\masks\mask_001668.png
image_000494.png,mask_000494.png,C:\Users\HP Omen\Desktop\CSIR_4PI\Medical-Segmentation\dataset\images\image_000494.png,C:\Users\HP Omen\Desktop\CSIR_4PI\Medical-Segmentation\dataset\masks\mask_000494.png
image_001126.png,mask_001126.png,C:\Users\HP Omen\Desktop\CSIR_4PI\Medical-Segmentation\dataset\images\image_001126.png,C:\Users\HP Omen\Desktop\CSIR_4PI\Medical-Segmentation\dataset\masks\mask_001126.png
image_001405.png,mask_001405.png,C:\Users\HP Omen\Desktop\CSIR_4PI\Medical-Segmentation\dataset\images\image_001405.png,C:\Users\HP Omen\Desktop\CSIR_4PI\Medical-Segmentation\dataset\masks\mask_001405.png
image_003045.png,mask_003045.png,C:\Users\HP Omen\Desktop\CSIR_4PI\Medical-Segmentation\dataset\images\image_003045.png,C:\Users\HP Omen\Desktop\CSIR_4PI\Medical-Segmentation\dataset\masks\mask_003045.png
image_002652.png,mask_002652.png,C:\Users\HP Omen\Desktop\CSIR_4PI\Medical-Segmentation\dataset\images\image_002652.png,C:\Users\HP Omen\Desktop\CSIR_4PI\Medical-Segmentation\dataset\masks\mask_002652.png
image_002058.png,mask_002058.png,C:\Users\HP Omen\Desktop\CSIR_4PI\Medical-Segmentation\dataset\images\image_002058.png,C:\Users\HP Omen\Desktop\CSIR_4PI\Medical-Segmentation\dataset\masks\mask_002058.png
image_002406.png,mask_002406.png,C:\Users\HP Omen\Desktop\CSIR_4PI\Medical-Segmentation\dataset\images\image_002406.png,C:\Users\HP Omen\Desktop\CSIR_4PI\Medical-Segmentation\dataset\masks\mask_002406.png
image_002383.png,mask_002383.png,C:\Users\HP Omen\Desktop\CSIR_4PI\Medical-Segmentation\dataset\images\image_002383.png,C:\Users\HP Omen\Desktop\CSIR_4PI\Medical-Segmentation\dataset\masks\mask_002383.png
image_002231.png,mask_002231.png,C:\Users\HP Omen\Desktop\CSIR_4PI\Medical-Segmentation\dataset\images\image_002231.png,C:\Users\HP Omen\Desktop\CSIR_4PI\Medical-Segmentation\dataset\masks\mask_002231.png
image_001883.png,mask_001883.png,C:\Users\HP Omen\Desktop\CSIR_4PI\Medical-Segmentation\dataset\images\image_001883.png,C:\Users\HP Omen\Desktop\CSIR_4PI\Medical-Segmentation\dataset\masks\mask_001883.png
image_000585.png,mask_000585.png,C:\Users\HP Omen\Desktop\CSIR_4PI\Medical-Segmentation\dataset\images\image_000585.png,C:\Users\HP Omen\Desktop\CSIR_4PI\Medical-Segmentation\dataset\masks\mask_000585.png
image_002293.png,mask_002293.png,C:\Users\HP Omen\Desktop\CSIR_4PI\Medical-Segmentation\dataset\images\image_002293.png,C:\Users\HP Omen\Desktop\CSIR_4PI\Medical-Segmentation\dataset\masks\mask_002293.png
image_000688.png,mask_000688.png,C:\Users\HP Omen\Desktop\CSIR_4PI\Medical-Segmentation\dataset\images\image_000688.png,C:\Users\HP Omen\Desktop\CSIR_4PI\Medical-Segmentation\dataset\masks\mask_000688.png
image_002408.png,mask_002408.png,C:\Users\HP Omen\Desktop\CSIR_4PI\Medical-Segmentation\dataset\images\image_002408.png,C:\Users\HP Omen\Desktop\CSIR_4PI\Medical-Segmentation\dataset\masks\mask_002408.png
image_002246.png,mask_002246.png,C:\Users\HP Omen\Desktop\CSIR_4PI\Medical-Segmentation\dataset\images\image_002246.png,C:\Users\HP Omen\Desktop\CSIR_4PI\Medical-Segmentation\dataset\masks\mask_002246.png
image_002609.png,mask_002609.png,C:\Users\HP Omen\Desktop\CSIR_4PI\Medical-Segmentation\dataset\images\image_002609.png,C:\Users\HP Omen\Desktop\CSIR_4PI\Medical-Segmentation\dataset\masks\mask_002609.png
image_001609.png,mask_001609.png,C:\Users\HP Omen\Desktop\CSIR_4PI\Medical-Segmentation\dataset\images\image_001609.png,C:\Users\HP Omen\Desktop\CSIR_4PI\Medical-Segmentation\dataset\masks\mask_001609.png
image_002629.png,mask_002629.png,C:\Users\HP Omen\Desktop\CSIR_4PI\Medical-Segmentation\dataset\images\image_002629.png,C:\Users\HP Omen\Desktop\CSIR_4PI\Medical-Segmentation\dataset\masks\mask_002629.png
image_003057.png,mask_003057.png,C:\Users\HP Omen\Desktop\CSIR_4PI\Medical-Segmentation\dataset\images\image_003057.png,C:\Users\HP Omen\Desktop\CSIR_4PI\Medical-Segmentation\dataset\masks\mask_003057.png
image_001010.png,mask_001010.png,C:\Users\HP Omen\Desktop\CSIR_4PI\Medical-Segmentation\dataset\images\image_001010.png,C:\Users\HP Omen\Desktop\CSIR_4PI\Medical-Segmentation\dataset\masks\mask_001010.png
image_003151.png,mask_003151.png,C:\Users\HP Omen\Desktop\CSIR_4PI\Medical-Segmentation\dataset\images\image_003151.png,C:\Users\HP Omen\Desktop\CSIR_4PI\Medical-Segmentation\dataset\masks\mask_003151.png
image_003661.png,mask_003661.png,C:\Users\HP Omen\Desktop\CSIR_4PI\Medical-Segmentation\dataset\images\image_003661.png,C:\Users\HP Omen\Desktop\CSIR_4PI\Medical-Segmentation\dataset\masks\mask_003661.png
image_000361.png,mask_000361.png,C:\Users\HP Omen\Desktop\CSIR_4PI\Medical-Segmentation\dataset\images\image_000361.png,C:\Users\HP Omen\Desktop\CSIR_4PI\Medical-Segmentation\dataset\masks\mask_000361.png
image_003342.png,mask_003342.png,C:\Users\HP Omen\Desktop\CSIR_4PI\Medical-Segmentation\dataset\images\image_003342.png,C:\Users\HP Omen\Desktop\CSIR_4PI\Medical-Segmentation\dataset\masks\mask_003342.png
image_003584.png,mask_003584.png,C:\Users\HP Omen\Desktop\CSIR_4PI\Medical-Segmentation\dataset\images\image_003584.png,C:\Users\HP Omen\Desktop\CSIR_4PI\Medical-Segmentation\dataset\masks\mask_003584.png
image_003079.png,mask_003079.png,C:\Users\HP Omen\Desktop\CSIR_4PI\Medical-Segmentation\dataset\images\image_003079.png,C:\Users\HP Omen\Desktop\CSIR_4PI\Medical-Segmentation\dataset\masks\mask_003079.png
image_001678.png,mask_001678.png,C:\Users\HP Omen\Desktop\CSIR_4PI\Medical-Segmentation\dataset\images\image_001678.png,C:\Users\HP Omen\Desktop\CSIR_4PI\Medical-Segmentation\dataset\masks\mask_001678.png
image_001311.png,mask_001311.png,C:\Users\HP Omen\Desktop\CSIR_4PI\Medical-Segmentation\dataset\images\image_001311.png,C:\Users\HP Omen\Desktop\CSIR_4PI\Medical-Segmentation\dataset\masks\mask_001311.png
image_001171.png,mask_001171.png,C:\Users\HP Omen\Desktop\CSIR_4PI\Medical-Segmentation\dataset\images\image_001171.png,C:\Users\HP Omen\Desktop\CSIR_4PI\Medical-Segmentation\dataset\masks\mask_001171.png
image_002203.png,mask_002203.png,C:\Users\HP Omen\Desktop\CSIR_4PI\Medical-Segmentation\dataset\images\image_002203.png,C:\Users\HP Omen\Desktop\CSIR_4PI\Medical-Segmentation\dataset\masks\mask_002203.png
image_000801.png,mask_000801.png,C:\Users\HP Omen\Desktop\CSIR_4PI\Medical-Segmentation\dataset\images\image_000801.png,C:\Users\HP Omen\Desktop\CSIR_4PI\Medical-Segmentation\dataset\masks\mask_000801.png
image_002360.png,mask_002360.png,C:\Users\HP Omen\Desktop\CSIR_4PI\Medical-Segmentation\dataset\images\image_002360.png,C:\Users\HP Omen\Desktop\CSIR_4PI\Medical-Segmentation\dataset\masks\mask_002360.png
image_000345.png,mask_000345.png,C:\Users\HP Omen\Desktop\CSIR_4PI\Medical-Segmentation\dataset\images\image_000345.png,C:\Users\HP Omen\Desktop\CSIR_4PI\Medical-Segmentation\dataset\masks\mask_000345.png
image_000987.png,mask_000987.png,C:\Users\HP Omen\Desktop\CSIR_4PI\Medical-Segmentation\dataset\images\image_000987.png,C:\Users\HP Omen\Desktop\CSIR_4PI\Medical-Segmentation\dataset\masks\mask_000987.png
image_002585.png,mask_002585.png,C:\Users\HP Omen\Desktop\CSIR_4PI\Medical-Segmentation\dataset\images\image_002585.png,C:\Users\HP Omen\Desktop\CSIR_4PI\Medical-Segmentation\dataset\masks\mask_002585.png
image_000744.png,mask_000744.png,C:\Users\HP Omen\Desktop\CSIR_4PI\Medical-Segmentation\dataset\images\image_000744.png,C:\Users\HP Omen\Desktop\CSIR_4PI\Medical-Segmentation\dataset\masks\mask_000744.png
image_002995.png,mask_002995.png,C:\Users\HP Omen\Desktop\CSIR_4PI\Medical-Segmentation\dataset\images\image_002995.png,C:\Users\HP Omen\Desktop\CSIR_4PI\Medical-Segmentation\dataset\masks\mask_002995.png
image_001672.png,mask_001672.png,C:\Users\HP Omen\Desktop\CSIR_4PI\Medical-Segmentation\dataset\images\image_001672.png,C:\Users\HP Omen\Desktop\CSIR_4PI\Medical-Segmentation\dataset\masks\mask_001672.png
image_002405.png,mask_002405.png,C:\Users\HP Omen\Desktop\CSIR_4PI\Medical-Segmentation\dataset\images\image_002405.png,C:\Users\HP Omen\Desktop\CSIR_4PI\Medical-Segmentation\dataset\masks\mask_002405.png
image_002096.png,mask_002096.png,C:\Users\HP Omen\Desktop\CSIR_4PI\Medical-Segmentation\dataset\images\image_002096.png,C:\Users\HP Omen\Desktop\CSIR_4PI\Medical-Segmentation\dataset\masks\mask_002096.png
image_000114.png,mask_000114.png,C:\Users\HP Omen\Desktop\CSIR_4PI\Medical-Segmentation\dataset\images\image_000114.png,C:\Users\HP Omen\Desktop\CSIR_4PI\Medical-Segmentation\dataset\masks\mask_000114.png
image_001438.png,mask_001438.png,C:\Users\HP Omen\Desktop\CSIR_4PI\Medical-Segmentation\dataset\images\image_001438.png,C:\Users\HP Omen\Desktop\CSIR_4PI\Medical-Segmentation\dataset\masks\mask_001438.png
image_002553.png,mask_002553.png,C:\Users\HP Omen\Desktop\CSIR_4PI\Medical-Segmentation\dataset\images\image_002553.png,C:\Users\HP Omen\Desktop\CSIR_4PI\Medical-Segmentation\dataset\masks\mask_002553.png
image_001242.png,mask_001242.png,C:\Users\HP Omen\Desktop\CSIR_4PI\Medical-Segmentation\dataset\images\image_001242.png,C:\Users\HP Omen\Desktop\CSIR_4PI\Medical-Segmentation\dataset\masks\mask_001242.png
image_001143.png,mask_001143.png,C:\Users\HP Omen\Desktop\CSIR_4PI\Medical-Segmentation\dataset\images\image_001143.png,C:\Users\HP Omen\Desktop\CSIR_4PI\Medical-Segmentation\dataset\masks\mask_001143.png
image_003434.png,mask_003434.png,C:\Users\HP Omen\Desktop\CSIR_4PI\Medical-Segmentation\dataset\images\image_003434.png,C:\Users\HP Omen\Desktop\CSIR_4PI\Medical-Segmentation\dataset\masks\mask_003434.png
image_001217.png,mask_001217.png,C:\Users\HP Omen\Desktop\CSIR_4PI\Medical-Segmentation\dataset\images\image_001217.png,C:\Users\HP Omen\Desktop\CSIR_4PI\Medical-Segmentation\dataset\masks\mask_001217.png
image_001826.png,mask_001826.png,C:\Users\HP Omen\Desktop\CSIR_4PI\Medical-Segmentation\dataset\images\image_001826.png,C:\Users\HP Omen\Desktop\CSIR_4PI\Medical-Segmentation\dataset\masks\mask_001826.png
image_001199.png,mask_001199.png,C:\Users\HP Omen\Desktop\CSIR_4PI\Medical-Segmentation\dataset\images\image_001199.png,C:\Users\HP Omen\Desktop\CSIR_4PI\Medical-Segmentation\dataset\masks\mask_001199.png
image_000086.png,mask_000086.png,C:\Users\HP Omen\Desktop\CSIR_4PI\Medical-Segmentation\dataset\images\image_000086.png,C:\Users\HP Omen\Desktop\CSIR_4PI\Medical-Segmentation\dataset\masks\mask_000086.png
image_001519.png,mask_001519.png,C:\Users\HP Omen\Desktop\CSIR_4PI\Medical-Segmentation\dataset\images\image_001519.png,C:\Users\HP Omen\Desktop\CSIR_4PI\Medical-Segmentation\dataset\masks\mask_001519.png
image_002687.png,mask_002687.png,C:\Users\HP Omen\Desktop\CSIR_4PI\Medical-Segmentation\dataset\images\image_002687.png,C:\Users\HP Omen\Desktop\CSIR_4PI\Medical-Segmentation\dataset\masks\mask_002687.png
image_001382.png,mask_001382.png,C:\Users\HP Omen\Desktop\CSIR_4PI\Medical-Segmentation\dataset\images\image_001382.png,C:\Users\HP Omen\Desktop\CSIR_4PI\Medical-Segmentation\dataset\masks\mask_001382.png
image_002099.png,mask_002099.png,C:\Users\HP Omen\Desktop\CSIR_4PI\Medical-Segmentation\dataset\images\image_002099.png,C:\Users\HP Omen\Desktop\CSIR_4PI\Medical-Segmentation\dataset\masks\mask_002099.png
image_000669.png,mask_000669.png,C:\Users\HP Omen\Desktop\CSIR_4PI\Medical-Segmentation\dataset\images\image_000669.png,C:\Users\HP Omen\Desktop\CSIR_4PI\Medical-Segmentation\dataset\masks\mask_000669.png
image_003537.png,mask_003537.png,C:\Users\HP Omen\Desktop\CSIR_4PI\Medical-Segmentation\dataset\images\image_003537.png,C:\Users\HP Omen\Desktop\CSIR_4PI\Medical-Segmentation\dataset\masks\mask_003537.png
image_001015.png,mask_001015.png,C:\Users\HP Omen\Desktop\CSIR_4PI\Medical-Segmentation\dataset\images\image_001015.png,C:\Users\HP Omen\Desktop\CSIR_4PI\Medical-Segmentation\dataset\masks\mask_001015.png
image_000129.png,mask_000129.png,C:\Users\HP Omen\Desktop\CSIR_4PI\Medical-Segmentation\dataset\images\image_000129.png,C:\Users\HP Omen\Desktop\CSIR_4PI\Medical-Segmentation\dataset\masks\mask_000129.png
image_001365.png,mask_001365.png,C:\Users\HP Omen\Desktop\CSIR_4PI\Medical-Segmentation\dataset\images\image_001365.png,C:\Users\HP Omen\Desktop\CSIR_4PI\Medical-Segmentation\dataset\masks\mask_001365.png
image_003096.png,mask_003096.png,C:\Users\HP Omen\Desktop\CSIR_4PI\Medical-Segmentation\dataset\images\image_003096.png,C:\Users\HP Omen\Desktop\CSIR_4PI\Medical-Segmentation\dataset\masks\mask_003096.png
image_001968.png,mask_001968.png,C:\Users\HP Omen\Desktop\CSIR_4PI\Medical-Segmentation\dataset\images\image_001968.png,C:\Users\HP Omen\Desktop\CSIR_4PI\Medical-Segmentation\dataset\masks\mask_001968.png
image_000892.png,mask_000892.png,C:\Users\HP Omen\Desktop\CSIR_4PI\Medical-Segmentation\dataset\images\image_000892.png,C:\Users\HP Omen\Desktop\CSIR_4PI\Medical-Segmentation\dataset\masks\mask_000892.png
image_003599.png,mask_003599.png,C:\Users\HP Omen\Desktop\CSIR_4PI\Medical-Segmentation\dataset\images\image_003599.png,C:\Users\HP Omen\Desktop\CSIR_4PI\Medical-Segmentation\dataset\masks\mask_003599.png
image_001360.png,mask_001360.png,C:\Users\HP Omen\Desktop\CSIR_4PI\Medical-Segmentation\dataset\images\image_001360.png,C:\Users\HP Omen\Desktop\CSIR_4PI\Medical-Segmentation\dataset\masks\mask_001360.png
image_000308.png,mask_000308.png,C:\Users\HP Omen\Desktop\CSIR_4PI\Medical-Segmentation\dataset\images\image_000308.png,C:\Users\HP Omen\Desktop\CSIR_4PI\Medical-Segmentation\dataset\masks\mask_000308.png
image_002923.png,mask_002923.png,C:\Users\HP Omen\Desktop\CSIR_4PI\Medical-Segmentation\dataset\images\image_002923.png,C:\Users\HP Omen\Desktop\CSIR_4PI\Medical-Segmentation\dataset\masks\mask_002923.png
image_003654.png,mask_003654.png,C:\Users\HP Omen\Desktop\CSIR_4PI\Medical-Segmentation\dataset\images\image_003654.png,C:\Users\HP Omen\Desktop\CSIR_4PI\Medical-Segmentation\dataset\masks\mask_003654.png
image_000384.png,mask_000384.png,C:\Users\HP Omen\Desktop\CSIR_4PI\Medical-Segmentation\dataset\images\image_000384.png,C:\Users\HP Omen\Desktop\CSIR_4PI\Medical-Segmentation\dataset\masks\mask_000384.png
image_000151.png,mask_000151.png,C:\Users\HP Omen\Desktop\CSIR_4PI\Medical-Segmentation\dataset\images\image_000151.png,C:\Users\HP Omen\Desktop\CSIR_4PI\Medical-Segmentation\dataset\masks\mask_000151.png
image_001318.png,mask_001318.png,C:\Users\HP Omen\Desktop\CSIR_4PI\Medical-Segmentation\dataset\images\image_001318.png,C:\Users\HP Omen\Desktop\CSIR_4PI\Medical-Segmentation\dataset\masks\mask_001318.png
image_001452.png,mask_001452.png,C:\Users\HP Omen\Desktop\CSIR_4PI\Medical-Segmentation\dataset\images\image_001452.png,C:\Users\HP Omen\Desktop\CSIR_4PI\Medical-Segmentation\dataset\masks\mask_001452.png
image_001937.png,mask_001937.png,C:\Users\HP Omen\Desktop\CSIR_4PI\Medical-Segmentation\dataset\images\image_001937.png,C:\Users\HP Omen\Desktop\CSIR_4PI\Medical-Segmentation\dataset\masks\mask_001937.png
image_002556.png,mask_002556.png,C:\Users\HP Omen\Desktop\CSIR_4PI\Medical-Segmentation\dataset\images\image_002556.png,C:\Users\HP Omen\Desktop\CSIR_4PI\Medical-Segmentation\dataset\masks\mask_002556.png
image_000427.png,mask_000427.png,C:\Users\HP Omen\Desktop\CSIR_4PI\Medical-Segmentation\dataset\images\image_000427.png,C:\Users\HP Omen\Desktop\CSIR_4PI\Medical-Segmentation\dataset\masks\mask_000427.png
image_000495.png,mask_000495.png,C:\Users\HP Omen\Desktop\CSIR_4PI\Medical-Segmentation\dataset\images\image_000495.png,C:\Users\HP Omen\Desktop\CSIR_4PI\Medical-Segmentation\dataset\masks\mask_000495.png
image_001208.png,mask_001208.png,C:\Users\HP Omen\Desktop\CSIR_4PI\Medical-Segmentation\dataset\images\image_001208.png,C:\Users\HP Omen\Desktop\CSIR_4PI\Medical-Segmentation\dataset\masks\mask_001208.png
image_003033.png,mask_003033.png,C:\Users\HP Omen\Desktop\CSIR_4PI\Medical-Segmentation\dataset\images\image_003033.png,C:\Users\HP Omen\Desktop\CSIR_4PI\Medical-Segmentation\dataset\masks\mask_003033.png
image_002429.png,mask_002429.png,C:\Users\HP Omen\Desktop\CSIR_4PI\Medical-Segmentation\dataset\images\image_002429.png,C:\Users\HP Omen\Desktop\CSIR_4PI\Medical-Segmentation\dataset\masks\mask_002429.png
image_001209.png,mask_001209.png,C:\Users\HP Omen\Desktop\CSIR_4PI\Medical-Segmentation\dataset\images\image_001209.png,C:\Users\HP Omen\Desktop\CSIR_4PI\Medical-Segmentation\dataset\masks\mask_001209.png
image_001821.png,mask_001821.png,C:\Users\HP Omen\Desktop\CSIR_4PI\Medical-Segmentation\dataset\images\image_001821.png,C:\Users\HP Omen\Desktop\CSIR_4PI\Medical-Segmentation\dataset\masks\mask_001821.png
image_002987.png,mask_002987.png,C:\Users\HP Omen\Desktop\CSIR_4PI\Medical-Segmentation\dataset\images\image_002987.png,C:\Users\HP Omen\Desktop\CSIR_4PI\Medical-Segmentation\dataset\masks\mask_002987.png
image_003168.png,mask_003168.png,C:\Users\HP Omen\Desktop\CSIR_4PI\Medical-Segmentation\dataset\images\image_003168.png,C:\Users\HP Omen\Desktop\CSIR_4PI\Medical-Segmentation\dataset\masks\mask_003168.png
image_002866.png,mask_002866.png,C:\Users\HP Omen\Desktop\CSIR_4PI\Medical-Segmentation\dataset\images\image_002866.png,C:\Users\HP Omen\Desktop\CSIR_4PI\Medical-Segmentation\dataset\masks\mask_002866.png
image_002671.png,mask_002671.png,C:\Users\HP Omen\Desktop\CSIR_4PI\Medical-Segmentation\dataset\images\image_002671.png,C:\Users\HP Omen\Desktop\CSIR_4PI\Medical-Segmentation\dataset\masks\mask_002671.png
image_001898.png,mask_001898.png,C:\Users\HP Omen\Desktop\CSIR_4PI\Medical-Segmentation\dataset\images\image_001898.png,C:\Users\HP Omen\Desktop\CSIR_4PI\Medical-Segmentation\dataset\masks\mask_001898.png
image_001240.png,mask_001240.png,C:\Users\HP Omen\Desktop\CSIR_4PI\Medical-Segmentation\dataset\images\image_001240.png,C:\Users\HP Omen\Desktop\CSIR_4PI\Medical-Segmentation\dataset\masks\mask_001240.png
image_002100.png,mask_002100.png,C:\Users\HP Omen\Desktop\CSIR_4PI\Medical-Segmentation\dataset\images\image_002100.png,C:\Users\HP Omen\Desktop\CSIR_4PI\Medical-Segmentation\dataset\masks\mask_002100.png
image_003339.png,mask_003339.png,C:\Users\HP Omen\Desktop\CSIR_4PI\Medical-Segmentation\dataset\images\image_003339.png,C:\Users\HP Omen\Desktop\CSIR_4PI\Medical-Segmentation\dataset\masks\mask_003339.png
image_000276.png,mask_000276.png,C:\Users\HP Omen\Desktop\CSIR_4PI\Medical-Segmentation\dataset\images\image_000276.png,C:\Users\HP Omen\Desktop\CSIR_4PI\Medical-Segmentation\dataset\masks\mask_000276.png
image_000490.png,mask_000490.png,C:\Users\HP Omen\Desktop\CSIR_4PI\Medical-Segmentation\dataset\images\image_000490.png,C:\Users\HP Omen\Desktop\CSIR_4PI\Medical-Segmentation\dataset\masks\mask_000490.png
image_003531.png,mask_003531.png,C:\Users\HP Omen\Desktop\CSIR_4PI\Medical-Segmentation\dataset\images\image_003531.png,C:\Users\HP Omen\Desktop\CSIR_4PI\Medical-Segmentation\dataset\masks\mask_003531.png
image_001230.png,mask_001230.png,C:\Users\HP Omen\Desktop\CSIR_4PI\Medical-Segmentation\dataset\images\image_001230.png,C:\Users\HP Omen\Desktop\CSIR_4PI\Medical-Segmentation\dataset\masks\mask_001230.png
image_000691.png,mask_000691.png,C:\Users\HP Omen\Desktop\CSIR_4PI\Medical-Segmentation\dataset\images\image_000691.png,C:\Users\HP Omen\Desktop\CSIR_4PI\Medical-Segmentation\dataset\masks\mask_000691.png
image_003251.png,mask_003251.png,C:\Users\HP Omen\Desktop\CSIR_4PI\Medical-Segmentation\dataset\images\image_003251.png,C:\Users\HP Omen\Desktop\CSIR_4PI\Medical-Segmentation\dataset\masks\mask_003251.png
image_002608.png,mask_002608.png,C:\Users\HP Omen\Desktop\CSIR_4PI\Medical-Segmentation\dataset\images\image_002608.png,C:\Users\HP Omen\Desktop\CSIR_4PI\Medical-Segmentation\dataset\masks\mask_002608.png
image_001966.png,mask_001966.png,C:\Users\HP Omen\Desktop\CSIR_4PI\Medical-Segmentation\dataset\images\image_001966.png,C:\Users\HP Omen\Desktop\CSIR_4PI\Medical-Segmentation\dataset\masks\mask_001966.png
image_002848.png,mask_002848.png,C:\Users\HP Omen\Desktop\CSIR_4PI\Medical-Segmentation\dataset\images\image_002848.png,C:\Users\HP Omen\Desktop\CSIR_4PI\Medical-Segmentation\dataset\masks\mask_002848.png
image_001781.png,mask_001781.png,C:\Users\HP Omen\Desktop\CSIR_4PI\Medical-Segmentation\dataset\images\image_001781.png,C:\Users\HP Omen\Desktop\CSIR_4PI\Medical-Segmentation\dataset\masks\mask_001781.png
image_002874.png,mask_002874.png,C:\Users\HP Omen\Desktop\CSIR_4PI\Medical-Segmentation\dataset\images\image_002874.png,C:\Users\HP Omen\Desktop\CSIR_4PI\Medical-Segmentation\dataset\masks\mask_002874.png
image_003451.png,mask_003451.png,C:\Users\HP Omen\Desktop\CSIR_4PI\Medical-Segmentation\dataset\images\image_003451.png,C:\Users\HP Omen\Desktop\CSIR_4PI\Medical-Segmentation\dataset\masks\mask_003451.png
image_001059.png,mask_001059.png,C:\Users\HP Omen\Desktop\CSIR_4PI\Medical-Segmentation\dataset\images\image_001059.png,C:\Users\HP Omen\Desktop\CSIR_4PI\Medical-Segmentation\dataset\masks\mask_001059.png
image_000119.png,mask_000119.png,C:\Users\HP Omen\Desktop\CSIR_4PI\Medical-Segmentation\dataset\images\image_000119.png,C:\Users\HP Omen\Desktop\CSIR_4PI\Medical-Segmentation\dataset\masks\mask_000119.png
image_001025.png,mask_001025.png,C:\Users\HP Omen\Desktop\CSIR_4PI\Medical-Segmentation\dataset\images\image_001025.png,C:\Users\HP Omen\Desktop\CSIR_4PI\Medical-Segmentation\dataset\masks\mask_001025.png
image_002970.png,mask_002970.png,C:\Users\HP Omen\Desktop\CSIR_4PI\Medical-Segmentation\dataset\images\image_002970.png,C:\Users\HP Omen\Desktop\CSIR_4PI\Medical-Segmentation\dataset\masks\mask_002970.png
image_000282.png,mask_000282.png,C:\Users\HP Omen\Desktop\CSIR_4PI\Medical-Segmentation\dataset\images\image_000282.png,C:\Users\HP Omen\Desktop\CSIR_4PI\Medical-Segmentation\dataset\masks\mask_000282.png
image_002303.png,mask_002303.png,C:\Users\HP Omen\Desktop\CSIR_4PI\Medical-Segmentation\dataset\images\image_002303.png,C:\Users\HP Omen\Desktop\CSIR_4PI\Medical-Segmentation\dataset\masks\mask_002303.png
image_001317.png,mask_001317.png,C:\Users\HP Omen\Desktop\CSIR_4PI\Medical-Segmentation\dataset\images\image_001317.png,C:\Users\HP Omen\Desktop\CSIR_4PI\Medical-Segmentation\dataset\masks\mask_001317.png
image_003043.png,mask_003043.png,C:\Users\HP Omen\Desktop\CSIR_4PI\Medical-Segmentation\dataset\images\image_003043.png,C:\Users\HP Omen\Desktop\CSIR_4PI\Medical-Segmentation\dataset\masks\mask_003043.png
image_000969.png,mask_000969.png,C:\Users\HP Omen\Desktop\CSIR_4PI\Medical-Segmentation\dataset\images\image_000969.png,C:\Users\HP Omen\Desktop\CSIR_4PI\Medical-Segmentation\dataset\masks\mask_000969.png
image_001666.png,mask_001666.png,C:\Users\HP Omen\Desktop\CSIR_4PI\Medical-Segmentation\dataset\images\image_001666.png,C:\Users\HP Omen\Desktop\CSIR_4PI\Medical-Segmentation\dataset\masks\mask_001666.png
image_002755.png,mask_002755.png,C:\Users\HP Omen\Desktop\CSIR_4PI\Medical-Segmentation\dataset\images\image_002755.png,C:\Users\HP Omen\Desktop\CSIR_4PI\Medical-Segmentation\dataset\masks\mask_002755.png
image_002808.png,mask_002808.png,C:\Users\HP Omen\Desktop\CSIR_4PI\Medical-Segmentation\dataset\images\image_002808.png,C:\Users\HP Omen\Desktop\CSIR_4PI\Medical-Segmentation\dataset\masks\mask_002808.png
image_002270.png,mask_002270.png,C:\Users\HP Omen\Desktop\CSIR_4PI\Medical-Segmentation\dataset\images\image_002270.png,C:\Users\HP Omen\Desktop\CSIR_4PI\Medical-Segmentation\dataset\masks\mask_002270.png
image_000620.png,mask_000620.png,C:\Users\HP Omen\Desktop\CSIR_4PI\Medical-Segmentation\dataset\images\image_000620.png,C:\Users\HP Omen\Desktop\CSIR_4PI\Medical-Segmentation\dataset\masks\mask_000620.png
image_001743.png,mask_001743.png,C:\Users\HP Omen\Desktop\CSIR_4PI\Medical-Segmentation\dataset\images\image_001743.png,C:\Users\HP Omen\Desktop\CSIR_4PI\Medical-Segmentation\dataset\masks\mask_001743.png
image_003612.png,mask_003612.png,C:\Users\HP Omen\Desktop\CSIR_4PI\Medical-Segmentation\dataset\images\image_003612.png,C:\Users\HP Omen\Desktop\CSIR_4PI\Medical-Segmentation\dataset\masks\mask_003612.png
image_000156.png,mask_000156.png,C:\Users\HP Omen\Desktop\CSIR_4PI\Medical-Segmentation\dataset\images\image_000156.png,C:\Users\HP Omen\Desktop\CSIR_4PI\Medical-Segmentation\dataset\masks\mask_000156.png
image_001848.png,mask_001848.png,C:\Users\HP Omen\Desktop\CSIR_4PI\Medical-Segmentation\dataset\images\image_001848.png,C:\Users\HP Omen\Desktop\CSIR_4PI\Medical-Segmentation\dataset\masks\mask_001848.png
image_003831.png,mask_003831.png,C:\Users\HP Omen\Desktop\CSIR_4PI\Medical-Segmentation\dataset\images\image_003831.png,C:\Users\HP Omen\Desktop\CSIR_4PI\Medical-Segmentation\dataset\masks\mask_003831.png
image_001656.png,mask_001656.png,C:\Users\HP Omen\Desktop\CSIR_4PI\Medical-Segmentation\dataset\images\image_001656.png,C:\Users\HP Omen\Desktop\CSIR_4PI\Medical-Segmentation\dataset\masks\mask_001656.png
image_002418.png,mask_002418.png,C:\Users\HP Omen\Desktop\CSIR_4PI\Medical-Segmentation\dataset\images\image_002418.png,C:\Users\HP Omen\Desktop\CSIR_4PI\Medical-Segmentation\dataset\masks\mask_002418.png
image_000305.png,mask_000305.png,C:\Users\HP Omen\Desktop\CSIR_4PI\Medical-Segmentation\dataset\images\image_000305.png,C:\Users\HP Omen\Desktop\CSIR_4PI\Medical-Segmentation\dataset\masks\mask_000305.png
image_003191.png,mask_003191.png,C:\Users\HP Omen\Desktop\CSIR_4PI\Medical-Segmentation\dataset\images\image_003191.png,C:\Users\HP Omen\Desktop\CSIR_4PI\Medical-Segmentation\dataset\masks\mask_003191.png
image_003334.png,mask_003334.png,C:\Users\HP Omen\Desktop\CSIR_4PI\Medical-Segmentation\dataset\images\image_003334.png,C:\Users\HP Omen\Desktop\CSIR_4PI\Medical-Segmentation\dataset\masks\mask_003334.png
image_002718.png,mask_002718.png,C:\Users\HP Omen\Desktop\CSIR_4PI\Medical-Segmentation\dataset\images\image_002718.png,C:\Users\HP Omen\Desktop\CSIR_4PI\Medical-Segmentation\dataset\masks\mask_002718.png
image_003925.png,mask_003925.png,C:\Users\HP Omen\Desktop\CSIR_4PI\Medical-Segmentation\dataset\images\image_003925.png,C:\Users\HP Omen\Desktop\CSIR_4PI\Medical-Segmentation\dataset\masks\mask_003925.png
image_002919.png,mask_002919.png,C:\Users\HP Omen\Desktop\CSIR_4PI\Medical-Segmentation\dataset\images\image_002919.png,C:\Users\HP Omen\Desktop\CSIR_4PI\Medical-Segmentation\dataset\masks\mask_002919.png
image_001308.png,mask_001308.png,C:\Users\HP Omen\Desktop\CSIR_4PI\Medical-Segmentation\dataset\images\image_001308.png,C:\Users\HP Omen\Desktop\CSIR_4PI\Medical-Segmentation\dataset\masks\mask_001308.png
image_002197.png,mask_002197.png,C:\Users\HP Omen\Desktop\CSIR_4PI\Medical-Segmentation\dataset\images\image_002197.png,C:\Users\HP Omen\Desktop\CSIR_4PI\Medical-Segmentation\dataset\masks\mask_002197.png
image_000576.png,mask_000576.png,C:\Users\HP Omen\Desktop\CSIR_4PI\Medical-Segmentation\dataset\images\image_000576.png,C:\Users\HP Omen\Desktop\CSIR_4PI\Medical-Segmentation\dataset\masks\mask_000576.png
image_002554.png,mask_002554.png,C:\Users\HP Omen\Desktop\CSIR_4PI\Medical-Segmentation\dataset\images\image_002554.png,C:\Users\HP Omen\Desktop\CSIR_4PI\Medical-Segmentation\dataset\masks\mask_002554.png
image_003365.png,mask_003365.png,C:\Users\HP Omen\Desktop\CSIR_4PI\Medical-Segmentation\dataset\images\image_003365.png,C:\Users\HP Omen\Desktop\CSIR_4PI\Medical-Segmentation\dataset\masks\mask_003365.png
image_003430.png,mask_003430.png,C:\Users\HP Omen\Desktop\CSIR_4PI\Medical-Segmentation\dataset\images\image_003430.png,C:\Users\HP Omen\Desktop\CSIR_4PI\Medical-Segmentation\dataset\masks\mask_003430.png
image_001707.png,mask_001707.png,C:\Users\HP Omen\Desktop\CSIR_4PI\Medical-Segmentation\dataset\images\image_001707.png,C:\Users\HP Omen\Desktop\CSIR_4PI\Medical-Segmentation\dataset\masks\mask_001707.png
image_002413.png,mask_002413.png,C:\Users\HP Omen\Desktop\CSIR_4PI\Medical-Segmentation\dataset\images\image_002413.png,C:\Users\HP Omen\Desktop\CSIR_4PI\Medical-Segmentation\dataset\masks\mask_002413.png
image_001300.png,mask_001300.png,C:\Users\HP Omen\Desktop\CSIR_4PI\Medical-Segmentation\dataset\images\image_001300.png,C:\Users\HP Omen\Desktop\CSIR_4PI\Medical-Segmentation\dataset\masks\mask_001300.png
image_000133.png,mask_000133.png,C:\Users\HP Omen\Desktop\CSIR_4PI\Medical-Segmentation\dataset\images\image_000133.png,C:\Users\HP Omen\Desktop\CSIR_4PI\Medical-Segmentation\dataset\masks\mask_000133.png
image_002908.png,mask_002908.png,C:\Users\HP Omen\Desktop\CSIR_4PI\Medical-Segmentation\dataset\images\image_002908.png,C:\Users\HP Omen\Desktop\CSIR_4PI\Medical-Segmentation\dataset\masks\mask_002908.png
image_003144.png,mask_003144.png,C:\Users\HP Omen\Desktop\CSIR_4PI\Medical-Segmentation\dataset\images\image_003144.png,C:\Users\HP Omen\Desktop\CSIR_4PI\Medical-Segmentation\dataset\masks\mask_003144.png
image_002026.png,mask_002026.png,C:\Users\HP Omen\Desktop\CSIR_4PI\Medical-Segmentation\dataset\images\image_002026.png,C:\Users\HP Omen\Desktop\CSIR_4PI\Medical-Segmentation\dataset\masks\mask_002026.png
image_000844.png,mask_000844.png,C:\Users\HP Omen\Desktop\CSIR_4PI\Medical-Segmentation\dataset\images\image_000844.png,C:\Users\HP Omen\Desktop\CSIR_4PI\Medical-Segmentation\dataset\masks\mask_000844.png
image_001802.png,mask_001802.png,C:\Users\HP Omen\Desktop\CSIR_4PI\Medical-Segmentation\dataset\images\image_001802.png,C:\Users\HP Omen\Desktop\CSIR_4PI\Medical-Segmentation\dataset\masks\mask_001802.png
image_001629.png,mask_001629.png,C:\Users\HP Omen\Desktop\CSIR_4PI\Medical-Segmentation\dataset\images\image_001629.png,C:\Users\HP Omen\Desktop\CSIR_4PI\Medical-Segmentation\dataset\masks\mask_001629.png
image_003129.png,mask_003129.png,C:\Users\HP Omen\Desktop\CSIR_4PI\Medical-Segmentation\dataset\images\image_003129.png,C:\Users\HP Omen\Desktop\CSIR_4PI\Medical-Segmentation\dataset\masks\mask_003129.png
image_000270.png,mask_000270.png,C:\Users\HP Omen\Desktop\CSIR_4PI\Medical-Segmentation\dataset\images\image_000270.png,C:\Users\HP Omen\Desktop\CSIR_4PI\Medical-Segmentation\dataset\masks\mask_000270.png
image_000630.png,mask_000630.png,C:\Users\HP Omen\Desktop\CSIR_4PI\Medical-Segmentation\dataset\images\image_000630.png,C:\Users\HP Omen\Desktop\CSIR_4PI\Medical-Segmentation\dataset\masks\mask_000630.png
image_001731.png,mask_001731.png,C:\Users\HP Omen\Desktop\CSIR_4PI\Medical-Segmentation\dataset\images\image_001731.png,C:\Users\HP Omen\Desktop\CSIR_4PI\Medical-Segmentation\dataset\masks\mask_001731.png
image_001034.png,mask_001034.png,C:\Users\HP Omen\Desktop\CSIR_4PI\Medical-Segmentation\dataset\images\image_001034.png,C:\Users\HP Omen\Desktop\CSIR_4PI\Medical-Segmentation\dataset\masks\mask_001034.png
image_002275.png,mask_002275.png,C:\Users\HP Omen\Desktop\CSIR_4PI\Medical-Segmentation\dataset\images\image_002275.png,C:\Users\HP Omen\Desktop\CSIR_4PI\Medical-Segmentation\dataset\masks\mask_002275.png
image_000287.png,mask_000287.png,C:\Users\HP Omen\Desktop\CSIR_4PI\Medical-Segmentation\dataset\images\image_000287.png,C:\Users\HP Omen\Desktop\CSIR_4PI\Medical-Segmentation\dataset\masks\mask_000287.png
image_001327.png,mask_001327.png,C:\Users\HP Omen\Desktop\CSIR_4PI\Medical-Segmentation\dataset\images\image_001327.png,C:\Users\HP Omen\Desktop\CSIR_4PI\Medical-Segmentation\dataset\masks\mask_001327.png
image_002884.png,mask_002884.png,C:\Users\HP Omen\Desktop\CSIR_4PI\Medical-Segmentation\dataset\images\image_002884.png,C:\Users\HP Omen\Desktop\CSIR_4PI\Medical-Segmentation\dataset\masks\mask_002884.png
image_000301.png,mask_000301.png,C:\Users\HP Omen\Desktop\CSIR_4PI\Medical-Segmentation\dataset\images\image_000301.png,C:\Users\HP Omen\Desktop\CSIR_4PI\Medical-Segmentation\dataset\masks\mask_000301.png
image_003117.png,mask_003117.png,C:\Users\HP Omen\Desktop\CSIR_4PI\Medical-Segmentation\dataset\images\image_003117.png,C:\Users\HP Omen\Desktop\CSIR_4PI\Medical-Segmentation\dataset\masks\mask_003117.png
image_003529.png,mask_003529.png,C:\Users\HP Omen\Desktop\CSIR_4PI\Medical-Segmentation\dataset\images\image_003529.png,C:\Users\HP Omen\Desktop\CSIR_4PI\Medical-Segmentation\dataset\masks\mask_003529.png
image_001448.png,mask_001448.png,C:\Users\HP Omen\Desktop\CSIR_4PI\Medical-Segmentation\dataset\images\image_001448.png,C:\Users\HP Omen\Desktop\CSIR_4PI\Medical-Segmentation\dataset\masks\mask_001448.png
image_001473.png,mask_001473.png,C:\Users\HP Omen\Desktop\CSIR_4PI\Medical-Segmentation\dataset\images\image_001473.png,C:\Users\HP Omen\Desktop\CSIR_4PI\Medical-Segmentation\dataset\masks\mask_001473.png
image_002773.png,mask_002773.png,C:\Users\HP Omen\Desktop\CSIR_4PI\Medical-Segmentation\dataset\images\image_002773.png,C:\Users\HP Omen\Desktop\CSIR_4PI\Medical-Segmentation\dataset\masks\mask_002773.png
image_002427.png,mask_002427.png,C:\Users\HP Omen\Desktop\CSIR_4PI\Medical-Segmentation\dataset\images\image_002427.png,C:\Users\HP Omen\Desktop\CSIR_4PI\Medical-Segmentation\dataset\masks\mask_002427.png
image_001187.png,mask_001187.png,C:\Users\HP Omen\Desktop\CSIR_4PI\Medical-Segmentation\dataset\images\image_001187.png,C:\Users\HP Omen\Desktop\CSIR_4PI\Medical-Segmentation\dataset\masks\mask_001187.png
image_000066.png,mask_000066.png,C:\Users\HP Omen\Desktop\CSIR_4PI\Medical-Segmentation\dataset\images\image_000066.png,C:\Users\HP Omen\Desktop\CSIR_4PI\Medical-Segmentation\dataset\masks\mask_000066.png
image_002895.png,mask_002895.png,C:\Users\HP Omen\Desktop\CSIR_4PI\Medical-Segmentation\dataset\images\image_002895.png,C:\Users\HP Omen\Desktop\CSIR_4PI\Medical-Segmentation\dataset\masks\mask_002895.png
image_001881.png,mask_001881.png,C:\Users\HP Omen\Desktop\CSIR_4PI\Medical-Segmentation\dataset\images\image_001881.png,C:\Users\HP Omen\Desktop\CSIR_4PI\Medical-Segmentation\dataset\masks\mask_001881.png
image_000891.png,mask_000891.png,C:\Users\HP Omen\Desktop\CSIR_4PI\Medical-Segmentation\dataset\images\image_000891.png,C:\Users\HP Omen\Desktop\CSIR_4PI\Medical-Segmentation\dataset\masks\mask_000891.png
image_003028.png,mask_003028.png,C:\Users\HP Omen\Desktop\CSIR_4PI\Medical-Segmentation\dataset\images\image_003028.png,C:\Users\HP Omen\Desktop\CSIR_4PI\Medical-Segmentation\dataset\masks\mask_003028.png
image_003410.png,mask_003410.png,C:\Users\HP Omen\Desktop\CSIR_4PI\Medical-Segmentation\dataset\images\image_003410.png,C:\Users\HP Omen\Desktop\CSIR_4PI\Medical-Segmentation\dataset\masks\mask_003410.png
image_001767.png,mask_001767.png,C:\Users\HP Omen\Desktop\CSIR_4PI\Medical-Segmentation\dataset\images\image_001767.png,C:\Users\HP Omen\Desktop\CSIR_4PI\Medical-Segmentation\dataset\masks\mask_001767.png
image_003792.png,mask_003792.png,C:\Users\HP Omen\Desktop\CSIR_4PI\Medical-Segmentation\dataset\images\image_003792.png,C:\Users\HP Omen\Desktop\CSIR_4PI\Medical-Segmentation\dataset\masks\mask_003792.png
image_002068.png,mask_002068.png,C:\Users\HP Omen\Desktop\CSIR_4PI\Medical-Segmentation\dataset\images\image_002068.png,C:\Users\HP Omen\Desktop\CSIR_4PI\Medical-Segmentation\dataset\masks\mask_002068.png
image_000231.png,mask_000231.png,C:\Users\HP Omen\Desktop\CSIR_4PI\Medical-Segmentation\dataset\images\image_000231.png,C:\Users\HP Omen\Desktop\CSIR_4PI\Medical-Segmentation\dataset\masks\mask_000231.png
image_000504.png,mask_000504.png,C:\Users\HP Omen\Desktop\CSIR_4PI\Medical-Segmentation\dataset\images\image_000504.png,C:\Users\HP Omen\Desktop\CSIR_4PI\Medical-Segmentation\dataset\masks\mask_000504.png
image_003721.png,mask_003721.png,C:\Users\HP Omen\Desktop\CSIR_4PI\Medical-Segmentation\dataset\images\image_003721.png,C:\Users\HP Omen\Desktop\CSIR_4PI\Medical-Segmentation\dataset\masks\mask_003721.png
image_003108.png,mask_003108.png,C:\Users\HP Omen\Desktop\CSIR_4PI\Medical-Segmentation\dataset\images\image_003108.png,C:\Users\HP Omen\Desktop\CSIR_4PI\Medical-Segmentation\dataset\masks\mask_003108.png
image_000381.png,mask_000381.png,C:\Users\HP Omen\Desktop\CSIR_4PI\Medical-Segmentation\dataset\images\image_000381.png,C:\Users\HP Omen\Desktop\CSIR_4PI\Medical-Segmentation\dataset\masks\mask_000381.png
image_002741.png,mask_002741.png,C:\Users\HP Omen\Desktop\CSIR_4PI\Medical-Segmentation\dataset\images\image_002741.png,C:\Users\HP Omen\Desktop\CSIR_4PI\Medical-Segmentation\dataset\masks\mask_002741.png
image_001526.png,mask_001526.png,C:\Users\HP Omen\Desktop\CSIR_4PI\Medical-Segmentation\dataset\images\image_001526.png,C:\Users\HP Omen\Desktop\CSIR_4PI\Medical-Segmentation\dataset\masks\mask_001526.png
image_002258.png,mask_002258.png,C:\Users\HP Omen\Desktop\CSIR_4PI\Medical-Segmentation\dataset\images\image_002258.png,C:\Users\HP Omen\Desktop\CSIR_4PI\Medical-Segmentation\dataset\masks\mask_002258.png
image_002079.png,mask_002079.png,C:\Users\HP Omen\Desktop\CSIR_4PI\Medical-Segmentation\dataset\images\image_002079.png,C:\Users\HP Omen\Desktop\CSIR_4PI\Medical-Segmentation\dataset\masks\mask_002079.png
image_001005.png,mask_001005.png,C:\Users\HP Omen\Desktop\CSIR_4PI\Medical-Segmentation\dataset\images\image_001005.png,C:\Users\HP Omen\Desktop\CSIR_4PI\Medical-Segmentation\dataset\masks\mask_001005.png
image_001958.png,mask_001958.png,C:\Users\HP Omen\Desktop\CSIR_4PI\Medical-Segmentation\dataset\images\image_001958.png,C:\Users\HP Omen\Desktop\CSIR_4PI\Medical-Segmentation\dataset\masks\mask_001958.png
image_000837.png,mask_000837.png,C:\Users\HP Omen\Desktop\CSIR_4PI\Medical-Segmentation\dataset\images\image_000837.png,C:\Users\HP Omen\Desktop\CSIR_4PI\Medical-Segmentation\dataset\masks\mask_000837.png
image_002338.png,mask_002338.png,C:\Users\HP Omen\Desktop\CSIR_4PI\Medical-Segmentation\dataset\images\image_002338.png,C:\Users\HP Omen\Desktop\CSIR_4PI\Medical-Segmentation\dataset\masks\mask_002338.png
image_000375.png,mask_000375.png,C:\Users\HP Omen\Desktop\CSIR_4PI\Medical-Segmentation\dataset\images\image_000375.png,C:\Users\HP Omen\Desktop\CSIR_4PI\Medical-Segmentation\dataset\masks\mask_000375.png
image_002098.png,mask_002098.png,C:\Users\HP Omen\Desktop\CSIR_4PI\Medical-Segmentation\dataset\images\image_002098.png,C:\Users\HP Omen\Desktop\CSIR_4PI\Medical-Segmentation\dataset\masks\mask_002098.png
image_002754.png,mask_002754.png,C:\Users\HP Omen\Desktop\CSIR_4PI\Medical-Segmentation\dataset\images\image_002754.png,C:\Users\HP Omen\Desktop\CSIR_4PI\Medical-Segmentation\dataset\masks\mask_002754.png
image_002891.png,mask_002891.png,C:\Users\HP Omen\Desktop\CSIR_4PI\Medical-Segmentation\dataset\images\image_002891.png,C:\Users\HP Omen\Desktop\CSIR_4PI\Medical-Segmentation\dataset\masks\mask_002891.png
image_000940.png,mask_000940.png,C:\Users\HP Omen\Desktop\CSIR_4PI\Medical-Segmentation\dataset\images\image_000940.png,C:\Users\HP Omen\Desktop\CSIR_4PI\Medical-Segmentation\dataset\masks\mask_000940.png
image_001322.png,mask_001322.png,C:\Users\HP Omen\Desktop\CSIR_4PI\Medical-Segmentation\dataset\images\image_001322.png,C:\Users\HP Omen\Desktop\CSIR_4PI\Medical-Segmentation\dataset\masks\mask_001322.png
image_002482.png,mask_002482.png,C:\Users\HP Omen\Desktop\CSIR_4PI\Medical-Segmentation\dataset\images\image_002482.png,C:\Users\HP Omen\Desktop\CSIR_4PI\Medical-Segmentation\dataset\masks\mask_002482.png
image_002700.png,mask_002700.png,C:\Users\HP Omen\Desktop\CSIR_4PI\Medical-Segmentation\dataset\images\image_002700.png,C:\Users\HP Omen\Desktop\CSIR_4PI\Medical-Segmentation\dataset\masks\mask_002700.png
image_000752.png,mask_000752.png,C:\Users\HP Omen\Desktop\CSIR_4PI\Medical-Segmentation\dataset\images\image_000752.png,C:\Users\HP Omen\Desktop\CSIR_4PI\Medical-Segmentation\dataset\masks\mask_000752.png
image_000100.png,mask_000100.png,C:\Users\HP Omen\Desktop\CSIR_4PI\Medical-Segmentation\dataset\images\image_000100.png,C:\Users\HP Omen\Desktop\CSIR_4PI\Medical-Segmentation\dataset\masks\mask_000100.png
image_001544.png,mask_001544.png,C:\Users\HP Omen\Desktop\CSIR_4PI\Medical-Segmentation\dataset\images\image_001544.png,C:\Users\HP Omen\Desktop\CSIR_4PI\Medical-Segmentation\dataset\masks\mask_001544.png
image_002463.png,mask_002463.png,C:\Users\HP Omen\Desktop\CSIR_4PI\Medical-Segmentation\dataset\images\image_002463.png,C:\Users\HP Omen\Desktop\CSIR_4PI\Medical-Segmentation\dataset\masks\mask_002463.png
image_000867.png,mask_000867.png,C:\Users\HP Omen\Desktop\CSIR_4PI\Medical-Segmentation\dataset\images\image_000867.png,C:\Users\HP Omen\Desktop\CSIR_4PI\Medical-Segmentation\dataset\masks\mask_000867.png
image_001761.png,mask_001761.png,C:\Users\HP Omen\Desktop\CSIR_4PI\Medical-Segmentation\dataset\images\image_001761.png,C:\Users\HP Omen\Desktop\CSIR_4PI\Medical-Segmentation\dataset\masks\mask_001761.png
image_000911.png,mask_000911.png,C:\Users\HP Omen\Desktop\CSIR_4PI\Medical-Segmentation\dataset\images\image_000911.png,C:\Users\HP Omen\Desktop\CSIR_4PI\Medical-Segmentation\dataset\masks\mask_000911.png
image_002169.png,mask_002169.png,C:\Users\HP Omen\Desktop\CSIR_4PI\Medical-Segmentation\dataset\images\image_002169.png,C:\Users\HP Omen\Desktop\CSIR_4PI\Medical-Segmentation\dataset\masks\mask_002169.png
image_001576.png,mask_001576.png,C:\Users\HP Omen\Desktop\CSIR_4PI\Medical-Segmentation\dataset\images\image_001576.png,C:\Users\HP Omen\Desktop\CSIR_4PI\Medical-Segmentation\dataset\masks\mask_001576.png
image_000530.png,mask_000530.png,C:\Users\HP Omen\Desktop\CSIR_4PI\Medical-Segmentation\dataset\images\image_000530.png,C:\Users\HP Omen\Desktop\CSIR_4PI\Medical-Segmentation\dataset\masks\mask_000530.png
image_001261.png,mask_001261.png,C:\Users\HP Omen\Desktop\CSIR_4PI\Medical-Segmentation\dataset\images\image_001261.png,C:\Users\HP Omen\Desktop\CSIR_4PI\Medical-Segmentation\dataset\masks\mask_001261.png
image_003280.png,mask_003280.png,C:\Users\HP Omen\Desktop\CSIR_4PI\Medical-Segmentation\dataset\images\image_003280.png,C:\Users\HP Omen\Desktop\CSIR_4PI\Medical-Segmentation\dataset\masks\mask_003280.png
image_002407.png,mask_002407.png,C:\Users\HP Omen\Desktop\CSIR_4PI\Medical-Segmentation\dataset\images\image_002407.png,C:\Users\HP Omen\Desktop\CSIR_4PI\Medical-Segmentation\dataset\masks\mask_002407.png
image_000637.png,mask_000637.png,C:\Users\HP Omen\Desktop\CSIR_4PI\Medical-Segmentation\dataset\images\image_000637.png,C:\Users\HP Omen\Desktop\CSIR_4PI\Medical-Segmentation\dataset\masks\mask_000637.png
image_001270.png,mask_001270.png,C:\Users\HP Omen\Desktop\CSIR_4PI\Medical-Segmentation\dataset\images\image_001270.png,C:\Users\HP Omen\Desktop\CSIR_4PI\Medical-Segmentation\dataset\masks\mask_001270.png
image_000186.png,mask_000186.png,C:\Users\HP Omen\Desktop\CSIR_4PI\Medical-Segmentation\dataset\images\image_000186.png,C:\Users\HP Omen\Desktop\CSIR_4PI\Medical-Segmentation\dataset\masks\mask_000186.png
image_002464.png,mask_002464.png,C:\Users\HP Omen\Desktop\CSIR_4PI\Medical-Segmentation\dataset\images\image_002464.png,C:\Users\HP Omen\Desktop\CSIR_4PI\Medical-Segmentation\dataset\masks\mask_002464.png
image_003080.png,mask_003080.png,C:\Users\HP Omen\Desktop\CSIR_4PI\Medical-Segmentation\dataset\images\image_003080.png,C:\Users\HP Omen\Desktop\CSIR_4PI\Medical-Segmentation\dataset\masks\mask_003080.png
image_001962.png,mask_001962.png,C:\Users\HP Omen\Desktop\CSIR_4PI\Medical-Segmentation\dataset\images\image_001962.png,C:\Users\HP Omen\Desktop\CSIR_4PI\Medical-Segmentation\dataset\masks\mask_001962.png
image_002228.png,mask_002228.png,C:\Users\HP Omen\Desktop\CSIR_4PI\Medical-Segmentation\dataset\images\image_002228.png,C:\Users\HP Omen\Desktop\CSIR_4PI\Medical-Segmentation\dataset\masks\mask_002228.png
image_001798.png,mask_001798.png,C:\Users\HP Omen\Desktop\CSIR_4PI\Medical-Segmentation\dataset\images\image_001798.png,C:\Users\HP Omen\Desktop\CSIR_4PI\Medical-Segmentation\dataset\masks\mask_001798.png
image_000932.png,mask_000932.png,C:\Users\HP Omen\Desktop\CSIR_4PI\Medical-Segmentation\dataset\images\image_000932.png,C:\Users\HP Omen\Desktop\CSIR_4PI\Medical-Segmentation\dataset\masks\mask_000932.png
image_001442.png,mask_001442.png,C:\Users\HP Omen\Desktop\CSIR_4PI\Medical-Segmentation\dataset\images\image_001442.png,C:\Users\HP Omen\Desktop\CSIR_4PI\Medical-Segmentation\dataset\masks\mask_001442.png
image_003139.png,mask_003139.png,C:\Users\HP Omen\Desktop\CSIR_4PI\Medical-Segmentation\dataset\images\image_003139.png,C:\Users\HP Omen\Desktop\CSIR_4PI\Medical-Segmentation\dataset\masks\mask_003139.png
image_003183.png,mask_003183.png,C:\Users\HP Omen\Desktop\CSIR_4PI\Medical-Segmentation\dataset\images\image_003183.png,C:\Users\HP Omen\Desktop\CSIR_4PI\Medical-Segmentation\dataset\masks\mask_003183.png
image_003915.png,mask_003915.png,C:\Users\HP Omen\Desktop\CSIR_4PI\Medical-Segmentation\dataset\images\image_003915.png,C:\Users\HP Omen\Desktop\CSIR_4PI\Medical-Segmentation\dataset\masks\mask_003915.png
image_001536.png,mask_001536.png,C:\Users\HP Omen\Desktop\CSIR_4PI\Medical-Segmentation\dataset\images\image_001536.png,C:\Users\HP Omen\Desktop\CSIR_4PI\Medical-Segmentation\dataset\masks\mask_001536.png
image_000866.png,mask_000866.png,C:\Users\HP Omen\Desktop\CSIR_4PI\Medical-Segmentation\dataset\images\image_000866.png,C:\Users\HP Omen\Desktop\CSIR_4PI\Medical-Segmentation\dataset\masks\mask_000866.png
image_003131.png,mask_003131.png,C:\Users\HP Omen\Desktop\CSIR_4PI\Medical-Segmentation\dataset\images\image_003131.png,C:\Users\HP Omen\Desktop\CSIR_4PI\Medical-Segmentation\dataset\masks\mask_003131.png
image_001274.png,mask_001274.png,C:\Users\HP Omen\Desktop\CSIR_4PI\Medical-Segmentation\dataset\images\image_001274.png,C:\Users\HP Omen\Desktop\CSIR_4PI\Medical-Segmentation\dataset\masks\mask_001274.png
image_002697.png,mask_002697.png,C:\Users\HP Omen\Desktop\CSIR_4PI\Medical-Segmentation\dataset\images\image_002697.png,C:\Users\HP Omen\Desktop\CSIR_4PI\Medical-Segmentation\dataset\masks\mask_002697.png
image_002286.png,mask_002286.png,C:\Users\HP Omen\Desktop\CSIR_4PI\Medical-Segmentation\dataset\images\image_002286.png,C:\Users\HP Omen\Desktop\CSIR_4PI\Medical-Segmentation\dataset\masks\mask_002286.png
image_000608.png,mask_000608.png,C:\Users\HP Omen\Desktop\CSIR_4PI\Medical-Segmentation\dataset\images\image_000608.png,C:\Users\HP Omen\Desktop\CSIR_4PI\Medical-Segmentation\dataset\masks\mask_000608.png
image_002568.png,mask_002568.png,C:\Users\HP Omen\Desktop\CSIR_4PI\Medical-Segmentation\dataset\images\image_002568.png,C:\Users\HP Omen\Desktop\CSIR_4PI\Medical-Segmentation\dataset\masks\mask_002568.png
image_001713.png,mask_001713.png,C:\Users\HP Omen\Desktop\CSIR_4PI\Medical-Segmentation\dataset\images\image_001713.png,C:\Users\HP Omen\Desktop\CSIR_4PI\Medical-Segmentation\dataset\masks\mask_001713.png
image_003842.png,mask_003842.png,C:\Users\HP Omen\Desktop\CSIR_4PI\Medical-Segmentation\dataset\images\image_003842.png,C:\Users\HP Omen\Desktop\CSIR_4PI\Medical-Segmentation\dataset\masks\mask_003842.png
image_000152.png,mask_000152.png,C:\Users\HP Omen\Desktop\CSIR_4PI\Medical-Segmentation\dataset\images\image_000152.png,C:\Users\HP Omen\Desktop\CSIR_4PI\Medical-Segmentation\dataset\masks\mask_000152.png
image_003900.png,mask_003900.png,C:\Users\HP Omen\Desktop\CSIR_4PI\Medical-Segmentation\dataset\images\image_003900.png,C:\Users\HP Omen\Desktop\CSIR_4PI\Medical-Segmentation\dataset\masks\mask_003900.png
image_003743.png,mask_003743.png,C:\Users\HP Omen\Desktop\CSIR_4PI\Medical-Segmentation\dataset\images\image_003743.png,C:\Users\HP Omen\Desktop\CSIR_4PI\Medical-Segmentation\dataset\masks\mask_003743.png
image_001406.png,mask_001406.png,C:\Users\HP Omen\Desktop\CSIR_4PI\Medical-Segmentation\dataset\images\image_001406.png,C:\Users\HP Omen\Desktop\CSIR_4PI\Medical-Segmentation\dataset\masks\mask_001406.png
image_002506.png,mask_002506.png,C:\Users\HP Omen\Desktop\CSIR_4PI\Medical-Segmentation\dataset\images\image_002506.png,C:\Users\HP Omen\Desktop\CSIR_4PI\Medical-Segmentation\dataset\masks\mask_002506.png
image_000732.png,mask_000732.png,C:\Users\HP Omen\Desktop\CSIR_4PI\Medical-Segmentation\dataset\images\image_000732.png,C:\Users\HP Omen\Desktop\CSIR_4PI\Medical-Segmentation\dataset\masks\mask_000732.png
image_002179.png,mask_002179.png,C:\Users\HP Omen\Desktop\CSIR_4PI\Medical-Segmentation\dataset\images\image_002179.png,C:\Users\HP Omen\Desktop\CSIR_4PI\Medical-Segmentation\dataset\masks\mask_002179.png
image_003407.png,mask_003407.png,C:\Users\HP Omen\Desktop\CSIR_4PI\Medical-Segmentation\dataset\images\image_003407.png,C:\Users\HP Omen\Desktop\CSIR_4PI\Medical-Segmentation\dataset\masks\mask_003407.png
image_003571.png,mask_003571.png,C:\Users\HP Omen\Desktop\CSIR_4PI\Medical-Segmentation\dataset\images\image_003571.png,C:\Users\HP Omen\Desktop\CSIR_4PI\Medical-Segmentation\dataset\masks\mask_003571.png
image_000024.png,mask_000024.png,C:\Users\HP Omen\Desktop\CSIR_4PI\Medical-Segmentation\dataset\images\image_000024.png,C:\Users\HP Omen\Desktop\CSIR_4PI\Medical-Segmentation\dataset\masks\mask_000024.png
image_003294.png,mask_003294.png,C:\Users\HP Omen\Desktop\CSIR_4PI\Medical-Segmentation\dataset\images\image_003294.png,C:\Users\HP Omen\Desktop\CSIR_4PI\Medical-Segmentation\dataset\masks\mask_003294.png
image_001978.png,mask_001978.png,C:\Users\HP Omen\Desktop\CSIR_4PI\Medical-Segmentation\dataset\images\image_001978.png,C:\Users\HP Omen\Desktop\CSIR_4PI\Medical-Segmentation\dataset\masks\mask_001978.png
image_000159.png,mask_000159.png,C:\Users\HP Omen\Desktop\CSIR_4PI\Medical-Segmentation\dataset\images\image_000159.png,C:\Users\HP Omen\Desktop\CSIR_4PI\Medical-Segmentation\dataset\masks\mask_000159.png
image_001749.png,mask_001749.png,C:\Users\HP Omen\Desktop\CSIR_4PI\Medical-Segmentation\dataset\images\image_001749.png,C:\Users\HP Omen\Desktop\CSIR_4PI\Medical-Segmentation\dataset\masks\mask_001749.png
image_000862.png,mask_000862.png,C:\Users\HP Omen\Desktop\CSIR_4PI\Medical-Segmentation\dataset\images\image_000862.png,C:\Users\HP Omen\Desktop\CSIR_4PI\Medical-Segmentation\dataset\masks\mask_000862.png
image_001841.png,mask_001841.png,C:\Users\HP Omen\Desktop\CSIR_4PI\Medical-Segmentation\dataset\images\image_001841.png,C:\Users\HP Omen\Desktop\CSIR_4PI\Medical-Segmentation\dataset\masks\mask_001841.png
image_002930.png,mask_002930.png,C:\Users\HP Omen\Desktop\CSIR_4PI\Medical-Segmentation\dataset\images\image_002930.png,C:\Users\HP Omen\Desktop\CSIR_4PI\Medical-Segmentation\dataset\masks\mask_002930.png
image_000903.png,mask_000903.png,C:\Users\HP Omen\Desktop\CSIR_4PI\Medical-Segmentation\dataset\images\image_000903.png,C:\Users\HP Omen\Desktop\CSIR_4PI\Medical-Segmentation\dataset\masks\mask_000903.png
image_000353.png,mask_000353.png,C:\Users\HP Omen\Desktop\CSIR_4PI\Medical-Segmentation\dataset\images\image_000353.png,C:\Users\HP Omen\Desktop\CSIR_4PI\Medical-Segmentation\dataset\masks\mask_000353.png
image_001231.png,mask_001231.png,C:\Users\HP Omen\Desktop\CSIR_4PI\Medical-Segmentation\dataset\images\image_001231.png,C:\Users\HP Omen\Desktop\CSIR_4PI\Medical-Segmentation\dataset\masks\mask_001231.png
image_003422.png,mask_003422.png,C:\Users\HP Omen\Desktop\CSIR_4PI\Medical-Segmentation\dataset\images\image_003422.png,C:\Users\HP Omen\Desktop\CSIR_4PI\Medical-Segmentation\dataset\masks\mask_003422.png
image_001974.png,mask_001974.png,C:\Users\HP Omen\Desktop\CSIR_4PI\Medical-Segmentation\dataset\images\image_001974.png,C:\Users\HP Omen\Desktop\CSIR_4PI\Medical-Segmentation\dataset\masks\mask_001974.png
image_002943.png,mask_002943.png,C:\Users\HP Omen\Desktop\CSIR_4PI\Medical-Segmentation\dataset\images\image_002943.png,C:\Users\HP Omen\Desktop\CSIR_4PI\Medical-Segmentation\dataset\masks\mask_002943.png
image_000445.png,mask_000445.png,C:\Users\HP Omen\Desktop\CSIR_4PI\Medical-Segmentation\dataset\images\image_000445.png,C:\Users\HP Omen\Desktop\CSIR_4PI\Medical-Segmentation\dataset\masks\mask_000445.png
image_003846.png,mask_003846.png,C:\Users\HP Omen\Desktop\CSIR_4PI\Medical-Segmentation\dataset\images\image_003846.png,C:\Users\HP Omen\Desktop\CSIR_4PI\Medical-Segmentation\dataset\masks\mask_003846.png
image_000755.png,mask_000755.png,C:\Users\HP Omen\Desktop\CSIR_4PI\Medical-Segmentation\dataset\images\image_000755.png,C:\Users\HP Omen\Desktop\CSIR_4PI\Medical-Segmentation\dataset\masks\mask_000755.png
image_001738.png,mask_001738.png,C:\Users\HP Omen\Desktop\CSIR_4PI\Medical-Segmentation\dataset\images\image_001738.png,C:\Users\HP Omen\Desktop\CSIR_4PI\Medical-Segmentation\dataset\masks\mask_001738.png
image_000924.png,mask_000924.png,C:\Users\HP Omen\Desktop\CSIR_4PI\Medical-Segmentation\dataset\images\image_000924.png,C:\Users\HP Omen\Desktop\CSIR_4PI\Medical-Segmentation\dataset\masks\mask_000924.png
image_001667.png,mask_001667.png,C:\Users\HP Omen\Desktop\CSIR_4PI\Medical-Segmentation\dataset\images\image_001667.png,C:\Users\HP Omen\Desktop\CSIR_4PI\Medical-Segmentation\dataset\masks\mask_001667.png
image_003889.png,mask_003889.png,C:\Users\HP Omen\Desktop\CSIR_4PI\Medical-Segmentation\dataset\images\image_003889.png,C:\Users\HP Omen\Desktop\CSIR_4PI\Medical-Segmentation\dataset\masks\mask_003889.png
image_002744.png,mask_002744.png,C:\Users\HP Omen\Desktop\CSIR_4PI\Medical-Segmentation\dataset\images\image_002744.png,C:\Users\HP Omen\Desktop\CSIR_4PI\Medical-Segmentation\dataset\masks\mask_002744.png
image_000312.png,mask_000312.png,C:\Users\HP Omen\Desktop\CSIR_4PI\Medical-Segmentation\dataset\images\image_000312.png,C:\Users\HP Omen\Desktop\CSIR_4PI\Medical-Segmentation\dataset\masks\mask_000312.png
image_001376.png,mask_001376.png,C:\Users\HP Omen\Desktop\CSIR_4PI\Medical-Segmentation\dataset\images\image_001376.png,C:\Users\HP Omen\Desktop\CSIR_4PI\Medical-Segmentation\dataset\masks\mask_001376.png
image_000549.png,mask_000549.png,C:\Users\HP Omen\Desktop\CSIR_4PI\Medical-Segmentation\dataset\images\image_000549.png,C:\Users\HP Omen\Desktop\CSIR_4PI\Medical-Segmentation\dataset\masks\mask_000549.png
image_002603.png,mask_002603.png,C:\Users\HP Omen\Desktop\CSIR_4PI\Medical-Segmentation\dataset\images\image_002603.png,C:\Users\HP Omen\Desktop\CSIR_4PI\Medical-Segmentation\dataset\masks\mask_002603.png
image_001747.png,mask_001747.png,C:\Users\HP Omen\Desktop\CSIR_4PI\Medical-Segmentation\dataset\images\image_001747.png,C:\Users\HP Omen\Desktop\CSIR_4PI\Medical-Segmentation\dataset\masks\mask_001747.png
image_002267.png,mask_002267.png,C:\Users\HP Omen\Desktop\CSIR_4PI\Medical-Segmentation\dataset\images\image_002267.png,C:\Users\HP Omen\Desktop\CSIR_4PI\Medical-Segmentation\dataset\masks\mask_002267.png
image_003372.png,mask_003372.png,C:\Users\HP Omen\Desktop\CSIR_4PI\Medical-Segmentation\dataset\images\image_003372.png,C:\Users\HP Omen\Desktop\CSIR_4PI\Medical-Segmentation\dataset\masks\mask_003372.png
image_000307.png,mask_000307.png,C:\Users\HP Omen\Desktop\CSIR_4PI\Medical-Segmentation\dataset\images\image_000307.png,C:\Users\HP Omen\Desktop\CSIR_4PI\Medical-Segmentation\dataset\masks\mask_000307.png
image_000695.png,mask_000695.png,C:\Users\HP Omen\Desktop\CSIR_4PI\Medical-Segmentation\dataset\images\image_000695.png,C:\Users\HP Omen\Desktop\CSIR_4PI\Medical-Segmentation\dataset\masks\mask_000695.png
image_001928.png,mask_001928.png,C:\Users\HP Omen\Desktop\CSIR_4PI\Medical-Segmentation\dataset\images\image_001928.png,C:\Users\HP Omen\Desktop\CSIR_4PI\Medical-Segmentation\dataset\masks\mask_001928.png
image_003023.png,mask_003023.png,C:\Users\HP Omen\Desktop\CSIR_4PI\Medical-Segmentation\dataset\images\image_003023.png,C:\Users\HP Omen\Desktop\CSIR_4PI\Medical-Segmentation\dataset\masks\mask_003023.png
image_000750.png,mask_000750.png,C:\Users\HP Omen\Desktop\CSIR_4PI\Medical-Segmentation\dataset\images\image_000750.png,C:\Users\HP Omen\Desktop\CSIR_4PI\Medical-Segmentation\dataset\masks\mask_000750.png
image_001267.png,mask_001267.png,C:\Users\HP Omen\Desktop\CSIR_4PI\Medical-Segmentation\dataset\images\image_001267.png,C:\Users\HP Omen\Desktop\CSIR_4PI\Medical-Segmentation\dataset\masks\mask_001267.png
image_002116.png,mask_002116.png,C:\Users\HP Omen\Desktop\CSIR_4PI\Medical-Segmentation\dataset\images\image_002116.png,C:\Users\HP Omen\Desktop\CSIR_4PI\Medical-Segmentation\dataset\masks\mask_002116.png
image_003698.png,mask_003698.png,C:\Users\HP Omen\Desktop\CSIR_4PI\Medical-Segmentation\dataset\images\image_003698.png,C:\Users\HP Omen\Desktop\CSIR_4PI\Medical-Segmentation\dataset\masks\mask_003698.png
image_000971.png,mask_000971.png,C:\Users\HP Omen\Desktop\CSIR_4PI\Medical-Segmentation\dataset\images\image_000971.png,C:\Users\HP Omen\Desktop\CSIR_4PI\Medical-Segmentation\dataset\masks\mask_000971.png
image_000014.png,mask_000014.png,C:\Users\HP Omen\Desktop\CSIR_4PI\Medical-Segmentation\dataset\images\image_000014.png,C:\Users\HP Omen\Desktop\CSIR_4PI\Medical-Segmentation\dataset\masks\mask_000014.png
image_000874.png,mask_000874.png,C:\Users\HP Omen\Desktop\CSIR_4PI\Medical-Segmentation\dataset\images\image_000874.png,C:\Users\HP Omen\Desktop\CSIR_4PI\Medical-Segmentation\dataset\masks\mask_000874.png
image_000809.png,mask_000809.png,C:\Users\HP Omen\Desktop\CSIR_4PI\Medical-Segmentation\dataset\images\image_000809.png,C:\Users\HP Omen\Desktop\CSIR_4PI\Medical-Segmentation\dataset\masks\mask_000809.png
image_000515.png,mask_000515.png,C:\Users\HP Omen\Desktop\CSIR_4PI\Medical-Segmentation\dataset\images\image_000515.png,C:\Users\HP Omen\Desktop\CSIR_4PI\Medical-Segmentation\dataset\masks\mask_000515.png
image_003145.png,mask_003145.png,C:\Users\HP Omen\Desktop\CSIR_4PI\Medical-Segmentation\dataset\images\image_003145.png,C:\Users\HP Omen\Desktop\CSIR_4PI\Medical-Segmentation\dataset\masks\mask_003145.png
image_000410.png,mask_000410.png,C:\Users\HP Omen\Desktop\CSIR_4PI\Medical-Segmentation\dataset\images\image_000410.png,C:\Users\HP Omen\Desktop\CSIR_4PI\Medical-Segmentation\dataset\masks\mask_000410.png
image_002196.png,mask_002196.png,C:\Users\HP Omen\Desktop\CSIR_4PI\Medical-Segmentation\dataset\images\image_002196.png,C:\Users\HP Omen\Desktop\CSIR_4PI\Medical-Segmentation\dataset\masks\mask_002196.png
image_002949.png,mask_002949.png,C:\Users\HP Omen\Desktop\CSIR_4PI\Medical-Segmentation\dataset\images\image_002949.png,C:\Users\HP Omen\Desktop\CSIR_4PI\Medical-Segmentation\dataset\masks\mask_002949.png
image_000208.png,mask_000208.png,C:\Users\HP Omen\Desktop\CSIR_4PI\Medical-Segmentation\dataset\images\image_000208.png,C:\Users\HP Omen\Desktop\CSIR_4PI\Medical-Segmentation\dataset\masks\mask_000208.png
image_002074.png,mask_002074.png,C:\Users\HP Omen\Desktop\CSIR_4PI\Medical-Segmentation\dataset\images\image_002074.png,C:\Users\HP Omen\Desktop\CSIR_4PI\Medical-Segmentation\dataset\masks\mask_002074.png
image_000459.png,mask_000459.png,C:\Users\HP Omen\Desktop\CSIR_4PI\Medical-Segmentation\dataset\images\image_000459.png,C:\Users\HP Omen\Desktop\CSIR_4PI\Medical-Segmentation\dataset\masks\mask_000459.png
image_002239.png,mask_002239.png,C:\Users\HP Omen\Desktop\CSIR_4PI\Medical-Segmentation\dataset\images\image_002239.png,C:\Users\HP Omen\Desktop\CSIR_4PI\Medical-Segmentation\dataset\masks\mask_002239.png
image_003036.png,mask_003036.png,C:\Users\HP Omen\Desktop\CSIR_4PI\Medical-Segmentation\dataset\images\image_003036.png,C:\Users\HP Omen\Desktop\CSIR_4PI\Medical-Segmentation\dataset\masks\mask_003036.png
image_002913.png,mask_002913.png,C:\Users\HP Omen\Desktop\CSIR_4PI\Medical-Segmentation\dataset\images\image_002913.png,C:\Users\HP Omen\Desktop\CSIR_4PI\Medical-Segmentation\dataset\masks\mask_002913.png
image_002416.png,mask_002416.png,C:\Users\HP Omen\Desktop\CSIR_4PI\Medical-Segmentation\dataset\images\image_002416.png,C:\Users\HP Omen\Desktop\CSIR_4PI\Medical-Segmentation\dataset\masks\mask_002416.png
image_002666.png,mask_002666.png,C:\Users\HP Omen\Desktop\CSIR_4PI\Medical-Segmentation\dataset\images\image_002666.png,C:\Users\HP Omen\Desktop\CSIR_4PI\Medical-Segmentation\dataset\masks\mask_002666.png
image_001884.png,mask_001884.png,C:\Users\HP Omen\Desktop\CSIR_4PI\Medical-Segmentation\dataset\images\image_001884.png,C:\Users\HP Omen\Desktop\CSIR_4PI\Medical-Segmentation\dataset\masks\mask_001884.png
image_001714.png,mask_001714.png,C:\Users\HP Omen\Desktop\CSIR_4PI\Medical-Segmentation\dataset\images\image_001714.png,C:\Users\HP Omen\Desktop\CSIR_4PI\Medical-Segmentation\dataset\masks\mask_001714.png
image_003283.png,mask_003283.png,C:\Users\HP Omen\Desktop\CSIR_4PI\Medical-Segmentation\dataset\images\image_003283.png,C:\Users\HP Omen\Desktop\CSIR_4PI\Medical-Segmentation\dataset\masks\mask_003283.png
image_002721.png,mask_002721.png,C:\Users\HP Omen\Desktop\CSIR_4PI\Medical-Segmentation\dataset\images\image_002721.png,C:\Users\HP Omen\Desktop\CSIR_4PI\Medical-Segmentation\dataset\masks\mask_002721.png
image_000553.png,mask_000553.png,C:\Users\HP Omen\Desktop\CSIR_4PI\Medical-Segmentation\dataset\images\image_000553.png,C:\Users\HP Omen\Desktop\CSIR_4PI\Medical-Segmentation\dataset\masks\mask_000553.png
image_003745.png,mask_003745.png,C:\Users\HP Omen\Desktop\CSIR_4PI\Medical-Segmentation\dataset\images\image_003745.png,C:\Users\HP Omen\Desktop\CSIR_4PI\Medical-Segmentation\dataset\masks\mask_003745.png
image_003578.png,mask_003578.png,C:\Users\HP Omen\Desktop\CSIR_4PI\Medical-Segmentation\dataset\images\image_003578.png,C:\Users\HP Omen\Desktop\CSIR_4PI\Medical-Segmentation\dataset\masks\mask_003578.png
image_001926.png,mask_001926.png,C:\Users\HP Omen\Desktop\CSIR_4PI\Medical-Segmentation\dataset\images\image_001926.png,C:\Users\HP Omen\Desktop\CSIR_4PI\Medical-Segmentation\dataset\masks\mask_001926.png
image_000635.png,mask_000635.png,C:\Users\HP Omen\Desktop\CSIR_4PI\Medical-Segmentation\dataset\images\image_000635.png,C:\Users\HP Omen\Desktop\CSIR_4PI\Medical-Segmentation\dataset\masks\mask_000635.png
image_003615.png,mask_003615.png,C:\Users\HP Omen\Desktop\CSIR_4PI\Medical-Segmentation\dataset\images\image_003615.png,C:\Users\HP Omen\Desktop\CSIR_4PI\Medical-Segmentation\dataset\masks\mask_003615.png
image_000317.png,mask_000317.png,C:\Users\HP Omen\Desktop\CSIR_4PI\Medical-Segmentation\dataset\images\image_000317.png,C:\Users\HP Omen\Desktop\CSIR_4PI\Medical-Segmentation\dataset\masks\mask_000317.png
image_002762.png,mask_002762.png,C:\Users\HP Omen\Desktop\CSIR_4PI\Medical-Segmentation\dataset\images\image_002762.png,C:\Users\HP Omen\Desktop\CSIR_4PI\Medical-Segmentation\dataset\masks\mask_002762.png
image_003464.png,mask_003464.png,C:\Users\HP Omen\Desktop\CSIR_4PI\Medical-Segmentation\dataset\images\image_003464.png,C:\Users\HP Omen\Desktop\CSIR_4PI\Medical-Segmentation\dataset\masks\mask_003464.png
image_001329.png,mask_001329.png,C:\Users\HP Omen\Desktop\CSIR_4PI\Medical-Segmentation\dataset\images\image_001329.png,C:\Users\HP Omen\Desktop\CSIR_4PI\Medical-Segmentation\dataset\masks\mask_001329.png
image_000428.png,mask_000428.png,C:\Users\HP Omen\Desktop\CSIR_4PI\Medical-Segmentation\dataset\images\image_000428.png,C:\Users\HP Omen\Desktop\CSIR_4PI\Medical-Segmentation\dataset\masks\mask_000428.png
image_003314.png,mask_003314.png,C:\Users\HP Omen\Desktop\CSIR_4PI\Medical-Segmentation\dataset\images\image_003314.png,C:\Users\HP Omen\Desktop\CSIR_4PI\Medical-Segmentation\dataset\masks\mask_003314.png
image_000106.png,mask_000106.png,C:\Users\HP Omen\Desktop\CSIR_4PI\Medical-Segmentation\dataset\images\image_000106.png,C:\Users\HP Omen\Desktop\CSIR_4PI\Medical-Segmentation\dataset\masks\mask_000106.png
image_000143.png,mask_000143.png,C:\Users\HP Omen\Desktop\CSIR_4PI\Medical-Segmentation\dataset\images\image_000143.png,C:\Users\HP Omen\Desktop\CSIR_4PI\Medical-Segmentation\dataset\masks\mask_000143.png
image_003492.png,mask_003492.png,C:\Users\HP Omen\Desktop\CSIR_4PI\Medical-Segmentation\dataset\images\image_003492.png,C:\Users\HP Omen\Desktop\CSIR_4PI\Medical-Segmentation\dataset\masks\mask_003492.png
image_003092.png,mask_003092.png,C:\Users\HP Omen\Desktop\CSIR_4PI\Medical-Segmentation\dataset\images\image_003092.png,C:\Users\HP Omen\Desktop\CSIR_4PI\Medical-Segmentation\dataset\masks\mask_003092.png
image_003416.png,mask_003416.png,C:\Users\HP Omen\Desktop\CSIR_4PI\Medical-Segmentation\dataset\images\image_003416.png,C:\Users\HP Omen\Desktop\CSIR_4PI\Medical-Segmentation\dataset\masks\mask_003416.png
image_001950.png,mask_001950.png,C:\Users\HP Omen\Desktop\CSIR_4PI\Medical-Segmentation\dataset\images\image_001950.png,C:\Users\HP Omen\Desktop\CSIR_4PI\Medical-Segmentation\dataset\masks\mask_001950.png
image_003491.png,mask_003491.png,C:\Users\HP Omen\Desktop\CSIR_4PI\Medical-Segmentation\dataset\images\image_003491.png,C:\Users\HP Omen\Desktop\CSIR_4PI\Medical-Segmentation\dataset\masks\mask_003491.png
image_003663.png,mask_003663.png,C:\Users\HP Omen\Desktop\CSIR_4PI\Medical-Segmentation\dataset\images\image_003663.png,C:\Users\HP Omen\Desktop\CSIR_4PI\Medical-Segmentation\dataset\masks\mask_003663.png
image_002114.png,mask_002114.png,C:\Users\HP Omen\Desktop\CSIR_4PI\Medical-Segmentation\dataset\images\image_002114.png,C:\Users\HP Omen\Desktop\CSIR_4PI\Medical-Segmentation\dataset\masks\mask_002114.png
image_003860.png,mask_003860.png,C:\Users\HP Omen\Desktop\CSIR_4PI\Medical-Segmentation\dataset\images\image_003860.png,C:\Users\HP Omen\Desktop\CSIR_4PI\Medical-Segmentation\dataset\masks\mask_003860.png
image_001952.png,mask_001952.png,C:\Users\HP Omen\Desktop\CSIR_4PI\Medical-Segmentation\dataset\images\image_001952.png,C:\Users\HP Omen\Desktop\CSIR_4PI\Medical-Segmentation\dataset\masks\mask_001952.png
image_002750.png,mask_002750.png,C:\Users\HP Omen\Desktop\CSIR_4PI\Medical-Segmentation\dataset\images\image_002750.png,C:\Users\HP Omen\Desktop\CSIR_4PI\Medical-Segmentation\dataset\masks\mask_002750.png
image_003064.png,mask_003064.png,C:\Users\HP Omen\Desktop\CSIR_4PI\Medical-Segmentation\dataset\images\image_003064.png,C:\Users\HP Omen\Desktop\CSIR_4PI\Medical-Segmentation\dataset\masks\mask_003064.png
image_001110.png,mask_001110.png,C:\Users\HP Omen\Desktop\CSIR_4PI\Medical-Segmentation\dataset\images\image_001110.png,C:\Users\HP Omen\Desktop\CSIR_4PI\Medical-Segmentation\dataset\masks\mask_001110.png
image_002475.png,mask_002475.png,C:\Users\HP Omen\Desktop\CSIR_4PI\Medical-Segmentation\dataset\images\image_002475.png,C:\Users\HP Omen\Desktop\CSIR_4PI\Medical-Segmentation\dataset\masks\mask_002475.png
image_000592.png,mask_000592.png,C:\Users\HP Omen\Desktop\CSIR_4PI\Medical-Segmentation\dataset\images\image_000592.png,C:\Users\HP Omen\Desktop\CSIR_4PI\Medical-Segmentation\dataset\masks\mask_000592.png
image_003649.png,mask_003649.png,C:\Users\HP Omen\Desktop\CSIR_4PI\Medical-Segmentation\dataset\images\image_003649.png,C:\Users\HP Omen\Desktop\CSIR_4PI\Medical-Segmentation\dataset\masks\mask_003649.png
image_001577.png,mask_001577.png,C:\Users\HP Omen\Desktop\CSIR_4PI\Medical-Segmentation\dataset\images\image_001577.png,C:\Users\HP Omen\Desktop\CSIR_4PI\Medical-Segmentation\dataset\masks\mask_001577.png
image_003487.png,mask_003487.png,C:\Users\HP Omen\Desktop\CSIR_4PI\Medical-Segmentation\dataset\images\image_003487.png,C:\Users\HP Omen\Desktop\CSIR_4PI\Medical-Segmentation\dataset\masks\mask_003487.png
image_000214.png,mask_000214.png,C:\Users\HP Omen\Desktop\CSIR_4PI\Medical-Segmentation\dataset\images\image_000214.png,C:\Users\HP Omen\Desktop\CSIR_4PI\Medical-Segmentation\dataset\masks\mask_000214.png
image_000779.png,mask_000779.png,C:\Users\HP Omen\Desktop\CSIR_4PI\Medical-Segmentation\dataset\images\image_000779.png,C:\Users\HP Omen\Desktop\CSIR_4PI\Medical-Segmentation\dataset\masks\mask_000779.png
image_002801.png,mask_002801.png,C:\Users\HP Omen\Desktop\CSIR_4PI\Medical-Segmentation\dataset\images\image_002801.png,C:\Users\HP Omen\Desktop\CSIR_4PI\Medical-Segmentation\dataset\masks\mask_002801.png
image_002423.png,mask_002423.png,C:\Users\HP Omen\Desktop\CSIR_4PI\Medical-Segmentation\dataset\images\image_002423.png,C:\Users\HP Omen\Desktop\CSIR_4PI\Medical-Segmentation\dataset\masks\mask_002423.png
image_002044.png,mask_002044.png,C:\Users\HP Omen\Desktop\CSIR_4PI\Medical-Segmentation\dataset\images\image_002044.png,C:\Users\HP Omen\Desktop\CSIR_4PI\Medical-Segmentation\dataset\masks\mask_002044.png
image_003236.png,mask_003236.png,C:\Users\HP Omen\Desktop\CSIR_4PI\Medical-Segmentation\dataset\images\image_003236.png,C:\Users\HP Omen\Desktop\CSIR_4PI\Medical-Segmentation\dataset\masks\mask_003236.png
image_002259.png,mask_002259.png,C:\Users\HP Omen\Desktop\CSIR_4PI\Medical-Segmentation\dataset\images\image_002259.png,C:\Users\HP Omen\Desktop\CSIR_4PI\Medical-Segmentation\dataset\masks\mask_002259.png
image_002459.png,mask_002459.png,C:\Users\HP Omen\Desktop\CSIR_4PI\Medical-Segmentation\dataset\images\image_002459.png,C:\Users\HP Omen\Desktop\CSIR_4PI\Medical-Segmentation\dataset\masks\mask_002459.png
image_001568.png,mask_001568.png,C:\Users\HP Omen\Desktop\CSIR_4PI\Medical-Segmentation\dataset\images\image_001568.png,C:\Users\HP Omen\Desktop\CSIR_4PI\Medical-Segmentation\dataset\masks\mask_001568.png
image_003607.png,mask_003607.png,C:\Users\HP Omen\Desktop\CSIR_4PI\Medical-Segmentation\dataset\images\image_003607.png,C:\Users\HP Omen\Desktop\CSIR_4PI\Medical-Segmentation\dataset\masks\mask_003607.png
image_003484.png,mask_003484.png,C:\Users\HP Omen\Desktop\CSIR_4PI\Medical-Segmentation\dataset\images\image_003484.png,C:\Users\HP Omen\Desktop\CSIR_4PI\Medical-Segmentation\dataset\masks\mask_003484.png
image_002314.png,mask_002314.png,C:\Users\HP Omen\Desktop\CSIR_4PI\Medical-Segmentation\dataset\images\image_002314.png,C:\Users\HP Omen\Desktop\CSIR_4PI\Medical-Segmentation\dataset\masks\mask_002314.png
image_003549.png,mask_003549.png,C:\Users\HP Omen\Desktop\CSIR_4PI\Medical-Segmentation\dataset\images\image_003549.png,C:\Users\HP Omen\Desktop\CSIR_4PI\Medical-Segmentation\dataset\masks\mask_003549.png
image_001344.png,mask_001344.png,C:\Users\HP Omen\Desktop\CSIR_4PI\Medical-Segmentation\dataset\images\image_001344.png,C:\Users\HP Omen\Desktop\CSIR_4PI\Medical-Segmentation\dataset\masks\mask_001344.png
image_002014.png,mask_002014.png,C:\Users\HP Omen\Desktop\CSIR_4PI\Medical-Segmentation\dataset\images\image_002014.png,C:\Users\HP Omen\Desktop\CSIR_4PI\Medical-Segmentation\dataset\masks\mask_002014.png
image_000274.png,mask_000274.png,C:\Users\HP Omen\Desktop\CSIR_4PI\Medical-Segmentation\dataset\images\image_000274.png,C:\Users\HP Omen\Desktop\CSIR_4PI\Medical-Segmentation\dataset\masks\mask_000274.png
image_000072.png,mask_000072.png,C:\Users\HP Omen\Desktop\CSIR_4PI\Medical-Segmentation\dataset\images\image_000072.png,C:\Users\HP Omen\Desktop\CSIR_4PI\Medical-Segmentation\dataset\masks\mask_000072.png
image_001088.png,mask_001088.png,C:\Users\HP Omen\Desktop\CSIR_4PI\Medical-Segmentation\dataset\images\image_001088.png,C:\Users\HP Omen\Desktop\CSIR_4PI\Medical-Segmentation\dataset\masks\mask_001088.png
image_000395.png,mask_000395.png,C:\Users\HP Omen\Desktop\CSIR_4PI\Medical-Segmentation\dataset\images\image_000395.png,C:\Users\HP Omen\Desktop\CSIR_4PI\Medical-Segmentation\dataset\masks\mask_000395.png
image_000584.png,mask_000584.png,C:\Users\HP Omen\Desktop\CSIR_4PI\Medical-Segmentation\dataset\images\image_000584.png,C:\Users\HP Omen\Desktop\CSIR_4PI\Medical-Segmentation\dataset\masks\mask_000584.png
image_003800.png,mask_003800.png,C:\Users\HP Omen\Desktop\CSIR_4PI\Medical-Segmentation\dataset\images\image_003800.png,C:\Users\HP Omen\Desktop\CSIR_4PI\Medical-Segmentation\dataset\masks\mask_003800.png
image_002631.png,mask_002631.png,C:\Users\HP Omen\Desktop\CSIR_4PI\Medical-Segmentation\dataset\images\image_002631.png,C:\Users\HP Omen\Desktop\CSIR_4PI\Medical-Segmentation\dataset\masks\mask_002631.png
image_002647.png,mask_002647.png,C:\Users\HP Omen\Desktop\CSIR_4PI\Medical-Segmentation\dataset\images\image_002647.png,C:\Users\HP Omen\Desktop\CSIR_4PI\Medical-Segmentation\dataset\masks\mask_002647.png
image_003588.png,mask_003588.png,C:\Users\HP Omen\Desktop\CSIR_4PI\Medical-Segmentation\dataset\images\image_003588.png,C:\Users\HP Omen\Desktop\CSIR_4PI\Medical-Segmentation\dataset\masks\mask_003588.png
image_003801.png,mask_003801.png,C:\Users\HP Omen\Desktop\CSIR_4PI\Medical-Segmentation\dataset\images\image_003801.png,C:\Users\HP Omen\Desktop\CSIR_4PI\Medical-Segmentation\dataset\masks\mask_003801.png
image_003734.png,mask_003734.png,C:\Users\HP Omen\Desktop\CSIR_4PI\Medical-Segmentation\dataset\images\image_003734.png,C:\Users\HP Omen\Desktop\CSIR_4PI\Medical-Segmentation\dataset\masks\mask_003734.png
image_001764.png,mask_001764.png,C:\Users\HP Omen\Desktop\CSIR_4PI\Medical-Segmentation\dataset\images\image_001764.png,C:\Users\HP Omen\Desktop\CSIR_4PI\Medical-Segmentation\dataset\masks\mask_001764.png
image_002964.png,mask_002964.png,C:\Users\HP Omen\Desktop\CSIR_4PI\Medical-Segmentation\dataset\images\image_002964.png,C:\Users\HP Omen\Desktop\CSIR_4PI\Medical-Segmentation\dataset\masks\mask_002964.png
image_001260.png,mask_001260.png,C:\Users\HP Omen\Desktop\CSIR_4PI\Medical-Segmentation\dataset\images\image_001260.png,C:\Users\HP Omen\Desktop\CSIR_4PI\Medical-Segmentation\dataset\masks\mask_001260.png
image_000527.png,mask_000527.png,C:\Users\HP Omen\Desktop\CSIR_4PI\Medical-Segmentation\dataset\images\image_000527.png,C:\Users\HP Omen\Desktop\CSIR_4PI\Medical-Segmentation\dataset\masks\mask_000527.png
image_000378.png,mask_000378.png,C:\Users\HP Omen\Desktop\CSIR_4PI\Medical-Segmentation\dataset\images\image_000378.png,C:\Users\HP Omen\Desktop\CSIR_4PI\Medical-Segmentation\dataset\masks\mask_000378.png
image_001560.png,mask_001560.png,C:\Users\HP Omen\Desktop\CSIR_4PI\Medical-Segmentation\dataset\images\image_001560.png,C:\Users\HP Omen\Desktop\CSIR_4PI\Medical-Segmentation\dataset\masks\mask_001560.png
image_002465.png,mask_002465.png,C:\Users\HP Omen\Desktop\CSIR_4PI\Medical-Segmentation\dataset\images\image_002465.png,C:\Users\HP Omen\Desktop\CSIR_4PI\Medical-Segmentation\dataset\masks\mask_002465.png
image_001964.png,mask_001964.png,C:\Users\HP Omen\Desktop\CSIR_4PI\Medical-Segmentation\dataset\images\image_001964.png,C:\Users\HP Omen\Desktop\CSIR_4PI\Medical-Segmentation\dataset\masks\mask_001964.png
image_003509.png,mask_003509.png,C:\Users\HP Omen\Desktop\CSIR_4PI\Medical-Segmentation\dataset\images\image_003509.png,C:\Users\HP Omen\Desktop\CSIR_4PI\Medical-Segmentation\dataset\masks\mask_003509.png
image_000349.png,mask_000349.png,C:\Users\HP Omen\Desktop\CSIR_4PI\Medical-Segmentation\dataset\images\image_000349.png,C:\Users\HP Omen\Desktop\CSIR_4PI\Medical-Segmentation\dataset\masks\mask_000349.png
image_002701.png,mask_002701.png,C:\Users\HP Omen\Desktop\CSIR_4PI\Medical-Segmentation\dataset\images\image_002701.png,C:\Users\HP Omen\Desktop\CSIR_4PI\Medical-Segmentation\dataset\masks\mask_002701.png
image_001710.png,mask_001710.png,C:\Users\HP Omen\Desktop\CSIR_4PI\Medical-Segmentation\dataset\images\image_001710.png,C:\Users\HP Omen\Desktop\CSIR_4PI\Medical-Segmentation\dataset\masks\mask_001710.png
image_001051.png,mask_001051.png,C:\Users\HP Omen\Desktop\CSIR_4PI\Medical-Segmentation\dataset\images\image_001051.png,C:\Users\HP Omen\Desktop\CSIR_4PI\Medical-Segmentation\dataset\masks\mask_001051.png
image_000591.png,mask_000591.png,C:\Users\HP Omen\Desktop\CSIR_4PI\Medical-Segmentation\dataset\images\image_000591.png,C:\Users\HP Omen\Desktop\CSIR_4PI\Medical-Segmentation\dataset\masks\mask_000591.png
image_000520.png,mask_000520.png,C:\Users\HP Omen\Desktop\CSIR_4PI\Medical-Segmentation\dataset\images\image_000520.png,C:\Users\HP Omen\Desktop\CSIR_4PI\Medical-Segmentation\dataset\masks\mask_000520.png
image_003170.png,mask_003170.png,C:\Users\HP Omen\Desktop\CSIR_4PI\Medical-Segmentation\dataset\images\image_003170.png,C:\Users\HP Omen\Desktop\CSIR_4PI\Medical-Segmentation\dataset\masks\mask_003170.png
image_002656.png,mask_002656.png,C:\Users\HP Omen\Desktop\CSIR_4PI\Medical-Segmentation\dataset\images\image_002656.png,C:\Users\HP Omen\Desktop\CSIR_4PI\Medical-Segmentation\dataset\masks\mask_002656.png
image_001084.png,mask_001084.png,C:\Users\HP Omen\Desktop\CSIR_4PI\Medical-Segmentation\dataset\images\image_001084.png,C:\Users\HP Omen\Desktop\CSIR_4PI\Medical-Segmentation\dataset\masks\mask_001084.png
image_002317.png,mask_002317.png,C:\Users\HP Omen\Desktop\CSIR_4PI\Medical-Segmentation\dataset\images\image_002317.png,C:\Users\HP Omen\Desktop\CSIR_4PI\Medical-Segmentation\dataset\masks\mask_002317.png
image_003926.png,mask_003926.png,C:\Users\HP Omen\Desktop\CSIR_4PI\Medical-Segmentation\dataset\images\image_003926.png,C:\Users\HP Omen\Desktop\CSIR_4PI\Medical-Segmentation\dataset\masks\mask_003926.png
image_001810.png,mask_001810.png,C:\Users\HP Omen\Desktop\CSIR_4PI\Medical-Segmentation\dataset\images\image_001810.png,C:\Users\HP Omen\Desktop\CSIR_4PI\Medical-Segmentation\dataset\masks\mask_001810.png
image_003811.png,mask_003811.png,C:\Users\HP Omen\Desktop\CSIR_4PI\Medical-Segmentation\dataset\images\image_003811.png,C:\Users\HP Omen\Desktop\CSIR_4PI\Medical-Segmentation\dataset\masks\mask_003811.png
image_000793.png,mask_000793.png,C:\Users\HP Omen\Desktop\CSIR_4PI\Medical-Segmentation\dataset\images\image_000793.png,C:\Users\HP Omen\Desktop\CSIR_4PI\Medical-Segmentation\dataset\masks\mask_000793.png
image_003232.png,mask_003232.png,C:\Users\HP Omen\Desktop\CSIR_4PI\Medical-Segmentation\dataset\images\image_003232.png,C:\Users\HP Omen\Desktop\CSIR_4PI\Medical-Segmentation\dataset\masks\mask_003232.png
image_001981.png,mask_001981.png,C:\Users\HP Omen\Desktop\CSIR_4PI\Medical-Segmentation\dataset\images\image_001981.png,C:\Users\HP Omen\Desktop\CSIR_4PI\Medical-Segmentation\dataset\masks\mask_001981.png
image_002513.png,mask_002513.png,C:\Users\HP Omen\Desktop\CSIR_4PI\Medical-Segmentation\dataset\images\image_002513.png,C:\Users\HP Omen\Desktop\CSIR_4PI\Medical-Segmentation\dataset\masks\mask_002513.png
image_003780.png,mask_003780.png,C:\Users\HP Omen\Desktop\CSIR_4PI\Medical-Segmentation\dataset\images\image_003780.png,C:\Users\HP Omen\Desktop\CSIR_4PI\Medical-Segmentation\dataset\masks\mask_003780.png
image_001531.png,mask_001531.png,C:\Users\HP Omen\Desktop\CSIR_4PI\Medical-Segmentation\dataset\images\image_001531.png,C:\Users\HP Omen\Desktop\CSIR_4PI\Medical-Segmentation\dataset\masks\mask_001531.png
image_001411.png,mask_001411.png,C:\Users\HP Omen\Desktop\CSIR_4PI\Medical-Segmentation\dataset\images\image_001411.png,C:\Users\HP Omen\Desktop\CSIR_4PI\Medical-Segmentation\dataset\masks\mask_001411.png
image_003885.png,mask_003885.png,C:\Users\HP Omen\Desktop\CSIR_4PI\Medical-Segmentation\dataset\images\image_003885.png,C:\Users\HP Omen\Desktop\CSIR_4PI\Medical-Segmentation\dataset\masks\mask_003885.png
image_003115.png,mask_003115.png,C:\Users\HP Omen\Desktop\CSIR_4PI\Medical-Segmentation\dataset\images\image_003115.png,C:\Users\HP Omen\Desktop\CSIR_4PI\Medical-Segmentation\dataset\masks\mask_003115.png
image_000084.png,mask_000084.png,C:\Users\HP Omen\Desktop\CSIR_4PI\Medical-Segmentation\dataset\images\image_000084.png,C:\Users\HP Omen\Desktop\CSIR_4PI\Medical-Segmentation\dataset\masks\mask_000084.png
image_003308.png,mask_003308.png,C:\Users\HP Omen\Desktop\CSIR_4PI\Medical-Segmentation\dataset\images\image_003308.png,C:\Users\HP Omen\Desktop\CSIR_4PI\Medical-Segmentation\dataset\masks\mask_003308.png
image_000021.png,mask_000021.png,C:\Users\HP Omen\Desktop\CSIR_4PI\Medical-Segmentation\dataset\images\image_000021.png,C:\Users\HP Omen\Desktop\CSIR_4PI\Medical-Segmentation\dataset\masks\mask_000021.png
image_003497.png,mask_003497.png,C:\Users\HP Omen\Desktop\CSIR_4PI\Medical-Segmentation\dataset\images\image_003497.png,C:\Users\HP Omen\Desktop\CSIR_4PI\Medical-Segmentation\dataset\masks\mask_003497.png
image_001563.png,mask_001563.png,C:\Users\HP Omen\Desktop\CSIR_4PI\Medical-Segmentation\dataset\images\image_001563.png,C:\Users\HP Omen\Desktop\CSIR_4PI\Medical-Segmentation\dataset\masks\mask_001563.png
image_000974.png,mask_000974.png,C:\Users\HP Omen\Desktop\CSIR_4PI\Medical-Segmentation\dataset\images\image_000974.png,C:\Users\HP Omen\Desktop\CSIR_4PI\Medical-Segmentation\dataset\masks\mask_000974.png
image_001711.png,mask_001711.png,C:\Users\HP Omen\Desktop\CSIR_4PI\Medical-Segmentation\dataset\images\image_001711.png,C:\Users\HP Omen\Desktop\CSIR_4PI\Medical-Segmentation\dataset\masks\mask_001711.png
image_003848.png,mask_003848.png,C:\Users\HP Omen\Desktop\CSIR_4PI\Medical-Segmentation\dataset\images\image_003848.png,C:\Users\HP Omen\Desktop\CSIR_4PI\Medical-Segmentation\dataset\masks\mask_003848.png
image_001099.png,mask_001099.png,C:\Users\HP Omen\Desktop\CSIR_4PI\Medical-Segmentation\dataset\images\image_001099.png,C:\Users\HP Omen\Desktop\CSIR_4PI\Medical-Segmentation\dataset\masks\mask_001099.png
image_000887.png,mask_000887.png,C:\Users\HP Omen\Desktop\CSIR_4PI\Medical-Segmentation\dataset\images\image_000887.png,C:\Users\HP Omen\Desktop\CSIR_4PI\Medical-Segmentation\dataset\masks\mask_000887.png
image_002376.png,mask_002376.png,C:\Users\HP Omen\Desktop\CSIR_4PI\Medical-Segmentation\dataset\images\image_002376.png,C:\Users\HP Omen\Desktop\CSIR_4PI\Medical-Segmentation\dataset\masks\mask_002376.png
image_003037.png,mask_003037.png,C:\Users\HP Omen\Desktop\CSIR_4PI\Medical-Segmentation\dataset\images\image_003037.png,C:\Users\HP Omen\Desktop\CSIR_4PI\Medical-Segmentation\dataset\masks\mask_003037.png
image_003359.png,mask_003359.png,C:\Users\HP Omen\Desktop\CSIR_4PI\Medical-Segmentation\dataset\images\image_003359.png,C:\Users\HP Omen\Desktop\CSIR_4PI\Medical-Segmentation\dataset\masks\mask_003359.png
image_000738.png,mask_000738.png,C:\Users\HP Omen\Desktop\CSIR_4PI\Medical-Segmentation\dataset\images\image_000738.png,C:\Users\HP Omen\Desktop\CSIR_4PI\Medical-Segmentation\dataset\masks\mask_000738.png
image_001454.png,mask_001454.png,C:\Users\HP Omen\Desktop\CSIR_4PI\Medical-Segmentation\dataset\images\image_001454.png,C:\Users\HP Omen\Desktop\CSIR_4PI\Medical-Segmentation\dataset\masks\mask_001454.png
image_002551.png,mask_002551.png,C:\Users\HP Omen\Desktop\CSIR_4PI\Medical-Segmentation\dataset\images\image_002551.png,C:\Users\HP Omen\Desktop\CSIR_4PI\Medical-Segmentation\dataset\masks\mask_002551.png
image_003466.png,mask_003466.png,C:\Users\HP Omen\Desktop\CSIR_4PI\Medical-Segmentation\dataset\images\image_003466.png,C:\Users\HP Omen\Desktop\CSIR_4PI\Medical-Segmentation\dataset\masks\mask_003466.png
image_002127.png,mask_002127.png,C:\Users\HP Omen\Desktop\CSIR_4PI\Medical-Segmentation\dataset\images\image_002127.png,C:\Users\HP Omen\Desktop\CSIR_4PI\Medical-Segmentation\dataset\masks\mask_002127.png
image_000907.png,mask_000907.png,C:\Users\HP Omen\Desktop\CSIR_4PI\Medical-Segmentation\dataset\images\image_000907.png,C:\Users\HP Omen\Desktop\CSIR_4PI\Medical-Segmentation\dataset\masks\mask_000907.png
image_002359.png,mask_002359.png,C:\Users\HP Omen\Desktop\CSIR_4PI\Medical-Segmentation\dataset\images\image_002359.png,C:\Users\HP Omen\Desktop\CSIR_4PI\Medical-Segmentation\dataset\masks\mask_002359.png
image_002887.png,mask_002887.png,C:\Users\HP Omen\Desktop\CSIR_4PI\Medical-Segmentation\dataset\images\image_002887.png,C:\Users\HP Omen\Desktop\CSIR_4PI\Medical-Segmentation\dataset\masks\mask_002887.png
image_000948.png,mask_000948.png,C:\Users\HP Omen\Desktop\CSIR_4PI\Medical-Segmentation\dataset\images\image_000948.png,C:\Users\HP Omen\Desktop\CSIR_4PI\Medical-Segmentation\dataset\masks\mask_000948.png
image_003442.png,mask_003442.png,C:\Users\HP Omen\Desktop\CSIR_4PI\Medical-Segmentation\dataset\images\image_003442.png,C:\Users\HP Omen\Desktop\CSIR_4PI\Medical-Segmentation\dataset\masks\mask_003442.png
image_003209.png,mask_003209.png,C:\Users\HP Omen\Desktop\CSIR_4PI\Medical-Segmentation\dataset\images\image_003209.png,C:\Users\HP Omen\Desktop\CSIR_4PI\Medical-Segmentation\dataset\masks\mask_003209.png
image_000716.png,mask_000716.png,C:\Users\HP Omen\Desktop\CSIR_4PI\Medical-Segmentation\dataset\images\image_000716.png,C:\Users\HP Omen\Desktop\CSIR_4PI\Medical-Segmentation\dataset\masks\mask_000716.png
image_002606.png,mask_002606.png,C:\Users\HP Omen\Desktop\CSIR_4PI\Medical-Segmentation\dataset\images\image_002606.png,C:\Users\HP Omen\Desktop\CSIR_4PI\Medical-Segmentation\dataset\masks\mask_002606.png
image_000687.png,mask_000687.png,C:\Users\HP Omen\Desktop\CSIR_4PI\Medical-Segmentation\dataset\images\image_000687.png,C:\Users\HP Omen\Desktop\CSIR_4PI\Medical-Segmentation\dataset\masks\mask_000687.png
image_003516.png,mask_003516.png,C:\Users\HP Omen\Desktop\CSIR_4PI\Medical-Segmentation\dataset\images\image_003516.png,C:\Users\HP Omen\Desktop\CSIR_4PI\Medical-Segmentation\dataset\masks\mask_003516.png
image_002953.png,mask_002953.png,C:\Users\HP Omen\Desktop\CSIR_4PI\Medical-Segmentation\dataset\images\image_002953.png,C:\Users\HP Omen\Desktop\CSIR_4PI\Medical-Segmentation\dataset\masks\mask_002953.png
image_003895.png,mask_003895.png,C:\Users\HP Omen\Desktop\CSIR_4PI\Medical-Segmentation\dataset\images\image_003895.png,C:\Users\HP Omen\Desktop\CSIR_4PI\Medical-Segmentation\dataset\masks\mask_003895.png
image_000886.png,mask_000886.png,C:\Users\HP Omen\Desktop\CSIR_4PI\Medical-Segmentation\dataset\images\image_000886.png,C:\Users\HP Omen\Desktop\CSIR_4PI\Medical-Segmentation\dataset\masks\mask_000886.png
image_000918.png,mask_000918.png,C:\Users\HP Omen\Desktop\CSIR_4PI\Medical-Segmentation\dataset\images\image_000918.png,C:\Users\HP Omen\Desktop\CSIR_4PI\Medical-Segmentation\dataset\masks\mask_000918.png
image_002420.png,mask_002420.png,C:\Users\HP Omen\Desktop\CSIR_4PI\Medical-Segmentation\dataset\images\image_002420.png,C:\Users\HP Omen\Desktop\CSIR_4PI\Medical-Segmentation\dataset\masks\mask_002420.png
image_002478.png,mask_002478.png,C:\Users\HP Omen\Desktop\CSIR_4PI\Medical-Segmentation\dataset\images\image_002478.png,C:\Users\HP Omen\Desktop\CSIR_4PI\Medical-Segmentation\dataset\masks\mask_002478.png
image_001266.png,mask_001266.png,C:\Users\HP Omen\Desktop\CSIR_4PI\Medical-Segmentation\dataset\images\image_001266.png,C:\Users\HP Omen\Desktop\CSIR_4PI\Medical-Segmentation\dataset\masks\mask_001266.png
image_000484.png,mask_000484.png,C:\Users\HP Omen\Desktop\CSIR_4PI\Medical-Segmentation\dataset\images\image_000484.png,C:\Users\HP Omen\Desktop\CSIR_4PI\Medical-Segmentation\dataset\masks\mask_000484.png
image_003585.png,mask_003585.png,C:\Users\HP Omen\Desktop\CSIR_4PI\Medical-Segmentation\dataset\images\image_003585.png,C:\Users\HP Omen\Desktop\CSIR_4PI\Medical-Segmentation\dataset\masks\mask_003585.png
image_003625.png,mask_003625.png,C:\Users\HP Omen\Desktop\CSIR_4PI\Medical-Segmentation\dataset\images\image_003625.png,C:\Users\HP Omen\Desktop\CSIR_4PI\Medical-Segmentation\dataset\masks\mask_003625.png
image_000278.png,mask_000278.png,C:\Users\HP Omen\Desktop\CSIR_4PI\Medical-Segmentation\dataset\images\image_000278.png,C:\Users\HP Omen\Desktop\CSIR_4PI\Medical-Segmentation\dataset\masks\mask_000278.png
image_000989.png,mask_000989.png,C:\Users\HP Omen\Desktop\CSIR_4PI\Medical-Segmentation\dataset\images\image_000989.png,C:\Users\HP Omen\Desktop\CSIR_4PI\Medical-Segmentation\dataset\masks\mask_000989.png
image_002085.png,mask_002085.png,C:\Users\HP Omen\Desktop\CSIR_4PI\Medical-Segmentation\dataset\images\image_002085.png,C:\Users\HP Omen\Desktop\CSIR_4PI\Medical-Segmentation\dataset\masks\mask_002085.png
image_001246.png,mask_001246.png,C:\Users\HP Omen\Desktop\CSIR_4PI\Medical-Segmentation\dataset\images\image_001246.png,C:\Users\HP Omen\Desktop\CSIR_4PI\Medical-Segmentation\dataset\masks\mask_001246.png
image_000572.png,mask_000572.png,C:\Users\HP Omen\Desktop\CSIR_4PI\Medical-Segmentation\dataset\images\image_000572.png,C:\Users\HP Omen\Desktop\CSIR_4PI\Medical-Segmentation\dataset\masks\mask_000572.png
image_001436.png,mask_001436.png,C:\Users\HP Omen\Desktop\CSIR_4PI\Medical-Segmentation\dataset\images\image_001436.png,C:\Users\HP Omen\Desktop\CSIR_4PI\Medical-Segmentation\dataset\masks\mask_001436.png
image_000994.png,mask_000994.png,C:\Users\HP Omen\Desktop\CSIR_4PI\Medical-Segmentation\dataset\images\image_000994.png,C:\Users\HP Omen\Desktop\CSIR_4PI\Medical-Segmentation\dataset\masks\mask_000994.png
image_002226.png,mask_002226.png,C:\Users\HP Omen\Desktop\CSIR_4PI\Medical-Segmentation\dataset\images\image_002226.png,C:\Users\HP Omen\Desktop\CSIR_4PI\Medical-Segmentation\dataset\masks\mask_002226.png
image_002222.png,mask_002222.png,C:\Users\HP Omen\Desktop\CSIR_4PI\Medical-Segmentation\dataset\images\image_002222.png,C:\Users\HP Omen\Desktop\CSIR_4PI\Medical-Segmentation\dataset\masks\mask_002222.png
image_000586.png,mask_000586.png,C:\Users\HP Omen\Desktop\CSIR_4PI\Medical-Segmentation\dataset\images\image_000586.png,C:\Users\HP Omen\Desktop\CSIR_4PI\Medical-Segmentation\dataset\masks\mask_000586.png
image_001350.png,mask_001350.png,C:\Users\HP Omen\Desktop\CSIR_4PI\Medical-Segmentation\dataset\images\image_001350.png,C:\Users\HP Omen\Desktop\CSIR_4PI\Medical-Segmentation\dataset\masks\mask_001350.png
image_001008.png,mask_001008.png,C:\Users\HP Omen\Desktop\CSIR_4PI\Medical-Segmentation\dataset\images\image_001008.png,C:\Users\HP Omen\Desktop\CSIR_4PI\Medical-Segmentation\dataset\masks\mask_001008.png
image_000675.png,mask_000675.png,C:\Users\HP Omen\Desktop\CSIR_4PI\Medical-Segmentation\dataset\images\image_000675.png,C:\Users\HP Omen\Desktop\CSIR_4PI\Medical-Segmentation\dataset\masks\mask_000675.png
image_000448.png,mask_000448.png,C:\Users\HP Omen\Desktop\CSIR_4PI\Medical-Segmentation\dataset\images\image_000448.png,C:\Users\HP Omen\Desktop\CSIR_4PI\Medical-Segmentation\dataset\masks\mask_000448.png
image_003642.png,mask_003642.png,C:\Users\HP Omen\Desktop\CSIR_4PI\Medical-Segmentation\dataset\images\image_003642.png,C:\Users\HP Omen\Desktop\CSIR_4PI\Medical-Segmentation\dataset\masks\mask_003642.png
image_002969.png,mask_002969.png,C:\Users\HP Omen\Desktop\CSIR_4PI\Medical-Segmentation\dataset\images\image_002969.png,C:\Users\HP Omen\Desktop\CSIR_4PI\Medical-Segmentation\dataset\masks\mask_002969.png
image_002065.png,mask_002065.png,C:\Users\HP Omen\Desktop\CSIR_4PI\Medical-Segmentation\dataset\images\image_002065.png,C:\Users\HP Omen\Desktop\CSIR_4PI\Medical-Segmentation\dataset\masks\mask_002065.png
image_003112.png,mask_003112.png,C:\Users\HP Omen\Desktop\CSIR_4PI\Medical-Segmentation\dataset\images\image_003112.png,C:\Users\HP Omen\Desktop\CSIR_4PI\Medical-Segmentation\dataset\masks\mask_003112.png
image_002458.png,mask_002458.png,C:\Users\HP Omen\Desktop\CSIR_4PI\Medical-Segmentation\dataset\images\image_002458.png,C:\Users\HP Omen\Desktop\CSIR_4PI\Medical-Segmentation\dataset\masks\mask_002458.png
image_001691.png,mask_001691.png,C:\Users\HP Omen\Desktop\CSIR_4PI\Medical-Segmentation\dataset\images\image_001691.png,C:\Users\HP Omen\Desktop\CSIR_4PI\Medical-Segmentation\dataset\masks\mask_001691.png
image_003246.png,mask_003246.png,C:\Users\HP Omen\Desktop\CSIR_4PI\Medical-Segmentation\dataset\images\image_003246.png,C:\Users\HP Omen\Desktop\CSIR_4PI\Medical-Segmentation\dataset\masks\mask_003246.png
image_001248.png,mask_001248.png,C:\Users\HP Omen\Desktop\CSIR_4PI\Medical-Segmentation\dataset\images\image_001248.png,C:\Users\HP Omen\Desktop\CSIR_4PI\Medical-Segmentation\dataset\masks\mask_001248.png
image_001986.png,mask_001986.png,C:\Users\HP Omen\Desktop\CSIR_4PI\Medical-Segmentation\dataset\images\image_001986.png,C:\Users\HP Omen\Desktop\CSIR_4PI\Medical-Segmentation\dataset\masks\mask_001986.png
image_000295.png,mask_000295.png,C:\Users\HP Omen\Desktop\CSIR_4PI\Medical-Segmentation\dataset\images\image_000295.png,C:\Users\HP Omen\Desktop\CSIR_4PI\Medical-Segmentation\dataset\masks\mask_000295.png
image_001548.png,mask_001548.png,C:\Users\HP Omen\Desktop\CSIR_4PI\Medical-Segmentation\dataset\images\image_001548.png,C:\Users\HP Omen\Desktop\CSIR_4PI\Medical-Segmentation\dataset\masks\mask_001548.png
image_002013.png,mask_002013.png,C:\Users\HP Omen\Desktop\CSIR_4PI\Medical-Segmentation\dataset\images\image_002013.png,C:\Users\HP Omen\Desktop\CSIR_4PI\Medical-Segmentation\dataset\masks\mask_002013.png
image_000589.png,mask_000589.png,C:\Users\HP Omen\Desktop\CSIR_4PI\Medical-Segmentation\dataset\images\image_000589.png,C:\Users\HP Omen\Desktop\CSIR_4PI\Medical-Segmentation\dataset\masks\mask_000589.png
image_002130.png,mask_002130.png,C:\Users\HP Omen\Desktop\CSIR_4PI\Medical-Segmentation\dataset\images\image_002130.png,C:\Users\HP Omen\Desktop\CSIR_4PI\Medical-Segmentation\dataset\masks\mask_002130.png
image_003014.png,mask_003014.png,C:\Users\HP Omen\Desktop\CSIR_4PI\Medical-Segmentation\dataset\images\image_003014.png,C:\Users\HP Omen\Desktop\CSIR_4PI\Medical-Segmentation\dataset\masks\mask_003014.png
image_000426.png,mask_000426.png,C:\Users\HP Omen\Desktop\CSIR_4PI\Medical-Segmentation\dataset\images\image_000426.png,C:\Users\HP Omen\Desktop\CSIR_4PI\Medical-Segmentation\dataset\masks\mask_000426.png
image_001055.png,mask_001055.png,C:\Users\HP Omen\Desktop\CSIR_4PI\Medical-Segmentation\dataset\images\image_001055.png,C:\Users\HP Omen\Desktop\CSIR_4PI\Medical-Segmentation\dataset\masks\mask_001055.png
image_003269.png,mask_003269.png,C:\Users\HP Omen\Desktop\CSIR_4PI\Medical-Segmentation\dataset\images\image_003269.png,C:\Users\HP Omen\Desktop\CSIR_4PI\Medical-Segmentation\dataset\masks\mask_003269.png
image_000557.png,mask_000557.png,C:\Users\HP Omen\Desktop\CSIR_4PI\Medical-Segmentation\dataset\images\image_000557.png,C:\Users\HP Omen\Desktop\CSIR_4PI\Medical-Segmentation\dataset\masks\mask_000557.png
image_002971.png,mask_002971.png,C:\Users\HP Omen\Desktop\CSIR_4PI\Medical-Segmentation\dataset\images\image_002971.png,C:\Users\HP Omen\Desktop\CSIR_4PI\Medical-Segmentation\dataset\masks\mask_002971.png
image_003911.png,mask_003911.png,C:\Users\HP Omen\Desktop\CSIR_4PI\Medical-Segmentation\dataset\images\image_003911.png,C:\Users\HP Omen\Desktop\CSIR_4PI\Medical-Segmentation\dataset\masks\mask_003911.png
image_003482.png,mask_003482.png,C:\Users\HP Omen\Desktop\CSIR_4PI\Medical-Segmentation\dataset\images\image_003482.png,C:\Users\HP Omen\Desktop\CSIR_4PI\Medical-Segmentation\dataset\masks\mask_003482.png
image_003735.png,mask_003735.png,C:\Users\HP Omen\Desktop\CSIR_4PI\Medical-Segmentation\dataset\images\image_003735.png,C:\Users\HP Omen\Desktop\CSIR_4PI\Medical-Segmentation\dataset\masks\mask_003735.png
image_003276.png,mask_003276.png,C:\Users\HP Omen\Desktop\CSIR_4PI\Medical-Segmentation\dataset\images\image_003276.png,C:\Users\HP Omen\Desktop\CSIR_4PI\Medical-Segmentation\dataset\masks\mask_003276.png
image_001194.png,mask_001194.png,C:\Users\HP Omen\Desktop\CSIR_4PI\Medical-Segmentation\dataset\images\image_001194.png,C:\Users\HP Omen\Desktop\CSIR_4PI\Medical-Segmentation\dataset\masks\mask_001194.png
image_001717.png,mask_001717.png,C:\Users\HP Omen\Desktop\CSIR_4PI\Medical-Segmentation\dataset\images\image_001717.png,C:\Users\HP Omen\Desktop\CSIR_4PI\Medical-Segmentation\dataset\masks\mask_001717.png
image_002660.png,mask_002660.png,C:\Users\HP Omen\Desktop\CSIR_4PI\Medical-Segmentation\dataset\images\image_002660.png,C:\Users\HP Omen\Desktop\CSIR_4PI\Medical-Segmentation\dataset\masks\mask_002660.png
image_003545.png,mask_003545.png,C:\Users\HP Omen\Desktop\CSIR_4PI\Medical-Segmentation\dataset\images\image_003545.png,C:\Users\HP Omen\Desktop\CSIR_4PI\Medical-Segmentation\dataset\masks\mask_003545.png
image_003853.png,mask_003853.png,C:\Users\HP Omen\Desktop\CSIR_4PI\Medical-Segmentation\dataset\images\image_003853.png,C:\Users\HP Omen\Desktop\CSIR_4PI\Medical-Segmentation\dataset\masks\mask_003853.png
image_002415.png,mask_002415.png,C:\Users\HP Omen\Desktop\CSIR_4PI\Medical-Segmentation\dataset\images\image_002415.png,C:\Users\HP Omen\Desktop\CSIR_4PI\Medical-Segmentation\dataset\masks\mask_002415.png
image_001286.png,mask_001286.png,C:\Users\HP Omen\Desktop\CSIR_4PI\Medical-Segmentation\dataset\images\image_001286.png,C:\Users\HP Omen\Desktop\CSIR_4PI\Medical-Segmentation\dataset\masks\mask_001286.png
image_003667.png,mask_003667.png,C:\Users\HP Omen\Desktop\CSIR_4PI\Medical-Segmentation\dataset\images\image_003667.png,C:\Users\HP Omen\Desktop\CSIR_4PI\Medical-Segmentation\dataset\masks\mask_003667.png
image_002474.png,mask_002474.png,C:\Users\HP Omen\Desktop\CSIR_4PI\Medical-Segmentation\dataset\images\image_002474.png,C:\Users\HP Omen\Desktop\CSIR_4PI\Medical-Segmentation\dataset\masks\mask_002474.png
image_003140.png,mask_003140.png,C:\Users\HP Omen\Desktop\CSIR_4PI\Medical-Segmentation\dataset\images\image_003140.png,C:\Users\HP Omen\Desktop\CSIR_4PI\Medical-Segmentation\dataset\masks\mask_003140.png
image_002088.png,mask_002088.png,C:\Users\HP Omen\Desktop\CSIR_4PI\Medical-Segmentation\dataset\images\image_002088.png,C:\Users\HP Omen\Desktop\CSIR_4PI\Medical-Segmentation\dataset\masks\mask_002088.png
image_001890.png,mask_001890.png,C:\Users\HP Omen\Desktop\CSIR_4PI\Medical-Segmentation\dataset\images\image_001890.png,C:\Users\HP Omen\Desktop\CSIR_4PI\Medical-Segmentation\dataset\masks\mask_001890.png
image_001592.png,mask_001592.png,C:\Users\HP Omen\Desktop\CSIR_4PI\Medical-Segmentation\dataset\images\image_001592.png,C:\Users\HP Omen\Desktop\CSIR_4PI\Medical-Segmentation\dataset\masks\mask_001592.png
image_003465.png,mask_003465.png,C:\Users\HP Omen\Desktop\CSIR_4PI\Medical-Segmentation\dataset\images\image_003465.png,C:\Users\HP Omen\Desktop\CSIR_4PI\Medical-Segmentation\dataset\masks\mask_003465.png
image_002163.png,mask_002163.png,C:\Users\HP Omen\Desktop\CSIR_4PI\Medical-Segmentation\dataset\images\image_002163.png,C:\Users\HP Omen\Desktop\CSIR_4PI\Medical-Segmentation\dataset\masks\mask_002163.png
image_002355.png,mask_002355.png,C:\Users\HP Omen\Desktop\CSIR_4PI\Medical-Segmentation\dataset\images\image_002355.png,C:\Users\HP Omen\Desktop\CSIR_4PI\Medical-Segmentation\dataset\masks\mask_002355.png
image_003167.png,mask_003167.png,C:\Users\HP Omen\Desktop\CSIR_4PI\Medical-Segmentation\dataset\images\image_003167.png,C:\Users\HP Omen\Desktop\CSIR_4PI\Medical-Segmentation\dataset\masks\mask_003167.png
image_001138.png,mask_001138.png,C:\Users\HP Omen\Desktop\CSIR_4PI\Medical-Segmentation\dataset\images\image_001138.png,C:\Users\HP Omen\Desktop\CSIR_4PI\Medical-Segmentation\dataset\masks\mask_001138.png
image_002504.png,mask_002504.png,C:\Users\HP Omen\Desktop\CSIR_4PI\Medical-Segmentation\dataset\images\image_002504.png,C:\Users\HP Omen\Desktop\CSIR_4PI\Medical-Segmentation\dataset\masks\mask_002504.png
image_003696.png,mask_003696.png,C:\Users\HP Omen\Desktop\CSIR_4PI\Medical-Segmentation\dataset\images\image_003696.png,C:\Users\HP Omen\Desktop\CSIR_4PI\Medical-Segmentation\dataset\masks\mask_003696.png
image_003716.png,mask_003716.png,C:\Users\HP Omen\Desktop\CSIR_4PI\Medical-Segmentation\dataset\images\image_003716.png,C:\Users\HP Omen\Desktop\CSIR_4PI\Medical-Segmentation\dataset\masks\mask_003716.png
image_001712.png,mask_001712.png,C:\Users\HP Omen\Desktop\CSIR_4PI\Medical-Segmentation\dataset\images\image_001712.png,C:\Users\HP Omen\Desktop\CSIR_4PI\Medical-Segmentation\dataset\masks\mask_001712.png
image_003247.png,mask_003247.png,C:\Users\HP Omen\Desktop\CSIR_4PI\Medical-Segmentation\dataset\images\image_003247.png,C:\Users\HP Omen\Desktop\CSIR_4PI\Medical-Segmentation\dataset\masks\mask_003247.png
image_000454.png,mask_000454.png,C:\Users\HP Omen\Desktop\CSIR_4PI\Medical-Segmentation\dataset\images\image_000454.png,C:\Users\HP Omen\Desktop\CSIR_4PI\Medical-Segmentation\dataset\masks\mask_000454.png
image_000914.png,mask_000914.png,C:\Users\HP Omen\Desktop\CSIR_4PI\Medical-Segmentation\dataset\images\image_000914.png,C:\Users\HP Omen\Desktop\CSIR_4PI\Medical-Segmentation\dataset\masks\mask_000914.png
image_003722.png,mask_003722.png,C:\Users\HP Omen\Desktop\CSIR_4PI\Medical-Segmentation\dataset\images\image_003722.png,C:\Users\HP Omen\Desktop\CSIR_4PI\Medical-Segmentation\dataset\masks\mask_003722.png
image_001200.png,mask_001200.png,C:\Users\HP Omen\Desktop\CSIR_4PI\Medical-Segmentation\dataset\images\image_001200.png,C:\Users\HP Omen\Desktop\CSIR_4PI\Medical-Segmentation\dataset\masks\mask_001200.png
image_001275.png,mask_001275.png,C:\Users\HP Omen\Desktop\CSIR_4PI\Medical-Segmentation\dataset\images\image_001275.png,C:\Users\HP Omen\Desktop\CSIR_4PI\Medical-Segmentation\dataset\masks\mask_001275.png
image_000038.png,mask_000038.png,C:\Users\HP Omen\Desktop\CSIR_4PI\Medical-Segmentation\dataset\images\image_000038.png,C:\Users\HP Omen\Desktop\CSIR_4PI\Medical-Segmentation\dataset\masks\mask_000038.png
image_000975.png,mask_000975.png,C:\Users\HP Omen\Desktop\CSIR_4PI\Medical-Segmentation\dataset\images\image_000975.png,C:\Users\HP Omen\Desktop\CSIR_4PI\Medical-Segmentation\dataset\masks\mask_000975.png
image_000984.png,mask_000984.png,C:\Users\HP Omen\Desktop\CSIR_4PI\Medical-Segmentation\dataset\images\image_000984.png,C:\Users\HP Omen\Desktop\CSIR_4PI\Medical-Segmentation\dataset\masks\mask_000984.png
image_002619.png,mask_002619.png,C:\Users\HP Omen\Desktop\CSIR_4PI\Medical-Segmentation\dataset\images\image_002619.png,C:\Users\HP Omen\Desktop\CSIR_4PI\Medical-Segmentation\dataset\masks\mask_002619.png
image_001419.png,mask_001419.png,C:\Users\HP Omen\Desktop\CSIR_4PI\Medical-Segmentation\dataset\images\image_001419.png,C:\Users\HP Omen\Desktop\CSIR_4PI\Medical-Segmentation\dataset\masks\mask_001419.png
image_001561.png,mask_001561.png,C:\Users\HP Omen\Desktop\CSIR_4PI\Medical-Segmentation\dataset\images\image_001561.png,C:\Users\HP Omen\Desktop\CSIR_4PI\Medical-Segmentation\dataset\masks\mask_001561.png
image_000040.png,mask_000040.png,C:\Users\HP Omen\Desktop\CSIR_4PI\Medical-Segmentation\dataset\images\image_000040.png,C:\Users\HP Omen\Desktop\CSIR_4PI\Medical-Segmentation\dataset\masks\mask_000040.png
image_001487.png,mask_001487.png,C:\Users\HP Omen\Desktop\CSIR_4PI\Medical-Segmentation\dataset\images\image_001487.png,C:\Users\HP Omen\Desktop\CSIR_4PI\Medical-Segmentation\dataset\masks\mask_001487.png
image_002500.png,mask_002500.png,C:\Users\HP Omen\Desktop\CSIR_4PI\Medical-Segmentation\dataset\images\image_002500.png,C:\Users\HP Omen\Desktop\CSIR_4PI\Medical-Segmentation\dataset\masks\mask_002500.png
image_000170.png,mask_000170.png,C:\Users\HP Omen\Desktop\CSIR_4PI\Medical-Segmentation\dataset\images\image_000170.png,C:\Users\HP Omen\Desktop\CSIR_4PI\Medical-Segmentation\dataset\masks\mask_000170.png
image_001356.png,mask_001356.png,C:\Users\HP Omen\Desktop\CSIR_4PI\Medical-Segmentation\dataset\images\image_001356.png,C:\Users\HP Omen\Desktop\CSIR_4PI\Medical-Segmentation\dataset\masks\mask_001356.png
image_002347.png,mask_002347.png,C:\Users\HP Omen\Desktop\CSIR_4PI\Medical-Segmentation\dataset\images\image_002347.png,C:\Users\HP Omen\Desktop\CSIR_4PI\Medical-Segmentation\dataset\masks\mask_002347.png
image_003822.png,mask_003822.png,C:\Users\HP Omen\Desktop\CSIR_4PI\Medical-Segmentation\dataset\images\image_003822.png,C:\Users\HP Omen\Desktop\CSIR_4PI\Medical-Segmentation\dataset\masks\mask_003822.png
image_002572.png,mask_002572.png,C:\Users\HP Omen\Desktop\CSIR_4PI\Medical-Segmentation\dataset\images\image_002572.png,C:\Users\HP Omen\Desktop\CSIR_4PI\Medical-Segmentation\dataset\masks\mask_002572.png
image_002584.png,mask_002584.png,C:\Users\HP Omen\Desktop\CSIR_4PI\Medical-Segmentation\dataset\images\image_002584.png,C:\Users\HP Omen\Desktop\CSIR_4PI\Medical-Segmentation\dataset\masks\mask_002584.png
image_001641.png,mask_001641.png,C:\Users\HP Omen\Desktop\CSIR_4PI\Medical-Segmentation\dataset\images\image_001641.png,C:\Users\HP Omen\Desktop\CSIR_4PI\Medical-Segmentation\dataset\masks\mask_001641.png
image_001291.png,mask_001291.png,C:\Users\HP Omen\Desktop\CSIR_4PI\Medical-Segmentation\dataset\images\image_001291.png,C:\Users\HP Omen\Desktop\CSIR_4PI\Medical-Segmentation\dataset\masks\mask_001291.png
image_001381.png,mask_001381.png,C:\Users\HP Omen\Desktop\CSIR_4PI\Medical-Segmentation\dataset\images\image_001381.png,C:\Users\HP Omen\Desktop\CSIR_4PI\Medical-Segmentation\dataset\masks\mask_001381.png
image_001934.png,mask_001934.png,C:\Users\HP Omen\Desktop\CSIR_4PI\Medical-Segmentation\dataset\images\image_001934.png,C:\Users\HP Omen\Desktop\CSIR_4PI\Medical-Segmentation\dataset\masks\mask_001934.png
image_000580.png,mask_000580.png,C:\Users\HP Omen\Desktop\CSIR_4PI\Medical-Segmentation\dataset\images\image_000580.png,C:\Users\HP Omen\Desktop\CSIR_4PI\Medical-Segmentation\dataset\masks\mask_000580.png
image_002031.png,mask_002031.png,C:\Users\HP Omen\Desktop\CSIR_4PI\Medical-Segmentation\dataset\images\image_002031.png,C:\Users\HP Omen\Desktop\CSIR_4PI\Medical-Segmentation\dataset\masks\mask_002031.png
image_000893.png,mask_000893.png,C:\Users\HP Omen\Desktop\CSIR_4PI\Medical-Segmentation\dataset\images\image_000893.png,C:\Users\HP Omen\Desktop\CSIR_4PI\Medical-Segmentation\dataset\masks\mask_000893.png
image_000781.png,mask_000781.png,C:\Users\HP Omen\Desktop\CSIR_4PI\Medical-Segmentation\dataset\images\image_000781.png,C:\Users\HP Omen\Desktop\CSIR_4PI\Medical-Segmentation\dataset\masks\mask_000781.png
image_000160.png,mask_000160.png,C:\Users\HP Omen\Desktop\CSIR_4PI\Medical-Segmentation\dataset\images\image_000160.png,C:\Users\HP Omen\Desktop\CSIR_4PI\Medical-Segmentation\dataset\masks\mask_000160.png
image_000003.png,mask_000003.png,C:\Users\HP Omen\Desktop\CSIR_4PI\Medical-Segmentation\dataset\images\image_000003.png,C:\Users\HP Omen\Desktop\CSIR_4PI\Medical-Segmentation\dataset\masks\mask_000003.png
image_002679.png,mask_002679.png,C:\Users\HP Omen\Desktop\CSIR_4PI\Medical-Segmentation\dataset\images\image_002679.png,C:\Users\HP Omen\Desktop\CSIR_4PI\Medical-Segmentation\dataset\masks\mask_002679.png
image_003239.png,mask_003239.png,C:\Users\HP Omen\Desktop\CSIR_4PI\Medical-Segmentation\dataset\images\image_003239.png,C:\Users\HP Omen\Desktop\CSIR_4PI\Medical-Segmentation\dataset\masks\mask_003239.png
image_000850.png,mask_000850.png,C:\Users\HP Omen\Desktop\CSIR_4PI\Medical-Segmentation\dataset\images\image_000850.png,C:\Users\HP Omen\Desktop\CSIR_4PI\Medical-Segmentation\dataset\masks\mask_000850.png
image_002632.png,mask_002632.png,C:\Users\HP Omen\Desktop\CSIR_4PI\Medical-Segmentation\dataset\images\image_002632.png,C:\Users\HP Omen\Desktop\CSIR_4PI\Medical-Segmentation\dataset\masks\mask_002632.png
image_001597.png,mask_001597.png,C:\Users\HP Omen\Desktop\CSIR_4PI\Medical-Segmentation\dataset\images\image_001597.png,C:\Users\HP Omen\Desktop\CSIR_4PI\Medical-Segmentation\dataset\masks\mask_001597.png
image_001777.png,mask_001777.png,C:\Users\HP Omen\Desktop\CSIR_4PI\Medical-Segmentation\dataset\images\image_001777.png,C:\Users\HP Omen\Desktop\CSIR_4PI\Medical-Segmentation\dataset\masks\mask_001777.png
image_001914.png,mask_001914.png,C:\Users\HP Omen\Desktop\CSIR_4PI\Medical-Segmentation\dataset\images\image_001914.png,C:\Users\HP Omen\Desktop\CSIR_4PI\Medical-Segmentation\dataset\masks\mask_001914.png
image_001044.png,mask_001044.png,C:\Users\HP Omen\Desktop\CSIR_4PI\Medical-Segmentation\dataset\images\image_001044.png,C:\Users\HP Omen\Desktop\CSIR_4PI\Medical-Segmentation\dataset\masks\mask_001044.png
image_001545.png,mask_001545.png,C:\Users\HP Omen\Desktop\CSIR_4PI\Medical-Segmentation\dataset\images\image_001545.png,C:\Users\HP Omen\Desktop\CSIR_4PI\Medical-Segmentation\dataset\masks\mask_001545.png
image_002391.png,mask_002391.png,C:\Users\HP Omen\Desktop\CSIR_4PI\Medical-Segmentation\dataset\images\image_002391.png,C:\Users\HP Omen\Desktop\CSIR_4PI\Medical-Segmentation\dataset\masks\mask_002391.png
image_000054.png,mask_000054.png,C:\Users\HP Omen\Desktop\CSIR_4PI\Medical-Segmentation\dataset\images\image_000054.png,C:\Users\HP Omen\Desktop\CSIR_4PI\Medical-Segmentation\dataset\masks\mask_000054.png
image_003786.png,mask_003786.png,C:\Users\HP Omen\Desktop\CSIR_4PI\Medical-Segmentation\dataset\images\image_003786.png,C:\Users\HP Omen\Desktop\CSIR_4PI\Medical-Segmentation\dataset\masks\mask_003786.png
image_001912.png,mask_001912.png,C:\Users\HP Omen\Desktop\CSIR_4PI\Medical-Segmentation\dataset\images\image_001912.png,C:\Users\HP Omen\Desktop\CSIR_4PI\Medical-Segmentation\dataset\masks\mask_001912.png
image_003650.png,mask_003650.png,C:\Users\HP Omen\Desktop\CSIR_4PI\Medical-Segmentation\dataset\images\image_003650.png,C:\Users\HP Omen\Desktop\CSIR_4PI\Medical-Segmentation\dataset\masks\mask_003650.png
image_002630.png,mask_002630.png,C:\Users\HP Omen\Desktop\CSIR_4PI\Medical-Segmentation\dataset\images\image_002630.png,C:\Users\HP Omen\Desktop\CSIR_4PI\Medical-Segmentation\dataset\masks\mask_002630.png
image_002658.png,mask_002658.png,C:\Users\HP Omen\Desktop\CSIR_4PI\Medical-Segmentation\dataset\images\image_002658.png,C:\Users\HP Omen\Desktop\CSIR_4PI\Medical-Segmentation\dataset\masks\mask_002658.png
image_000825.png,mask_000825.png,C:\Users\HP Omen\Desktop\CSIR_4PI\Medical-Segmentation\dataset\images\image_000825.png,C:\Users\HP Omen\Desktop\CSIR_4PI\Medical-Segmentation\dataset\masks\mask_000825.png
image_003514.png,mask_003514.png,C:\Users\HP Omen\Desktop\CSIR_4PI\Medical-Segmentation\dataset\images\image_003514.png,C:\Users\HP Omen\Desktop\CSIR_4PI\Medical-Segmentation\dataset\masks\mask_003514.png
image_001390.png,mask_001390.png,C:\Users\HP Omen\Desktop\CSIR_4PI\Medical-Segmentation\dataset\images\image_001390.png,C:\Users\HP Omen\Desktop\CSIR_4PI\Medical-Segmentation\dataset\masks\mask_001390.png
image_003218.png,mask_003218.png,C:\Users\HP Omen\Desktop\CSIR_4PI\Medical-Segmentation\dataset\images\image_003218.png,C:\Users\HP Omen\Desktop\CSIR_4PI\Medical-Segmentation\dataset\masks\mask_003218.png
image_003772.png,mask_003772.png,C:\Users\HP Omen\Desktop\CSIR_4PI\Medical-Segmentation\dataset\images\image_003772.png,C:\Users\HP Omen\Desktop\CSIR_4PI\Medical-Segmentation\dataset\masks\mask_003772.png
image_001608.png,mask_001608.png,C:\Users\HP Omen\Desktop\CSIR_4PI\Medical-Segmentation\dataset\images\image_001608.png,C:\Users\HP Omen\Desktop\CSIR_4PI\Medical-Segmentation\dataset\masks\mask_001608.png
image_001595.png,mask_001595.png,C:\Users\HP Omen\Desktop\CSIR_4PI\Medical-Segmentation\dataset\images\image_001595.png,C:\Users\HP Omen\Desktop\CSIR_4PI\Medical-Segmentation\dataset\masks\mask_001595.png
image_000772.png,mask_000772.png,C:\Users\HP Omen\Desktop\CSIR_4PI\Medical-Segmentation\dataset\images\image_000772.png,C:\Users\HP Omen\Desktop\CSIR_4PI\Medical-Segmentation\dataset\masks\mask_000772.png
image_002274.png,mask_002274.png,C:\Users\HP Omen\Desktop\CSIR_4PI\Medical-Segmentation\dataset\images\image_002274.png,C:\Users\HP Omen\Desktop\CSIR_4PI\Medical-Segmentation\dataset\masks\mask_002274.png
image_001869.png,mask_001869.png,C:\Users\HP Omen\Desktop\CSIR_4PI\Medical-Segmentation\dataset\images\image_001869.png,C:\Users\HP Omen\Desktop\CSIR_4PI\Medical-Segmentation\dataset\masks\mask_001869.png
image_001086.png,mask_001086.png,C:\Users\HP Omen\Desktop\CSIR_4PI\Medical-Segmentation\dataset\images\image_001086.png,C:\Users\HP Omen\Desktop\CSIR_4PI\Medical-Segmentation\dataset\masks\mask_001086.png
image_002668.png,mask_002668.png,C:\Users\HP Omen\Desktop\CSIR_4PI\Medical-Segmentation\dataset\images\image_002668.png,C:\Users\HP Omen\Desktop\CSIR_4PI\Medical-Segmentation\dataset\masks\mask_002668.png
image_001326.png,mask_001326.png,C:\Users\HP Omen\Desktop\CSIR_4PI\Medical-Segmentation\dataset\images\image_001326.png,C:\Users\HP Omen\Desktop\CSIR_4PI\Medical-Segmentation\dataset\masks\mask_001326.png
image_001464.png,mask_001464.png,C:\Users\HP Omen\Desktop\CSIR_4PI\Medical-Segmentation\dataset\images\image_001464.png,C:\Users\HP Omen\Desktop\CSIR_4PI\Medical-Segmentation\dataset\masks\mask_001464.png
image_000807.png,mask_000807.png,C:\Users\HP Omen\Desktop\CSIR_4PI\Medical-Segmentation\dataset\images\image_000807.png,C:\Users\HP Omen\Desktop\CSIR_4PI\Medical-Segmentation\dataset\masks\mask_000807.png
image_002410.png,mask_002410.png,C:\Users\HP Omen\Desktop\CSIR_4PI\Medical-Segmentation\dataset\images\image_002410.png,C:\Users\HP Omen\Desktop\CSIR_4PI\Medical-Segmentation\dataset\masks\mask_002410.png
image_003656.png,mask_003656.png,C:\Users\HP Omen\Desktop\CSIR_4PI\Medical-Segmentation\dataset\images\image_003656.png,C:\Users\HP Omen\Desktop\CSIR_4PI\Medical-Segmentation\dataset\masks\mask_003656.png
image_002109.png,mask_002109.png,C:\Users\HP Omen\Desktop\CSIR_4PI\Medical-Segmentation\dataset\images\image_002109.png,C:\Users\HP Omen\Desktop\CSIR_4PI\Medical-Segmentation\dataset\masks\mask_002109.png
image_002782.png,mask_002782.png,C:\Users\HP Omen\Desktop\CSIR_4PI\Medical-Segmentation\dataset\images\image_002782.png,C:\Users\HP Omen\Desktop\CSIR_4PI\Medical-Segmentation\dataset\masks\mask_002782.png
image_003859.png,mask_003859.png,C:\Users\HP Omen\Desktop\CSIR_4PI\Medical-Segmentation\dataset\images\image_003859.png,C:\Users\HP Omen\Desktop\CSIR_4PI\Medical-Segmentation\dataset\masks\mask_003859.png
image_002235.png,mask_002235.png,C:\Users\HP Omen\Desktop\CSIR_4PI\Medical-Segmentation\dataset\images\image_002235.png,C:\Users\HP Omen\Desktop\CSIR_4PI\Medical-Segmentation\dataset\masks\mask_002235.png
image_000964.png,mask_000964.png,C:\Users\HP Omen\Desktop\CSIR_4PI\Medical-Segmentation\dataset\images\image_000964.png,C:\Users\HP Omen\Desktop\CSIR_4PI\Medical-Segmentation\dataset\masks\mask_000964.png
image_000399.png,mask_000399.png,C:\Users\HP Omen\Desktop\CSIR_4PI\Medical-Segmentation\dataset\images\image_000399.png,C:\Users\HP Omen\Desktop\CSIR_4PI\Medical-Segmentation\dataset\masks\mask_000399.png
image_003683.png,mask_003683.png,C:\Users\HP Omen\Desktop\CSIR_4PI\Medical-Segmentation\dataset\images\image_003683.png,C:\Users\HP Omen\Desktop\CSIR_4PI\Medical-Segmentation\dataset\masks\mask_003683.png
image_000705.png,mask_000705.png,C:\Users\HP Omen\Desktop\CSIR_4PI\Medical-Segmentation\dataset\images\image_000705.png,C:\Users\HP Omen\Desktop\CSIR_4PI\Medical-Segmentation\dataset\masks\mask_000705.png
image_000432.png,mask_000432.png,C:\Users\HP Omen\Desktop\CSIR_4PI\Medical-Segmentation\dataset\images\image_000432.png,C:\Users\HP Omen\Desktop\CSIR_4PI\Medical-Segmentation\dataset\masks\mask_000432.png
image_000293.png,mask_000293.png,C:\Users\HP Omen\Desktop\CSIR_4PI\Medical-Segmentation\dataset\images\image_000293.png,C:\Users\HP Omen\Desktop\CSIR_4PI\Medical-Segmentation\dataset\masks\mask_000293.png
image_003711.png,mask_003711.png,C:\Users\HP Omen\Desktop\CSIR_4PI\Medical-Segmentation\dataset\images\image_003711.png,C:\Users\HP Omen\Desktop\CSIR_4PI\Medical-Segmentation\dataset\masks\mask_003711.png
image_000146.png,mask_000146.png,C:\Users\HP Omen\Desktop\CSIR_4PI\Medical-Segmentation\dataset\images\image_000146.png,C:\Users\HP Omen\Desktop\CSIR_4PI\Medical-Segmentation\dataset\masks\mask_000146.png
image_002034.png,mask_002034.png,C:\Users\HP Omen\Desktop\CSIR_4PI\Medical-Segmentation\dataset\images\image_002034.png,C:\Users\HP Omen\Desktop\CSIR_4PI\Medical-Segmentation\dataset\masks\mask_002034.png
image_002752.png,mask_002752.png,C:\Users\HP Omen\Desktop\CSIR_4PI\Medical-Segmentation\dataset\images\image_002752.png,C:\Users\HP Omen\Desktop\CSIR_4PI\Medical-Segmentation\dataset\masks\mask_002752.png
image_001166.png,mask_001166.png,C:\Users\HP Omen\Desktop\CSIR_4PI\Medical-Segmentation\dataset\images\image_001166.png,C:\Users\HP Omen\Desktop\CSIR_4PI\Medical-Segmentation\dataset\masks\mask_001166.png
image_002051.png,mask_002051.png,C:\Users\HP Omen\Desktop\CSIR_4PI\Medical-Segmentation\dataset\images\image_002051.png,C:\Users\HP Omen\Desktop\CSIR_4PI\Medical-Segmentation\dataset\masks\mask_002051.png
image_003619.png,mask_003619.png,C:\Users\HP Omen\Desktop\CSIR_4PI\Medical-Segmentation\dataset\images\image_003619.png,C:\Users\HP Omen\Desktop\CSIR_4PI\Medical-Segmentation\dataset\masks\mask_003619.png
image_000340.png,mask_000340.png,C:\Users\HP Omen\Desktop\CSIR_4PI\Medical-Segmentation\dataset\images\image_000340.png,C:\Users\HP Omen\Desktop\CSIR_4PI\Medical-Segmentation\dataset\masks\mask_000340.png
image_003733.png,mask_003733.png,C:\Users\HP Omen\Desktop\CSIR_4PI\Medical-Segmentation\dataset\images\image_003733.png,C:\Users\HP Omen\Desktop\CSIR_4PI\Medical-Segmentation\dataset\masks\mask_003733.png
image_000266.png,mask_000266.png,C:\Users\HP Omen\Desktop\CSIR_4PI\Medical-Segmentation\dataset\images\image_000266.png,C:\Users\HP Omen\Desktop\CSIR_4PI\Medical-Segmentation\dataset\masks\mask_000266.png
image_003055.png,mask_003055.png,C:\Users\HP Omen\Desktop\CSIR_4PI\Medical-Segmentation\dataset\images\image_003055.png,C:\Users\HP Omen\Desktop\CSIR_4PI\Medical-Segmentation\dataset\masks\mask_003055.png
image_001772.png,mask_001772.png,C:\Users\HP Omen\Desktop\CSIR_4PI\Medical-Segmentation\dataset\images\image_001772.png,C:\Users\HP Omen\Desktop\CSIR_4PI\Medical-Segmentation\dataset\masks\mask_001772.png
image_000272.png,mask_000272.png,C:\Users\HP Omen\Desktop\CSIR_4PI\Medical-Segmentation\dataset\images\image_000272.png,C:\Users\HP Omen\Desktop\CSIR_4PI\Medical-Segmentation\dataset\masks\mask_000272.png
image_000697.png,mask_000697.png,C:\Users\HP Omen\Desktop\CSIR_4PI\Medical-Segmentation\dataset\images\image_000697.png,C:\Users\HP Omen\Desktop\CSIR_4PI\Medical-Segmentation\dataset\masks\mask_000697.png
image_003893.png,mask_003893.png,C:\Users\HP Omen\Desktop\CSIR_4PI\Medical-Segmentation\dataset\images\image_003893.png,C:\Users\HP Omen\Desktop\CSIR_4PI\Medical-Segmentation\dataset\masks\mask_003893.png
image_000245.png,mask_000245.png,C:\Users\HP Omen\Desktop\CSIR_4PI\Medical-Segmentation\dataset\images\image_000245.png,C:\Users\HP Omen\Desktop\CSIR_4PI\Medical-Segmentation\dataset\masks\mask_000245.png
image_003688.png,mask_003688.png,C:\Users\HP Omen\Desktop\CSIR_4PI\Medical-Segmentation\dataset\images\image_003688.png,C:\Users\HP Omen\Desktop\CSIR_4PI\Medical-Segmentation\dataset\masks\mask_003688.png
image_000477.png,mask_000477.png,C:\Users\HP Omen\Desktop\CSIR_4PI\Medical-Segmentation\dataset\images\image_000477.png,C:\Users\HP Omen\Desktop\CSIR_4PI\Medical-Segmentation\dataset\masks\mask_000477.png
image_002033.png,mask_002033.png,C:\Users\HP Omen\Desktop\CSIR_4PI\Medical-Segmentation\dataset\images\image_002033.png,C:\Users\HP Omen\Desktop\CSIR_4PI\Medical-Segmentation\dataset\masks\mask_002033.png
image_003337.png,mask_003337.png,C:\Users\HP Omen\Desktop\CSIR_4PI\Medical-Segmentation\dataset\images\image_003337.png,C:\Users\HP Omen\Desktop\CSIR_4PI\Medical-Segmentation\dataset\masks\mask_003337.png
image_002462.png,mask_002462.png,C:\Users\HP Omen\Desktop\CSIR_4PI\Medical-Segmentation\dataset\images\image_002462.png,C:\Users\HP Omen\Desktop\CSIR_4PI\Medical-Segmentation\dataset\masks\mask_002462.png
image_000814.png,mask_000814.png,C:\Users\HP Omen\Desktop\CSIR_4PI\Medical-Segmentation\dataset\images\image_000814.png,C:\Users\HP Omen\Desktop\CSIR_4PI\Medical-Segmentation\dataset\masks\mask_000814.png
image_001915.png,mask_001915.png,C:\Users\HP Omen\Desktop\CSIR_4PI\Medical-Segmentation\dataset\images\image_001915.png,C:\Users\HP Omen\Desktop\CSIR_4PI\Medical-Segmentation\dataset\masks\mask_001915.png
image_003742.png,mask_003742.png,C:\Users\HP Omen\Desktop\CSIR_4PI\Medical-Segmentation\dataset\images\image_003742.png,C:\Users\HP Omen\Desktop\CSIR_4PI\Medical-Segmentation\dataset\masks\mask_003742.png
image_003865.png,mask_003865.png,C:\Users\HP Omen\Desktop\CSIR_4PI\Medical-Segmentation\dataset\images\image_003865.png,C:\Users\HP Omen\Desktop\CSIR_4PI\Medical-Segmentation\dataset\masks\mask_003865.png
image_001805.png,mask_001805.png,C:\Users\HP Omen\Desktop\CSIR_4PI\Medical-Segmentation\dataset\images\image_001805.png,C:\Users\HP Omen\Desktop\CSIR_4PI\Medical-Segmentation\dataset\masks\mask_001805.png
image_002826.png,mask_002826.png,C:\Users\HP Omen\Desktop\CSIR_4PI\Medical-Segmentation\dataset\images\image_002826.png,C:\Users\HP Omen\Desktop\CSIR_4PI\Medical-Segmentation\dataset\masks\mask_002826.png
image_000251.png,mask_000251.png,C:\Users\HP Omen\Desktop\CSIR_4PI\Medical-Segmentation\dataset\images\image_000251.png,C:\Users\HP Omen\Desktop\CSIR_4PI\Medical-Segmentation\dataset\masks\mask_000251.png
image_000546.png,mask_000546.png,C:\Users\HP Omen\Desktop\CSIR_4PI\Medical-Segmentation\dataset\images\image_000546.png,C:\Users\HP Omen\Desktop\CSIR_4PI\Medical-Segmentation\dataset\masks\mask_000546.png
image_000739.png,mask_000739.png,C:\Users\HP Omen\Desktop\CSIR_4PI\Medical-Segmentation\dataset\images\image_000739.png,C:\Users\HP Omen\Desktop\CSIR_4PI\Medical-Segmentation\dataset\masks\mask_000739.png
image_000311.png,mask_000311.png,C:\Users\HP Omen\Desktop\CSIR_4PI\Medical-Segmentation\dataset\images\image_000311.png,C:\Users\HP Omen\Desktop\CSIR_4PI\Medical-Segmentation\dataset\masks\mask_000311.png
image_001132.png,mask_001132.png,C:\Users\HP Omen\Desktop\CSIR_4PI\Medical-Segmentation\dataset\images\image_001132.png,C:\Users\HP Omen\Desktop\CSIR_4PI\Medical-Segmentation\dataset\masks\mask_001132.png
image_001450.png,mask_001450.png,C:\Users\HP Omen\Desktop\CSIR_4PI\Medical-Segmentation\dataset\images\image_001450.png,C:\Users\HP Omen\Desktop\CSIR_4PI\Medical-Segmentation\dataset\masks\mask_001450.png
image_003806.png,mask_003806.png,C:\Users\HP Omen\Desktop\CSIR_4PI\Medical-Segmentation\dataset\images\image_003806.png,C:\Users\HP Omen\Desktop\CSIR_4PI\Medical-Segmentation\dataset\masks\mask_003806.png
image_000016.png,mask_000016.png,C:\Users\HP Omen\Desktop\CSIR_4PI\Medical-Segmentation\dataset\images\image_000016.png,C:\Users\HP Omen\Desktop\CSIR_4PI\Medical-Segmentation\dataset\masks\mask_000016.png
image_003443.png,mask_003443.png,C:\Users\HP Omen\Desktop\CSIR_4PI\Medical-Segmentation\dataset\images\image_003443.png,C:\Users\HP Omen\Desktop\CSIR_4PI\Medical-Segmentation\dataset\masks\mask_003443.png
image_003357.png,mask_003357.png,C:\Users\HP Omen\Desktop\CSIR_4PI\Medical-Segmentation\dataset\images\image_003357.png,C:\Users\HP Omen\Desktop\CSIR_4PI\Medical-Segmentation\dataset\masks\mask_003357.png
image_003155.png,mask_003155.png,C:\Users\HP Omen\Desktop\CSIR_4PI\Medical-Segmentation\dataset\images\image_003155.png,C:\Users\HP Omen\Desktop\CSIR_4PI\Medical-Segmentation\dataset\masks\mask_003155.png
image_000364.png,mask_000364.png,C:\Users\HP Omen\Desktop\CSIR_4PI\Medical-Segmentation\dataset\images\image_000364.png,C:\Users\HP Omen\Desktop\CSIR_4PI\Medical-Segmentation\dataset\masks\mask_000364.png
image_000183.png,mask_000183.png,C:\Users\HP Omen\Desktop\CSIR_4PI\Medical-Segmentation\dataset\images\image_000183.png,C:\Users\HP Omen\Desktop\CSIR_4PI\Medical-Segmentation\dataset\masks\mask_000183.png
image_001195.png,mask_001195.png,C:\Users\HP Omen\Desktop\CSIR_4PI\Medical-Segmentation\dataset\images\image_001195.png,C:\Users\HP Omen\Desktop\CSIR_4PI\Medical-Segmentation\dataset\masks\mask_001195.png
image_003296.png,mask_003296.png,C:\Users\HP Omen\Desktop\CSIR_4PI\Medical-Segmentation\dataset\images\image_003296.png,C:\Users\HP Omen\Desktop\CSIR_4PI\Medical-Segmentation\dataset\masks\mask_003296.png
image_001122.png,mask_001122.png,C:\Users\HP Omen\Desktop\CSIR_4PI\Medical-Segmentation\dataset\images\image_001122.png,C:\Users\HP Omen\Desktop\CSIR_4PI\Medical-Segmentation\dataset\masks\mask_001122.png
image_003808.png,mask_003808.png,C:\Users\HP Omen\Desktop\CSIR_4PI\Medical-Segmentation\dataset\images\image_003808.png,C:\Users\HP Omen\Desktop\CSIR_4PI\Medical-Segmentation\dataset\masks\mask_003808.png
image_001183.png,mask_001183.png,C:\Users\HP Omen\Desktop\CSIR_4PI\Medical-Segmentation\dataset\images\image_001183.png,C:\Users\HP Omen\Desktop\CSIR_4PI\Medical-Segmentation\dataset\masks\mask_001183.png
image_002869.png,mask_002869.png,C:\Users\HP Omen\Desktop\CSIR_4PI\Medical-Segmentation\dataset\images\image_002869.png,C:\Users\HP Omen\Desktop\CSIR_4PI\Medical-Segmentation\dataset\masks\mask_002869.png
image_000615.png,mask_000615.png,C:\Users\HP Omen\Desktop\CSIR_4PI\Medical-Segmentation\dataset\images\image_000615.png,C:\Users\HP Omen\Desktop\CSIR_4PI\Medical-Segmentation\dataset\masks\mask_000615.png
image_001467.png,mask_001467.png,C:\Users\HP Omen\Desktop\CSIR_4PI\Medical-Segmentation\dataset\images\image_001467.png,C:\Users\HP Omen\Desktop\CSIR_4PI\Medical-Segmentation\dataset\masks\mask_001467.png
image_000402.png,mask_000402.png,C:\Users\HP Omen\Desktop\CSIR_4PI\Medical-Segmentation\dataset\images\image_000402.png,C:\Users\HP Omen\Desktop\CSIR_4PI\Medical-Segmentation\dataset\masks\mask_000402.png
image_000935.png,mask_000935.png,C:\Users\HP Omen\Desktop\CSIR_4PI\Medical-Segmentation\dataset\images\image_000935.png,C:\Users\HP Omen\Desktop\CSIR_4PI\Medical-Segmentation\dataset\masks\mask_000935.png
image_002587.png,mask_002587.png,C:\Users\HP Omen\Desktop\CSIR_4PI\Medical-Segmentation\dataset\images\image_002587.png,C:\Users\HP Omen\Desktop\CSIR_4PI\Medical-Segmentation\dataset\masks\mask_002587.png
image_002579.png,mask_002579.png,C:\Users\HP Omen\Desktop\CSIR_4PI\Medical-Segmentation\dataset\images\image_002579.png,C:\Users\HP Omen\Desktop\CSIR_4PI\Medical-Segmentation\dataset\masks\mask_002579.png
image_000727.png,mask_000727.png,C:\Users\HP Omen\Desktop\CSIR_4PI\Medical-Segmentation\dataset\images\image_000727.png,C:\Users\HP Omen\Desktop\CSIR_4PI\Medical-Segmentation\dataset\masks\mask_000727.png
image_000827.png,mask_000827.png,C:\Users\HP Omen\Desktop\CSIR_4PI\Medical-Segmentation\dataset\images\image_000827.png,C:\Users\HP Omen\Desktop\CSIR_4PI\Medical-Segmentation\dataset\masks\mask_000827.png
image_001522.png,mask_001522.png,C:\Users\HP Omen\Desktop\CSIR_4PI\Medical-Segmentation\dataset\images\image_001522.png,C:\Users\HP Omen\Desktop\CSIR_4PI\Medical-Segmentation\dataset\masks\mask_001522.png
image_000137.png,mask_000137.png,C:\Users\HP Omen\Desktop\CSIR_4PI\Medical-Segmentation\dataset\images\image_000137.png,C:\Users\HP Omen\Desktop\CSIR_4PI\Medical-Segmentation\dataset\masks\mask_000137.png
image_000629.png,mask_000629.png,C:\Users\HP Omen\Desktop\CSIR_4PI\Medical-Segmentation\dataset\images\image_000629.png,C:\Users\HP Omen\Desktop\CSIR_4PI\Medical-Segmentation\dataset\masks\mask_000629.png
image_000335.png,mask_000335.png,C:\Users\HP Omen\Desktop\CSIR_4PI\Medical-Segmentation\dataset\images\image_000335.png,C:\Users\HP Omen\Desktop\CSIR_4PI\Medical-Segmentation\dataset\masks\mask_000335.png
image_000391.png,mask_000391.png,C:\Users\HP Omen\Desktop\CSIR_4PI\Medical-Segmentation\dataset\images\image_000391.png,C:\Users\HP Omen\Desktop\CSIR_4PI\Medical-Segmentation\dataset\masks\mask_000391.png
image_003012.png,mask_003012.png,C:\Users\HP Omen\Desktop\CSIR_4PI\Medical-Segmentation\dataset\images\image_003012.png,C:\Users\HP Omen\Desktop\CSIR_4PI\Medical-Segmentation\dataset\masks\mask_003012.png
image_001818.png,mask_001818.png,C:\Users\HP Omen\Desktop\CSIR_4PI\Medical-Segmentation\dataset\images\image_001818.png,C:\Users\HP Omen\Desktop\CSIR_4PI\Medical-Segmentation\dataset\masks\mask_001818.png
image_003533.png,mask_003533.png,C:\Users\HP Omen\Desktop\CSIR_4PI\Medical-Segmentation\dataset\images\image_003533.png,C:\Users\HP Omen\Desktop\CSIR_4PI\Medical-Segmentation\dataset\masks\mask_003533.png
image_000711.png,mask_000711.png,C:\Users\HP Omen\Desktop\CSIR_4PI\Medical-Segmentation\dataset\images\image_000711.png,C:\Users\HP Omen\Desktop\CSIR_4PI\Medical-Segmentation\dataset\masks\mask_000711.png
image_001040.png,mask_001040.png,C:\Users\HP Omen\Desktop\CSIR_4PI\Medical-Segmentation\dataset\images\image_001040.png,C:\Users\HP Omen\Desktop\CSIR_4PI\Medical-Segmentation\dataset\masks\mask_001040.png
image_002563.png,mask_002563.png,C:\Users\HP Omen\Desktop\CSIR_4PI\Medical-Segmentation\dataset\images\image_002563.png,C:\Users\HP Omen\Desktop\CSIR_4PI\Medical-Segmentation\dataset\masks\mask_002563.png
image_003393.png,mask_003393.png,C:\Users\HP Omen\Desktop\CSIR_4PI\Medical-Segmentation\dataset\images\image_003393.png,C:\Users\HP Omen\Desktop\CSIR_4PI\Medical-Segmentation\dataset\masks\mask_003393.png
image_001562.png,mask_001562.png,C:\Users\HP Omen\Desktop\CSIR_4PI\Medical-Segmentation\dataset\images\image_001562.png,C:\Users\HP Omen\Desktop\CSIR_4PI\Medical-Segmentation\dataset\masks\mask_001562.png
image_003608.png,mask_003608.png,C:\Users\HP Omen\Desktop\CSIR_4PI\Medical-Segmentation\dataset\images\image_003608.png,C:\Users\HP Omen\Desktop\CSIR_4PI\Medical-Segmentation\dataset\masks\mask_003608.png
image_003291.png,mask_003291.png,C:\Users\HP Omen\Desktop\CSIR_4PI\Medical-Segmentation\dataset\images\image_003291.png,C:\Users\HP Omen\Desktop\CSIR_4PI\Medical-Segmentation\dataset\masks\mask_003291.png
image_001113.png,mask_001113.png,C:\Users\HP Omen\Desktop\CSIR_4PI\Medical-Segmentation\dataset\images\image_001113.png,C:\Users\HP Omen\Desktop\CSIR_4PI\Medical-Segmentation\dataset\masks\mask_001113.png
image_001224.png,mask_001224.png,C:\Users\HP Omen\Desktop\CSIR_4PI\Medical-Segmentation\dataset\images\image_001224.png,C:\Users\HP Omen\Desktop\CSIR_4PI\Medical-Segmentation\dataset\masks\mask_001224.png
image_002610.png,mask_002610.png,C:\Users\HP Omen\Desktop\CSIR_4PI\Medical-Segmentation\dataset\images\image_002610.png,C:\Users\HP Omen\Desktop\CSIR_4PI\Medical-Segmentation\dataset\masks\mask_002610.png
image_001509.png,mask_001509.png,C:\Users\HP Omen\Desktop\CSIR_4PI\Medical-Segmentation\dataset\images\image_001509.png,C:\Users\HP Omen\Desktop\CSIR_4PI\Medical-Segmentation\dataset\masks\mask_001509.png
image_001751.png,mask_001751.png,C:\Users\HP Omen\Desktop\CSIR_4PI\Medical-Segmentation\dataset\images\image_001751.png,C:\Users\HP Omen\Desktop\CSIR_4PI\Medical-Segmentation\dataset\masks\mask_001751.png
image_003517.png,mask_003517.png,C:\Users\HP Omen\Desktop\CSIR_4PI\Medical-Segmentation\dataset\images\image_003517.png,C:\Users\HP Omen\Desktop\CSIR_4PI\Medical-Segmentation\dataset\masks\mask_003517.png
image_000339.png,mask_000339.png,C:\Users\HP Omen\Desktop\CSIR_4PI\Medical-Segmentation\dataset\images\image_000339.png,C:\Users\HP Omen\Desktop\CSIR_4PI\Medical-Segmentation\dataset\masks\mask_000339.png
image_000216.png,mask_000216.png,C:\Users\HP Omen\Desktop\CSIR_4PI\Medical-Segmentation\dataset\images\image_000216.png,C:\Users\HP Omen\Desktop\CSIR_4PI\Medical-Segmentation\dataset\masks\mask_000216.png
image_001342.png,mask_001342.png,C:\Users\HP Omen\Desktop\CSIR_4PI\Medical-Segmentation\dataset\images\image_001342.png,C:\Users\HP Omen\Desktop\CSIR_4PI\Medical-Segmentation\dataset\masks\mask_001342.png
image_003285.png,mask_003285.png,C:\Users\HP Omen\Desktop\CSIR_4PI\Medical-Segmentation\dataset\images\image_003285.png,C:\Users\HP Omen\Desktop\CSIR_4PI\Medical-Segmentation\dataset\masks\mask_003285.png
image_003676.png,mask_003676.png,C:\Users\HP Omen\Desktop\CSIR_4PI\Medical-Segmentation\dataset\images\image_003676.png,C:\Users\HP Omen\Desktop\CSIR_4PI\Medical-Segmentation\dataset\masks\mask_003676.png
image_002532.png,mask_002532.png,C:\Users\HP Omen\Desktop\CSIR_4PI\Medical-Segmentation\dataset\images\image_002532.png,C:\Users\HP Omen\Desktop\CSIR_4PI\Medical-Segmentation\dataset\masks\mask_002532.png
image_002437.png,mask_002437.png,C:\Users\HP Omen\Desktop\CSIR_4PI\Medical-Segmentation\dataset\images\image_002437.png,C:\Users\HP Omen\Desktop\CSIR_4PI\Medical-Segmentation\dataset\masks\mask_002437.png
image_003542.png,mask_003542.png,C:\Users\HP Omen\Desktop\CSIR_4PI\Medical-Segmentation\dataset\images\image_003542.png,C:\Users\HP Omen\Desktop\CSIR_4PI\Medical-Segmentation\dataset\masks\mask_003542.png
image_002323.png,mask_002323.png,C:\Users\HP Omen\Desktop\CSIR_4PI\Medical-Segmentation\dataset\images\image_002323.png,C:\Users\HP Omen\Desktop\CSIR_4PI\Medical-Segmentation\dataset\masks\mask_002323.png
image_000102.png,mask_000102.png,C:\Users\HP Omen\Desktop\CSIR_4PI\Medical-Segmentation\dataset\images\image_000102.png,C:\Users\HP Omen\Desktop\CSIR_4PI\Medical-Segmentation\dataset\masks\mask_000102.png
image_003077.png,mask_003077.png,C:\Users\HP Omen\Desktop\CSIR_4PI\Medical-Segmentation\dataset\images\image_003077.png,C:\Users\HP Omen\Desktop\CSIR_4PI\Medical-Segmentation\dataset\masks\mask_003077.png
image_000172.png,mask_000172.png,C:\Users\HP Omen\Desktop\CSIR_4PI\Medical-Segmentation\dataset\images\image_000172.png,C:\Users\HP Omen\Desktop\CSIR_4PI\Medical-Segmentation\dataset\masks\mask_000172.png
image_000108.png,mask_000108.png,C:\Users\HP Omen\Desktop\CSIR_4PI\Medical-Segmentation\dataset\images\image_000108.png,C:\Users\HP Omen\Desktop\CSIR_4PI\Medical-Segmentation\dataset\masks\mask_000108.png
image_002743.png,mask_002743.png,C:\Users\HP Omen\Desktop\CSIR_4PI\Medical-Segmentation\dataset\images\image_002743.png,C:\Users\HP Omen\Desktop\CSIR_4PI\Medical-Segmentation\dataset\masks\mask_002743.png
image_003910.png,mask_003910.png,C:\Users\HP Omen\Desktop\CSIR_4PI\Medical-Segmentation\dataset\images\image_003910.png,C:\Users\HP Omen\Desktop\CSIR_4PI\Medical-Segmentation\dataset\masks\mask_003910.png
image_003040.png,mask_003040.png,C:\Users\HP Omen\Desktop\CSIR_4PI\Medical-Segmentation\dataset\images\image_003040.png,C:\Users\HP Omen\Desktop\CSIR_4PI\Medical-Segmentation\dataset\masks\mask_003040.png
image_003856.png,mask_003856.png,C:\Users\HP Omen\Desktop\CSIR_4PI\Medical-Segmentation\dataset\images\image_003856.png,C:\Users\HP Omen\Desktop\CSIR_4PI\Medical-Segmentation\dataset\masks\mask_003856.png
image_002489.png,mask_002489.png,C:\Users\HP Omen\Desktop\CSIR_4PI\Medical-Segmentation\dataset\images\image_002489.png,C:\Users\HP Omen\Desktop\CSIR_4PI\Medical-Segmentation\dataset\masks\mask_002489.png
image_002655.png,mask_002655.png,C:\Users\HP Omen\Desktop\CSIR_4PI\Medical-Segmentation\dataset\images\image_002655.png,C:\Users\HP Omen\Desktop\CSIR_4PI\Medical-Segmentation\dataset\masks\mask_002655.png
image_002620.png,mask_002620.png,C:\Users\HP Omen\Desktop\CSIR_4PI\Medical-Segmentation\dataset\images\image_002620.png,C:\Users\HP Omen\Desktop\CSIR_4PI\Medical-Segmentation\dataset\masks\mask_002620.png
image_003747.png,mask_003747.png,C:\Users\HP Omen\Desktop\CSIR_4PI\Medical-Segmentation\dataset\images\image_003747.png,C:\Users\HP Omen\Desktop\CSIR_4PI\Medical-Segmentation\dataset\masks\mask_003747.png
image_003050.png,mask_003050.png,C:\Users\HP Omen\Desktop\CSIR_4PI\Medical-Segmentation\dataset\images\image_003050.png,C:\Users\HP Omen\Desktop\CSIR_4PI\Medical-Segmentation\dataset\masks\mask_003050.png
image_003368.png,mask_003368.png,C:\Users\HP Omen\Desktop\CSIR_4PI\Medical-Segmentation\dataset\images\image_003368.png,C:\Users\HP Omen\Desktop\CSIR_4PI\Medical-Segmentation\dataset\masks\mask_003368.png
image_001041.png,mask_001041.png,C:\Users\HP Omen\Desktop\CSIR_4PI\Medical-Segmentation\dataset\images\image_001041.png,C:\Users\HP Omen\Desktop\CSIR_4PI\Medical-Segmentation\dataset\masks\mask_001041.png
image_002729.png,mask_002729.png,C:\Users\HP Omen\Desktop\CSIR_4PI\Medical-Segmentation\dataset\images\image_002729.png,C:\Users\HP Omen\Desktop\CSIR_4PI\Medical-Segmentation\dataset\masks\mask_002729.png
image_002121.png,mask_002121.png,C:\Users\HP Omen\Desktop\CSIR_4PI\Medical-Segmentation\dataset\images\image_002121.png,C:\Users\HP Omen\Desktop\CSIR_4PI\Medical-Segmentation\dataset\masks\mask_002121.png
image_001525.png,mask_001525.png,C:\Users\HP Omen\Desktop\CSIR_4PI\Medical-Segmentation\dataset\images\image_001525.png,C:\Users\HP Omen\Desktop\CSIR_4PI\Medical-Segmentation\dataset\masks\mask_001525.png
image_003348.png,mask_003348.png,C:\Users\HP Omen\Desktop\CSIR_4PI\Medical-Segmentation\dataset\images\image_003348.png,C:\Users\HP Omen\Desktop\CSIR_4PI\Medical-Segmentation\dataset\masks\mask_003348.png
image_002249.png,mask_002249.png,C:\Users\HP Omen\Desktop\CSIR_4PI\Medical-Segmentation\dataset\images\image_002249.png,C:\Users\HP Omen\Desktop\CSIR_4PI\Medical-Segmentation\dataset\masks\mask_002249.png
image_000482.png,mask_000482.png,C:\Users\HP Omen\Desktop\CSIR_4PI\Medical-Segmentation\dataset\images\image_000482.png,C:\Users\HP Omen\Desktop\CSIR_4PI\Medical-Segmentation\dataset\masks\mask_000482.png
image_002779.png,mask_002779.png,C:\Users\HP Omen\Desktop\CSIR_4PI\Medical-Segmentation\dataset\images\image_002779.png,C:\Users\HP Omen\Desktop\CSIR_4PI\Medical-Segmentation\dataset\masks\mask_002779.png
image_002893.png,mask_002893.png,C:\Users\HP Omen\Desktop\CSIR_4PI\Medical-Segmentation\dataset\images\image_002893.png,C:\Users\HP Omen\Desktop\CSIR_4PI\Medical-Segmentation\dataset\masks\mask_002893.png
image_001763.png,mask_001763.png,C:\Users\HP Omen\Desktop\CSIR_4PI\Medical-Segmentation\dataset\images\image_001763.png,C:\Users\HP Omen\Desktop\CSIR_4PI\Medical-Segmentation\dataset\masks\mask_001763.png
image_003196.png,mask_003196.png,C:\Users\HP Omen\Desktop\CSIR_4PI\Medical-Segmentation\dataset\images\image_003196.png,C:\Users\HP Omen\Desktop\CSIR_4PI\Medical-Segmentation\dataset\masks\mask_003196.png
image_003322.png,mask_003322.png,C:\Users\HP Omen\Desktop\CSIR_4PI\Medical-Segmentation\dataset\images\image_003322.png,C:\Users\HP Omen\Desktop\CSIR_4PI\Medical-Segmentation\dataset\masks\mask_003322.png
image_003693.png,mask_003693.png,C:\Users\HP Omen\Desktop\CSIR_4PI\Medical-Segmentation\dataset\images\image_003693.png,C:\Users\HP Omen\Desktop\CSIR_4PI\Medical-Segmentation\dataset\masks\mask_003693.png
image_002670.png,mask_002670.png,C:\Users\HP Omen\Desktop\CSIR_4PI\Medical-Segmentation\dataset\images\image_002670.png,C:\Users\HP Omen\Desktop\CSIR_4PI\Medical-Segmentation\dataset\masks\mask_002670.png
image_000406.png,mask_000406.png,C:\Users\HP Omen\Desktop\CSIR_4PI\Medical-Segmentation\dataset\images\image_000406.png,C:\Users\HP Omen\Desktop\CSIR_4PI\Medical-Segmentation\dataset\masks\mask_000406.png
image_000758.png,mask_000758.png,C:\Users\HP Omen\Desktop\CSIR_4PI\Medical-Segmentation\dataset\images\image_000758.png,C:\Users\HP Omen\Desktop\CSIR_4PI\Medical-Segmentation\dataset\masks\mask_000758.png
image_003870.png,mask_003870.png,C:\Users\HP Omen\Desktop\CSIR_4PI\Medical-Segmentation\dataset\images\image_003870.png,C:\Users\HP Omen\Desktop\CSIR_4PI\Medical-Segmentation\dataset\masks\mask_003870.png
image_000098.png,mask_000098.png,C:\Users\HP Omen\Desktop\CSIR_4PI\Medical-Segmentation\dataset\images\image_000098.png,C:\Users\HP Omen\Desktop\CSIR_4PI\Medical-Segmentation\dataset\masks\mask_000098.png
image_001334.png,mask_001334.png,C:\Users\HP Omen\Desktop\CSIR_4PI\Medical-Segmentation\dataset\images\image_001334.png,C:\Users\HP Omen\Desktop\CSIR_4PI\Medical-Segmentation\dataset\masks\mask_001334.png
image_003116.png,mask_003116.png,C:\Users\HP Omen\Desktop\CSIR_4PI\Medical-Segmentation\dataset\images\image_003116.png,C:\Users\HP Omen\Desktop\CSIR_4PI\Medical-Segmentation\dataset\masks\mask_003116.png
image_003748.png,mask_003748.png,C:\Users\HP Omen\Desktop\CSIR_4PI\Medical-Segmentation\dataset\images\image_003748.png,C:\Users\HP Omen\Desktop\CSIR_4PI\Medical-Segmentation\dataset\masks\mask_003748.png
image_002571.png,mask_002571.png,C:\Users\HP Omen\Desktop\CSIR_4PI\Medical-Segmentation\dataset\images\image_002571.png,C:\Users\HP Omen\Desktop\CSIR_4PI\Medical-Segmentation\dataset\masks\mask_002571.png
image_002059.png,mask_002059.png,C:\Users\HP Omen\Desktop\CSIR_4PI\Medical-Segmentation\dataset\images\image_002059.png,C:\Users\HP Omen\Desktop\CSIR_4PI\Medical-Segmentation\dataset\masks\mask_002059.png
image_002890.png,mask_002890.png,C:\Users\HP Omen\Desktop\CSIR_4PI\Medical-Segmentation\dataset\images\image_002890.png,C:\Users\HP Omen\Desktop\CSIR_4PI\Medical-Segmentation\dataset\masks\mask_002890.png
image_000149.png,mask_000149.png,C:\Users\HP Omen\Desktop\CSIR_4PI\Medical-Segmentation\dataset\images\image_000149.png,C:\Users\HP Omen\Desktop\CSIR_4PI\Medical-Segmentation\dataset\masks\mask_000149.png
image_000029.png,mask_000029.png,C:\Users\HP Omen\Desktop\CSIR_4PI\Medical-Segmentation\dataset\images\image_000029.png,C:\Users\HP Omen\Desktop\CSIR_4PI\Medical-Segmentation\dataset\masks\mask_000029.png
image_002831.png,mask_002831.png,C:\Users\HP Omen\Desktop\CSIR_4PI\Medical-Segmentation\dataset\images\image_002831.png,C:\Users\HP Omen\Desktop\CSIR_4PI\Medical-Segmentation\dataset\masks\mask_002831.png
image_002575.png,mask_002575.png,C:\Users\HP Omen\Desktop\CSIR_4PI\Medical-Segmentation\dataset\images\image_002575.png,C:\Users\HP Omen\Desktop\CSIR_4PI\Medical-Segmentation\dataset\masks\mask_002575.png
image_000693.png,mask_000693.png,C:\Users\HP Omen\Desktop\CSIR_4PI\Medical-Segmentation\dataset\images\image_000693.png,C:\Users\HP Omen\Desktop\CSIR_4PI\Medical-Segmentation\dataset\masks\mask_000693.png
image_001387.png,mask_001387.png,C:\Users\HP Omen\Desktop\CSIR_4PI\Medical-Segmentation\dataset\images\image_001387.png,C:\Users\HP Omen\Desktop\CSIR_4PI\Medical-Segmentation\dataset\masks\mask_001387.png
image_001846.png,mask_001846.png,C:\Users\HP Omen\Desktop\CSIR_4PI\Medical-Segmentation\dataset\images\image_001846.png,C:\Users\HP Omen\Desktop\CSIR_4PI\Medical-Segmentation\dataset\masks\mask_001846.png
image_002675.png,mask_002675.png,C:\Users\HP Omen\Desktop\CSIR_4PI\Medical-Segmentation\dataset\images\image_002675.png,C:\Users\HP Omen\Desktop\CSIR_4PI\Medical-Segmentation\dataset\masks\mask_002675.png
image_001600.png,mask_001600.png,C:\Users\HP Omen\Desktop\CSIR_4PI\Medical-Segmentation\dataset\images\image_001600.png,C:\Users\HP Omen\Desktop\CSIR_4PI\Medical-Segmentation\dataset\masks\mask_001600.png
image_000702.png,mask_000702.png,C:\Users\HP Omen\Desktop\CSIR_4PI\Medical-Segmentation\dataset\images\image_000702.png,C:\Users\HP Omen\Desktop\CSIR_4PI\Medical-Segmentation\dataset\masks\mask_000702.png
image_001709.png,mask_001709.png,C:\Users\HP Omen\Desktop\CSIR_4PI\Medical-Segmentation\dataset\images\image_001709.png,C:\Users\HP Omen\Desktop\CSIR_4PI\Medical-Segmentation\dataset\masks\mask_001709.png
image_000455.png,mask_000455.png,C:\Users\HP Omen\Desktop\CSIR_4PI\Medical-Segmentation\dataset\images\image_000455.png,C:\Users\HP Omen\Desktop\CSIR_4PI\Medical-Segmentation\dataset\masks\mask_000455.png
image_002041.png,mask_002041.png,C:\Users\HP Omen\Desktop\CSIR_4PI\Medical-Segmentation\dataset\images\image_002041.png,C:\Users\HP Omen\Desktop\CSIR_4PI\Medical-Segmentation\dataset\masks\mask_002041.png
image_002733.png,mask_002733.png,C:\Users\HP Omen\Desktop\CSIR_4PI\Medical-Segmentation\dataset\images\image_002733.png,C:\Users\HP Omen\Desktop\CSIR_4PI\Medical-Segmentation\dataset\masks\mask_002733.png
image_002316.png,mask_002316.png,C:\Users\HP Omen\Desktop\CSIR_4PI\Medical-Segmentation\dataset\images\image_002316.png,C:\Users\HP Omen\Desktop\CSIR_4PI\Medical-Segmentation\dataset\masks\mask_002316.png
image_000610.png,mask_000610.png,C:\Users\HP Omen\Desktop\CSIR_4PI\Medical-Segmentation\dataset\images\image_000610.png,C:\Users\HP Omen\Desktop\CSIR_4PI\Medical-Segmentation\dataset\masks\mask_000610.png
image_000168.png,mask_000168.png,C:\Users\HP Omen\Desktop\CSIR_4PI\Medical-Segmentation\dataset\images\image_000168.png,C:\Users\HP Omen\Desktop\CSIR_4PI\Medical-Segmentation\dataset\masks\mask_000168.png
image_000731.png,mask_000731.png,C:\Users\HP Omen\Desktop\CSIR_4PI\Medical-Segmentation\dataset\images\image_000731.png,C:\Users\HP Omen\Desktop\CSIR_4PI\Medical-Segmentation\dataset\masks\mask_000731.png
image_003341.png,mask_003341.png,C:\Users\HP Omen\Desktop\CSIR_4PI\Medical-Segmentation\dataset\images\image_003341.png,C:\Users\HP Omen\Desktop\CSIR_4PI\Medical-Segmentation\dataset\masks\mask_003341.png
image_003515.png,mask_003515.png,C:\Users\HP Omen\Desktop\CSIR_4PI\Medical-Segmentation\dataset\images\image_003515.png,C:\Users\HP Omen\Desktop\CSIR_4PI\Medical-Segmentation\dataset\masks\mask_003515.png
image_002595.png,mask_002595.png,C:\Users\HP Omen\Desktop\CSIR_4PI\Medical-Segmentation\dataset\images\image_002595.png,C:\Users\HP Omen\Desktop\CSIR_4PI\Medical-Segmentation\dataset\masks\mask_002595.png
image_001623.png,mask_001623.png,C:\Users\HP Omen\Desktop\CSIR_4PI\Medical-Segmentation\dataset\images\image_001623.png,C:\Users\HP Omen\Desktop\CSIR_4PI\Medical-Segmentation\dataset\masks\mask_001623.png
image_000588.png,mask_000588.png,C:\Users\HP Omen\Desktop\CSIR_4PI\Medical-Segmentation\dataset\images\image_000588.png,C:\Users\HP Omen\Desktop\CSIR_4PI\Medical-Segmentation\dataset\masks\mask_000588.png
image_001402.png,mask_001402.png,C:\Users\HP Omen\Desktop\CSIR_4PI\Medical-Segmentation\dataset\images\image_001402.png,C:\Users\HP Omen\Desktop\CSIR_4PI\Medical-Segmentation\dataset\masks\mask_001402.png
image_001701.png,mask_001701.png,C:\Users\HP Omen\Desktop\CSIR_4PI\Medical-Segmentation\dataset\images\image_001701.png,C:\Users\HP Omen\Desktop\CSIR_4PI\Medical-Segmentation\dataset\masks\mask_001701.png
image_003351.png,mask_003351.png,C:\Users\HP Omen\Desktop\CSIR_4PI\Medical-Segmentation\dataset\images\image_003351.png,C:\Users\HP Omen\Desktop\CSIR_4PI\Medical-Segmentation\dataset\masks\mask_003351.png
image_003087.png,mask_003087.png,C:\Users\HP Omen\Desktop\CSIR_4PI\Medical-Segmentation\dataset\images\image_003087.png,C:\Users\HP Omen\Desktop\CSIR_4PI\Medical-Segmentation\dataset\masks\mask_003087.png
image_001380.png,mask_001380.png,C:\Users\HP Omen\Desktop\CSIR_4PI\Medical-Segmentation\dataset\images\image_001380.png,C:\Users\HP Omen\Desktop\CSIR_4PI\Medical-Segmentation\dataset\masks\mask_001380.png
image_002090.png,mask_002090.png,C:\Users\HP Omen\Desktop\CSIR_4PI\Medical-Segmentation\dataset\images\image_002090.png,C:\Users\HP Omen\Desktop\CSIR_4PI\Medical-Segmentation\dataset\masks\mask_002090.png
image_002176.png,mask_002176.png,C:\Users\HP Omen\Desktop\CSIR_4PI\Medical-Segmentation\dataset\images\image_002176.png,C:\Users\HP Omen\Desktop\CSIR_4PI\Medical-Segmentation\dataset\masks\mask_002176.png
image_002998.png,mask_002998.png,C:\Users\HP Omen\Desktop\CSIR_4PI\Medical-Segmentation\dataset\images\image_002998.png,C:\Users\HP Omen\Desktop\CSIR_4PI\Medical-Segmentation\dataset\masks\mask_002998.png
image_002514.png,mask_002514.png,C:\Users\HP Omen\Desktop\CSIR_4PI\Medical-Segmentation\dataset\images\image_002514.png,C:\Users\HP Omen\Desktop\CSIR_4PI\Medical-Segmentation\dataset\masks\mask_002514.png
image_003178.png,mask_003178.png,C:\Users\HP Omen\Desktop\CSIR_4PI\Medical-Segmentation\dataset\images\image_003178.png,C:\Users\HP Omen\Desktop\CSIR_4PI\Medical-Segmentation\dataset\masks\mask_003178.png
image_000442.png,mask_000442.png,C:\Users\HP Omen\Desktop\CSIR_4PI\Medical-Segmentation\dataset\images\image_000442.png,C:\Users\HP Omen\Desktop\CSIR_4PI\Medical-Segmentation\dataset\masks\mask_000442.png
image_002052.png,mask_002052.png,C:\Users\HP Omen\Desktop\CSIR_4PI\Medical-Segmentation\dataset\images\image_002052.png,C:\Users\HP Omen\Desktop\CSIR_4PI\Medical-Segmentation\dataset\masks\mask_002052.png
image_001302.png,mask_001302.png,C:\Users\HP Omen\Desktop\CSIR_4PI\Medical-Segmentation\dataset\images\image_001302.png,C:\Users\HP Omen\Desktop\CSIR_4PI\Medical-Segmentation\dataset\masks\mask_001302.png
image_003320.png,mask_003320.png,C:\Users\HP Omen\Desktop\CSIR_4PI\Medical-Segmentation\dataset\images\image_003320.png,C:\Users\HP Omen\Desktop\CSIR_4PI\Medical-Segmentation\dataset\masks\mask_003320.png
image_001305.png,mask_001305.png,C:\Users\HP Omen\Desktop\CSIR_4PI\Medical-Segmentation\dataset\images\image_001305.png,C:\Users\HP Omen\Desktop\CSIR_4PI\Medical-Segmentation\dataset\masks\mask_001305.png
image_000237.png,mask_000237.png,C:\Users\HP Omen\Desktop\CSIR_4PI\Medical-Segmentation\dataset\images\image_000237.png,C:\Users\HP Omen\Desktop\CSIR_4PI\Medical-Segmentation\dataset\masks\mask_000237.png
image_000521.png,mask_000521.png,C:\Users\HP Omen\Desktop\CSIR_4PI\Medical-Segmentation\dataset\images\image_000521.png,C:\Users\HP Omen\Desktop\CSIR_4PI\Medical-Segmentation\dataset\masks\mask_000521.png
image_000736.png,mask_000736.png,C:\Users\HP Omen\Desktop\CSIR_4PI\Medical-Segmentation\dataset\images\image_000736.png,C:\Users\HP Omen\Desktop\CSIR_4PI\Medical-Segmentation\dataset\masks\mask_000736.png
image_003471.png,mask_003471.png,C:\Users\HP Omen\Desktop\CSIR_4PI\Medical-Segmentation\dataset\images\image_003471.png,C:\Users\HP Omen\Desktop\CSIR_4PI\Medical-Segmentation\dataset\masks\mask_003471.png
image_002107.png,mask_002107.png,C:\Users\HP Omen\Desktop\CSIR_4PI\Medical-Segmentation\dataset\images\image_002107.png,C:\Users\HP Omen\Desktop\CSIR_4PI\Medical-Segmentation\dataset\masks\mask_002107.png
image_000593.png,mask_000593.png,C:\Users\HP Omen\Desktop\CSIR_4PI\Medical-Segmentation\dataset\images\image_000593.png,C:\Users\HP Omen\Desktop\CSIR_4PI\Medical-Segmentation\dataset\masks\mask_000593.png
image_001304.png,mask_001304.png,C:\Users\HP Omen\Desktop\CSIR_4PI\Medical-Segmentation\dataset\images\image_001304.png,C:\Users\HP Omen\Desktop\CSIR_4PI\Medical-Segmentation\dataset\masks\mask_001304.png
image_001388.png,mask_001388.png,C:\Users\HP Omen\Desktop\CSIR_4PI\Medical-Segmentation\dataset\images\image_001388.png,C:\Users\HP Omen\Desktop\CSIR_4PI\Medical-Segmentation\dataset\masks\mask_001388.png
image_002541.png,mask_002541.png,C:\Users\HP Omen\Desktop\CSIR_4PI\Medical-Segmentation\dataset\images\image_002541.png,C:\Users\HP Omen\Desktop\CSIR_4PI\Medical-Segmentation\dataset\masks\mask_002541.png
image_003892.png,mask_003892.png,C:\Users\HP Omen\Desktop\CSIR_4PI\Medical-Segmentation\dataset\images\image_003892.png,C:\Users\HP Omen\Desktop\CSIR_4PI\Medical-Segmentation\dataset\masks\mask_003892.png
image_003652.png,mask_003652.png,C:\Users\HP Omen\Desktop\CSIR_4PI\Medical-Segmentation\dataset\images\image_003652.png,C:\Users\HP Omen\Desktop\CSIR_4PI\Medical-Segmentation\dataset\masks\mask_003652.png
image_000905.png,mask_000905.png,C:\Users\HP Omen\Desktop\CSIR_4PI\Medical-Segmentation\dataset\images\image_000905.png,C:\Users\HP Omen\Desktop\CSIR_4PI\Medical-Segmentation\dataset\masks\mask_000905.png
image_003325.png,mask_003325.png,C:\Users\HP Omen\Desktop\CSIR_4PI\Medical-Segmentation\dataset\images\image_003325.png,C:\Users\HP Omen\Desktop\CSIR_4PI\Medical-Segmentation\dataset\masks\mask_003325.png
image_001280.png,mask_001280.png,C:\Users\HP Omen\Desktop\CSIR_4PI\Medical-Segmentation\dataset\images\image_001280.png,C:\Users\HP Omen\Desktop\CSIR_4PI\Medical-Segmentation\dataset\masks\mask_001280.png
image_003132.png,mask_003132.png,C:\Users\HP Omen\Desktop\CSIR_4PI\Medical-Segmentation\dataset\images\image_003132.png,C:\Users\HP Omen\Desktop\CSIR_4PI\Medical-Segmentation\dataset\masks\mask_003132.png
image_003769.png,mask_003769.png,C:\Users\HP Omen\Desktop\CSIR_4PI\Medical-Segmentation\dataset\images\image_003769.png,C:\Users\HP Omen\Desktop\CSIR_4PI\Medical-Segmentation\dataset\masks\mask_003769.png
image_002309.png,mask_002309.png,C:\Users\HP Omen\Desktop\CSIR_4PI\Medical-Segmentation\dataset\images\image_002309.png,C:\Users\HP Omen\Desktop\CSIR_4PI\Medical-Segmentation\dataset\masks\mask_002309.png
image_003114.png,mask_003114.png,C:\Users\HP Omen\Desktop\CSIR_4PI\Medical-Segmentation\dataset\images\image_003114.png,C:\Users\HP Omen\Desktop\CSIR_4PI\Medical-Segmentation\dataset\masks\mask_003114.png
image_003215.png,mask_003215.png,C:\Users\HP Omen\Desktop\CSIR_4PI\Medical-Segmentation\dataset\images\image_003215.png,C:\Users\HP Omen\Desktop\CSIR_4PI\Medical-Segmentation\dataset\masks\mask_003215.png
image_003107.png,mask_003107.png,C:\Users\HP Omen\Desktop\CSIR_4PI\Medical-Segmentation\dataset\images\image_003107.png,C:\Users\HP Omen\Desktop\CSIR_4PI\Medical-Segmentation\dataset\masks\mask_003107.png
image_000707.png,mask_000707.png,C:\Users\HP Omen\Desktop\CSIR_4PI\Medical-Segmentation\dataset\images\image_000707.png,C:\Users\HP Omen\Desktop\CSIR_4PI\Medical-Segmentation\dataset\masks\mask_000707.png
image_003455.png,mask_003455.png,C:\Users\HP Omen\Desktop\CSIR_4PI\Medical-Segmentation\dataset\images\image_003455.png,C:\Users\HP Omen\Desktop\CSIR_4PI\Medical-Segmentation\dataset\masks\mask_003455.png
image_000746.png,mask_000746.png,C:\Users\HP Omen\Desktop\CSIR_4PI\Medical-Segmentation\dataset\images\image_000746.png,C:\Users\HP Omen\Desktop\CSIR_4PI\Medical-Segmentation\dataset\masks\mask_000746.png
image_001940.png,mask_001940.png,C:\Users\HP Omen\Desktop\CSIR_4PI\Medical-Segmentation\dataset\images\image_001940.png,C:\Users\HP Omen\Desktop\CSIR_4PI\Medical-Segmentation\dataset\masks\mask_001940.png
image_003493.png,mask_003493.png,C:\Users\HP Omen\Desktop\CSIR_4PI\Medical-Segmentation\dataset\images\image_003493.png,C:\Users\HP Omen\Desktop\CSIR_4PI\Medical-Segmentation\dataset\masks\mask_003493.png
image_000514.png,mask_000514.png,C:\Users\HP Omen\Desktop\CSIR_4PI\Medical-Segmentation\dataset\images\image_000514.png,C:\Users\HP Omen\Desktop\CSIR_4PI\Medical-Segmentation\dataset\masks\mask_000514.png
image_000082.png,mask_000082.png,C:\Users\HP Omen\Desktop\CSIR_4PI\Medical-Segmentation\dataset\images\image_000082.png,C:\Users\HP Omen\Desktop\CSIR_4PI\Medical-Segmentation\dataset\masks\mask_000082.png
image_001309.png,mask_001309.png,C:\Users\HP Omen\Desktop\CSIR_4PI\Medical-Segmentation\dataset\images\image_001309.png,C:\Users\HP Omen\Desktop\CSIR_4PI\Medical-Segmentation\dataset\masks\mask_001309.png
image_003253.png,mask_003253.png,C:\Users\HP Omen\Desktop\CSIR_4PI\Medical-Segmentation\dataset\images\image_003253.png,C:\Users\HP Omen\Desktop\CSIR_4PI\Medical-Segmentation\dataset\masks\mask_003253.png
image_000915.png,mask_000915.png,C:\Users\HP Omen\Desktop\CSIR_4PI\Medical-Segmentation\dataset\images\image_000915.png,C:\Users\HP Omen\Desktop\CSIR_4PI\Medical-Segmentation\dataset\masks\mask_000915.png
image_003613.png,mask_003613.png,C:\Users\HP Omen\Desktop\CSIR_4PI\Medical-Segmentation\dataset\images\image_003613.png,C:\Users\HP Omen\Desktop\CSIR_4PI\Medical-Segmentation\dataset\masks\mask_003613.png
image_003597.png,mask_003597.png,C:\Users\HP Omen\Desktop\CSIR_4PI\Medical-Segmentation\dataset\images\image_003597.png,C:\Users\HP Omen\Desktop\CSIR_4PI\Medical-Segmentation\dataset\masks\mask_003597.png
image_000775.png,mask_000775.png,C:\Users\HP Omen\Desktop\CSIR_4PI\Medical-Segmentation\dataset\images\image_000775.png,C:\Users\HP Omen\Desktop\CSIR_4PI\Medical-Segmentation\dataset\masks\mask_000775.png
image_000330.png,mask_000330.png,C:\Users\HP Omen\Desktop\CSIR_4PI\Medical-Segmentation\dataset\images\image_000330.png,C:\Users\HP Omen\Desktop\CSIR_4PI\Medical-Segmentation\dataset\masks\mask_000330.png
image_002055.png,mask_002055.png,C:\Users\HP Omen\Desktop\CSIR_4PI\Medical-Segmentation\dataset\images\image_002055.png,C:\Users\HP Omen\Desktop\CSIR_4PI\Medical-Segmentation\dataset\masks\mask_002055.png
image_002002.png,mask_002002.png,C:\Users\HP Omen\Desktop\CSIR_4PI\Medical-Segmentation\dataset\images\image_002002.png,C:\Users\HP Omen\Desktop\CSIR_4PI\Medical-Segmentation\dataset\masks\mask_002002.png
image_000944.png,mask_000944.png,C:\Users\HP Omen\Desktop\CSIR_4PI\Medical-Segmentation\dataset\images\image_000944.png,C:\Users\HP Omen\Desktop\CSIR_4PI\Medical-Segmentation\dataset\masks\mask_000944.png
image_000823.png,mask_000823.png,C:\Users\HP Omen\Desktop\CSIR_4PI\Medical-Segmentation\dataset\images\image_000823.png,C:\Users\HP Omen\Desktop\CSIR_4PI\Medical-Segmentation\dataset\masks\mask_000823.png
image_000910.png,mask_000910.png,C:\Users\HP Omen\Desktop\CSIR_4PI\Medical-Segmentation\dataset\images\image_000910.png,C:\Users\HP Omen\Desktop\CSIR_4PI\Medical-Segmentation\dataset\masks\mask_000910.png
image_002517.png,mask_002517.png,C:\Users\HP Omen\Desktop\CSIR_4PI\Medical-Segmentation\dataset\images\image_002517.png,C:\Users\HP Omen\Desktop\CSIR_4PI\Medical-Segmentation\dataset\masks\mask_002517.png
image_000182.png,mask_000182.png,C:\Users\HP Omen\Desktop\CSIR_4PI\Medical-Segmentation\dataset\images\image_000182.png,C:\Users\HP Omen\Desktop\CSIR_4PI\Medical-Segmentation\dataset\masks\mask_000182.png
image_000165.png,mask_000165.png,C:\Users\HP Omen\Desktop\CSIR_4PI\Medical-Segmentation\dataset\images\image_000165.png,C:\Users\HP Omen\Desktop\CSIR_4PI\Medical-Segmentation\dataset\masks\mask_000165.png
image_001524.png,mask_001524.png,C:\Users\HP Omen\Desktop\CSIR_4PI\Medical-Segmentation\dataset\images\image_001524.png,C:\Users\HP Omen\Desktop\CSIR_4PI\Medical-Segmentation\dataset\masks\mask_001524.png
image_000452.png,mask_000452.png,C:\Users\HP Omen\Desktop\CSIR_4PI\Medical-Segmentation\dataset\images\image_000452.png,C:\Users\HP Omen\Desktop\CSIR_4PI\Medical-Segmentation\dataset\masks\mask_000452.png
image_002539.png,mask_002539.png,C:\Users\HP Omen\Desktop\CSIR_4PI\Medical-Segmentation\dataset\images\image_002539.png,C:\Users\HP Omen\Desktop\CSIR_4PI\Medical-Segmentation\dataset\masks\mask_002539.png
image_001312.png,mask_001312.png,C:\Users\HP Omen\Desktop\CSIR_4PI\Medical-Segmentation\dataset\images\image_001312.png,C:\Users\HP Omen\Desktop\CSIR_4PI\Medical-Segmentation\dataset\masks\mask_001312.png
image_001112.png,mask_001112.png,C:\Users\HP Omen\Desktop\CSIR_4PI\Medical-Segmentation\dataset\images\image_001112.png,C:\Users\HP Omen\Desktop\CSIR_4PI\Medical-Segmentation\dataset\masks\mask_001112.png
image_003250.png,mask_003250.png,C:\Users\HP Omen\Desktop\CSIR_4PI\Medical-Segmentation\dataset\images\image_003250.png,C:\Users\HP Omen\Desktop\CSIR_4PI\Medical-Segmentation\dataset\masks\mask_003250.png
image_001288.png,mask_001288.png,C:\Users\HP Omen\Desktop\CSIR_4PI\Medical-Segmentation\dataset\images\image_001288.png,C:\Users\HP Omen\Desktop\CSIR_4PI\Medical-Segmentation\dataset\masks\mask_001288.png
image_000328.png,mask_000328.png,C:\Users\HP Omen\Desktop\CSIR_4PI\Medical-Segmentation\dataset\images\image_000328.png,C:\Users\HP Omen\Desktop\CSIR_4PI\Medical-Segmentation\dataset\masks\mask_000328.png
image_001791.png,mask_001791.png,C:\Users\HP Omen\Desktop\CSIR_4PI\Medical-Segmentation\dataset\images\image_001791.png,C:\Users\HP Omen\Desktop\CSIR_4PI\Medical-Segmentation\dataset\masks\mask_001791.png
image_002491.png,mask_002491.png,C:\Users\HP Omen\Desktop\CSIR_4PI\Medical-Segmentation\dataset\images\image_002491.png,C:\Users\HP Omen\Desktop\CSIR_4PI\Medical-Segmentation\dataset\masks\mask_002491.png
image_003655.png,mask_003655.png,C:\Users\HP Omen\Desktop\CSIR_4PI\Medical-Segmentation\dataset\images\image_003655.png,C:\Users\HP Omen\Desktop\CSIR_4PI\Medical-Segmentation\dataset\masks\mask_003655.png
image_002008.png,mask_002008.png,C:\Users\HP Omen\Desktop\CSIR_4PI\Medical-Segmentation\dataset\images\image_002008.png,C:\Users\HP Omen\Desktop\CSIR_4PI\Medical-Segmentation\dataset\masks\mask_002008.png
image_001859.png,mask_001859.png,C:\Users\HP Omen\Desktop\CSIR_4PI\Medical-Segmentation\dataset\images\image_001859.png,C:\Users\HP Omen\Desktop\CSIR_4PI\Medical-Segmentation\dataset\masks\mask_001859.png
image_000313.png,mask_000313.png,C:\Users\HP Omen\Desktop\CSIR_4PI\Medical-Segmentation\dataset\images\image_000313.png,C:\Users\HP Omen\Desktop\CSIR_4PI\Medical-Segmentation\dataset\masks\mask_000313.png
image_000833.png,mask_000833.png,C:\Users\HP Omen\Desktop\CSIR_4PI\Medical-Segmentation\dataset\images\image_000833.png,C:\Users\HP Omen\Desktop\CSIR_4PI\Medical-Segmentation\dataset\masks\mask_000833.png
image_001202.png,mask_001202.png,C:\Users\HP Omen\Desktop\CSIR_4PI\Medical-Segmentation\dataset\images\image_001202.png,C:\Users\HP Omen\Desktop\CSIR_4PI\Medical-Segmentation\dataset\masks\mask_001202.png
image_003017.png,mask_003017.png,C:\Users\HP Omen\Desktop\CSIR_4PI\Medical-Segmentation\dataset\images\image_003017.png,C:\Users\HP Omen\Desktop\CSIR_4PI\Medical-Segmentation\dataset\masks\mask_003017.png
image_002565.png,mask_002565.png,C:\Users\HP Omen\Desktop\CSIR_4PI\Medical-Segmentation\dataset\images\image_002565.png,C:\Users\HP Omen\Desktop\CSIR_4PI\Medical-Segmentation\dataset\masks\mask_002565.png
image_002135.png,mask_002135.png,C:\Users\HP Omen\Desktop\CSIR_4PI\Medical-Segmentation\dataset\images\image_002135.png,C:\Users\HP Omen\Desktop\CSIR_4PI\Medical-Segmentation\dataset\masks\mask_002135.png
image_002210.png,mask_002210.png,C:\Users\HP Omen\Desktop\CSIR_4PI\Medical-Segmentation\dataset\images\image_002210.png,C:\Users\HP Omen\Desktop\CSIR_4PI\Medical-Segmentation\dataset\masks\mask_002210.png
image_003026.png,mask_003026.png,C:\Users\HP Omen\Desktop\CSIR_4PI\Medical-Segmentation\dataset\images\image_003026.png,C:\Users\HP Omen\Desktop\CSIR_4PI\Medical-Segmentation\dataset\masks\mask_003026.png
image_001482.png,mask_001482.png,C:\Users\HP Omen\Desktop\CSIR_4PI\Medical-Segmentation\dataset\images\image_001482.png,C:\Users\HP Omen\Desktop\CSIR_4PI\Medical-Segmentation\dataset\masks\mask_001482.png
image_000778.png,mask_000778.png,C:\Users\HP Omen\Desktop\CSIR_4PI\Medical-Segmentation\dataset\images\image_000778.png,C:\Users\HP Omen\Desktop\CSIR_4PI\Medical-Segmentation\dataset\masks\mask_000778.png
image_000800.png,mask_000800.png,C:\Users\HP Omen\Desktop\CSIR_4PI\Medical-Segmentation\dataset\images\image_000800.png,C:\Users\HP Omen\Desktop\CSIR_4PI\Medical-Segmentation\dataset\masks\mask_000800.png
image_000055.png,mask_000055.png,C:\Users\HP Omen\Desktop\CSIR_4PI\Medical-Segmentation\dataset\images\image_000055.png,C:\Users\HP Omen\Desktop\CSIR_4PI\Medical-Segmentation\dataset\masks\mask_000055.png
image_001921.png,mask_001921.png,C:\Users\HP Omen\Desktop\CSIR_4PI\Medical-Segmentation\dataset\images\image_001921.png,C:\Users\HP Omen\Desktop\CSIR_4PI\Medical-Segmentation\dataset\masks\mask_001921.png
image_003380.png,mask_003380.png,C:\Users\HP Omen\Desktop\CSIR_4PI\Medical-Segmentation\dataset\images\image_003380.png,C:\Users\HP Omen\Desktop\CSIR_4PI\Medical-Segmentation\dataset\masks\mask_003380.png
image_003526.png,mask_003526.png,C:\Users\HP Omen\Desktop\CSIR_4PI\Medical-Segmentation\dataset\images\image_003526.png,C:\Users\HP Omen\Desktop\CSIR_4PI\Medical-Segmentation\dataset\masks\mask_003526.png
image_001702.png,mask_001702.png,C:\Users\HP Omen\Desktop\CSIR_4PI\Medical-Segmentation\dataset\images\image_001702.png,C:\Users\HP Omen\Desktop\CSIR_4PI\Medical-Segmentation\dataset\masks\mask_001702.png
image_002162.png,mask_002162.png,C:\Users\HP Omen\Desktop\CSIR_4PI\Medical-Segmentation\dataset\images\image_002162.png,C:\Users\HP Omen\Desktop\CSIR_4PI\Medical-Segmentation\dataset\masks\mask_002162.png
image_003678.png,mask_003678.png,C:\Users\HP Omen\Desktop\CSIR_4PI\Medical-Segmentation\dataset\images\image_003678.png,C:\Users\HP Omen\Desktop\CSIR_4PI\Medical-Segmentation\dataset\masks\mask_003678.png
image_000988.png,mask_000988.png,C:\Users\HP Omen\Desktop\CSIR_4PI\Medical-Segmentation\dataset\images\image_000988.png,C:\Users\HP Omen\Desktop\CSIR_4PI\Medical-Segmentation\dataset\masks\mask_000988.png
image_003084.png,mask_003084.png,C:\Users\HP Omen\Desktop\CSIR_4PI\Medical-Segmentation\dataset\images\image_003084.png,C:\Users\HP Omen\Desktop\CSIR_4PI\Medical-Segmentation\dataset\masks\mask_003084.png
image_002804.png,mask_002804.png,C:\Users\HP Omen\Desktop\CSIR_4PI\Medical-Segmentation\dataset\images\image_002804.png,C:\Users\HP Omen\Desktop\CSIR_4PI\Medical-Segmentation\dataset\masks\mask_002804.png
image_001395.png,mask_001395.png,C:\Users\HP Omen\Desktop\CSIR_4PI\Medical-Segmentation\dataset\images\image_001395.png,C:\Users\HP Omen\Desktop\CSIR_4PI\Medical-Segmentation\dataset\masks\mask_001395.png
image_000769.png,mask_000769.png,C:\Users\HP Omen\Desktop\CSIR_4PI\Medical-Segmentation\dataset\images\image_000769.png,C:\Users\HP Omen\Desktop\CSIR_4PI\Medical-Segmentation\dataset\masks\mask_000769.png
image_003470.png,mask_003470.png,C:\Users\HP Omen\Desktop\CSIR_4PI\Medical-Segmentation\dataset\images\image_003470.png,C:\Users\HP Omen\Desktop\CSIR_4PI\Medical-Segmentation\dataset\masks\mask_003470.png
image_000286.png,mask_000286.png,C:\Users\HP Omen\Desktop\CSIR_4PI\Medical-Segmentation\dataset\images\image_000286.png,C:\Users\HP Omen\Desktop\CSIR_4PI\Medical-Segmentation\dataset\masks\mask_000286.png
image_003449.png,mask_003449.png,C:\Users\HP Omen\Desktop\CSIR_4PI\Medical-Segmentation\dataset\images\image_003449.png,C:\Users\HP Omen\Desktop\CSIR_4PI\Medical-Segmentation\dataset\masks\mask_003449.png
image_000429.png,mask_000429.png,C:\Users\HP Omen\Desktop\CSIR_4PI\Medical-Segmentation\dataset\images\image_000429.png,C:\Users\HP Omen\Desktop\CSIR_4PI\Medical-Segmentation\dataset\masks\mask_000429.png
image_002333.png,mask_002333.png,C:\Users\HP Omen\Desktop\CSIR_4PI\Medical-Segmentation\dataset\images\image_002333.png,C:\Users\HP Omen\Desktop\CSIR_4PI\Medical-Segmentation\dataset\masks\mask_002333.png
image_002080.png,mask_002080.png,C:\Users\HP Omen\Desktop\CSIR_4PI\Medical-Segmentation\dataset\images\image_002080.png,C:\Users\HP Omen\Desktop\CSIR_4PI\Medical-Segmentation\dataset\masks\mask_002080.png
image_000723.png,mask_000723.png,C:\Users\HP Omen\Desktop\CSIR_4PI\Medical-Segmentation\dataset\images\image_000723.png,C:\Users\HP Omen\Desktop\CSIR_4PI\Medical-Segmentation\dataset\masks\mask_000723.png
image_000952.png,mask_000952.png,C:\Users\HP Omen\Desktop\CSIR_4PI\Medical-Segmentation\dataset\images\image_000952.png,C:\Users\HP Omen\Desktop\CSIR_4PI\Medical-Segmentation\dataset\masks\mask_000952.png
image_002982.png,mask_002982.png,C:\Users\HP Omen\Desktop\CSIR_4PI\Medical-Segmentation\dataset\images\image_002982.png,C:\Users\HP Omen\Desktop\CSIR_4PI\Medical-Segmentation\dataset\masks\mask_002982.png
image_002263.png,mask_002263.png,C:\Users\HP Omen\Desktop\CSIR_4PI\Medical-Segmentation\dataset\images\image_002263.png,C:\Users\HP Omen\Desktop\CSIR_4PI\Medical-Segmentation\dataset\masks\mask_002263.png
image_000990.png,mask_000990.png,C:\Users\HP Omen\Desktop\CSIR_4PI\Medical-Segmentation\dataset\images\image_000990.png,C:\Users\HP Omen\Desktop\CSIR_4PI\Medical-Segmentation\dataset\masks\mask_000990.png
image_003658.png,mask_003658.png,C:\Users\HP Omen\Desktop\CSIR_4PI\Medical-Segmentation\dataset\images\image_003658.png,C:\Users\HP Omen\Desktop\CSIR_4PI\Medical-Segmentation\dataset\masks\mask_003658.png
image_002644.png,mask_002644.png,C:\Users\HP Omen\Desktop\CSIR_4PI\Medical-Segmentation\dataset\images\image_002644.png,C:\Users\HP Omen\Desktop\CSIR_4PI\Medical-Segmentation\dataset\masks\mask_002644.png
image_000327.png,mask_000327.png,C:\Users\HP Omen\Desktop\CSIR_4PI\Medical-Segmentation\dataset\images\image_000327.png,C:\Users\HP Omen\Desktop\CSIR_4PI\Medical-Segmentation\dataset\masks\mask_000327.png
image_001384.png,mask_001384.png,C:\Users\HP Omen\Desktop\CSIR_4PI\Medical-Segmentation\dataset\images\image_001384.png,C:\Users\HP Omen\Desktop\CSIR_4PI\Medical-Segmentation\dataset\masks\mask_001384.png
image_001725.png,mask_001725.png,C:\Users\HP Omen\Desktop\CSIR_4PI\Medical-Segmentation\dataset\images\image_001725.png,C:\Users\HP Omen\Desktop\CSIR_4PI\Medical-Segmentation\dataset\masks\mask_001725.png
image_001087.png,mask_001087.png,C:\Users\HP Omen\Desktop\CSIR_4PI\Medical-Segmentation\dataset\images\image_001087.png,C:\Users\HP Omen\Desktop\CSIR_4PI\Medical-Segmentation\dataset\masks\mask_001087.png
image_003513.png,mask_003513.png,C:\Users\HP Omen\Desktop\CSIR_4PI\Medical-Segmentation\dataset\images\image_003513.png,C:\Users\HP Omen\Desktop\CSIR_4PI\Medical-Segmentation\dataset\masks\mask_003513.png
image_000342.png,mask_000342.png,C:\Users\HP Omen\Desktop\CSIR_4PI\Medical-Segmentation\dataset\images\image_000342.png,C:\Users\HP Omen\Desktop\CSIR_4PI\Medical-Segmentation\dataset\masks\mask_000342.png
image_000148.png,mask_000148.png,C:\Users\HP Omen\Desktop\CSIR_4PI\Medical-Segmentation\dataset\images\image_000148.png,C:\Users\HP Omen\Desktop\CSIR_4PI\Medical-Segmentation\dataset\masks\mask_000148.png
image_003047.png,mask_003047.png,C:\Users\HP Omen\Desktop\CSIR_4PI\Medical-Segmentation\dataset\images\image_003047.png,C:\Users\HP Omen\Desktop\CSIR_4PI\Medical-Segmentation\dataset\masks\mask_003047.png
image_001108.png,mask_001108.png,C:\Users\HP Omen\Desktop\CSIR_4PI\Medical-Segmentation\dataset\images\image_001108.png,C:\Users\HP Omen\Desktop\CSIR_4PI\Medical-Segmentation\dataset\masks\mask_001108.png
image_000849.png,mask_000849.png,C:\Users\HP Omen\Desktop\CSIR_4PI\Medical-Segmentation\dataset\images\image_000849.png,C:\Users\HP Omen\Desktop\CSIR_4PI\Medical-Segmentation\dataset\masks\mask_000849.png
image_000967.png,mask_000967.png,C:\Users\HP Omen\Desktop\CSIR_4PI\Medical-Segmentation\dataset\images\image_000967.png,C:\Users\HP Omen\Desktop\CSIR_4PI\Medical-Segmentation\dataset\masks\mask_000967.png
image_003211.png,mask_003211.png,C:\Users\HP Omen\Desktop\CSIR_4PI\Medical-Segmentation\dataset\images\image_003211.png,C:\Users\HP Omen\Desktop\CSIR_4PI\Medical-Segmentation\dataset\masks\mask_003211.png
image_002204.png,mask_002204.png,C:\Users\HP Omen\Desktop\CSIR_4PI\Medical-Segmentation\dataset\images\image_002204.png,C:\Users\HP Omen\Desktop\CSIR_4PI\Medical-Segmentation\dataset\masks\mask_002204.png
image_000662.png,mask_000662.png,C:\Users\HP Omen\Desktop\CSIR_4PI\Medical-Segmentation\dataset\images\image_000662.png,C:\Users\HP Omen\Desktop\CSIR_4PI\Medical-Segmentation\dataset\masks\mask_000662.png
image_001003.png,mask_001003.png,C:\Users\HP Omen\Desktop\CSIR_4PI\Medical-Segmentation\dataset\images\image_001003.png,C:\Users\HP Omen\Desktop\CSIR_4PI\Medical-Segmentation\dataset\masks\mask_001003.png
image_003408.png,mask_003408.png,C:\Users\HP Omen\Desktop\CSIR_4PI\Medical-Segmentation\dataset\images\image_003408.png,C:\Users\HP Omen\Desktop\CSIR_4PI\Medical-Segmentation\dataset\masks\mask_003408.png
image_003287.png,mask_003287.png,C:\Users\HP Omen\Desktop\CSIR_4PI\Medical-Segmentation\dataset\images\image_003287.png,C:\Users\HP Omen\Desktop\CSIR_4PI\Medical-Segmentation\dataset\masks\mask_003287.png
image_003054.png,mask_003054.png,C:\Users\HP Omen\Desktop\CSIR_4PI\Medical-Segmentation\dataset\images\image_003054.png,C:\Users\HP Omen\Desktop\CSIR_4PI\Medical-Segmentation\dataset\masks\mask_003054.png
image_003474.png,mask_003474.png,C:\Users\HP Omen\Desktop\CSIR_4PI\Medical-Segmentation\dataset\images\image_003474.png,C:\Users\HP Omen\Desktop\CSIR_4PI\Medical-Segmentation\dataset\masks\mask_003474.png
image_001880.png,mask_001880.png,C:\Users\HP Omen\Desktop\CSIR_4PI\Medical-Segmentation\dataset\images\image_001880.png,C:\Users\HP Omen\Desktop\CSIR_4PI\Medical-Segmentation\dataset\masks\mask_001880.png
image_003692.png,mask_003692.png,C:\Users\HP Omen\Desktop\CSIR_4PI\Medical-Segmentation\dataset\images\image_003692.png,C:\Users\HP Omen\Desktop\CSIR_4PI\Medical-Segmentation\dataset\masks\mask_003692.png
image_001204.png,mask_001204.png,C:\Users\HP Omen\Desktop\CSIR_4PI\Medical-Segmentation\dataset\images\image_001204.png,C:\Users\HP Omen\Desktop\CSIR_4PI\Medical-Segmentation\dataset\masks\mask_001204.png
image_001991.png,mask_001991.png,C:\Users\HP Omen\Desktop\CSIR_4PI\Medical-Segmentation\dataset\images\image_001991.png,C:\Users\HP Omen\Desktop\CSIR_4PI\Medical-Segmentation\dataset\masks\mask_001991.png
image_000025.png,mask_000025.png,C:\Users\HP Omen\Desktop\CSIR_4PI\Medical-Segmentation\dataset\images\image_000025.png,C:\Users\HP Omen\Desktop\CSIR_4PI\Medical-Segmentation\dataset\masks\mask_000025.png
image_003684.png,mask_003684.png,C:\Users\HP Omen\Desktop\CSIR_4PI\Medical-Segmentation\dataset\images\image_003684.png,C:\Users\HP Omen\Desktop\CSIR_4PI\Medical-Segmentation\dataset\masks\mask_003684.png
image_002640.png,mask_002640.png,C:\Users\HP Omen\Desktop\CSIR_4PI\Medical-Segmentation\dataset\images\image_002640.png,C:\Users\HP Omen\Desktop\CSIR_4PI\Medical-Segmentation\dataset\masks\mask_002640.png
image_002707.png,mask_002707.png,C:\Users\HP Omen\Desktop\CSIR_4PI\Medical-Segmentation\dataset\images\image_002707.png,C:\Users\HP Omen\Desktop\CSIR_4PI\Medical-Segmentation\dataset\masks\mask_002707.png
image_003002.png,mask_003002.png,C:\Users\HP Omen\Desktop\CSIR_4PI\Medical-Segmentation\dataset\images\image_003002.png,C:\Users\HP Omen\Desktop\CSIR_4PI\Medical-Segmentation\dataset\masks\mask_003002.png
image_000876.png,mask_000876.png,C:\Users\HP Omen\Desktop\CSIR_4PI\Medical-Segmentation\dataset\images\image_000876.png,C:\Users\HP Omen\Desktop\CSIR_4PI\Medical-Segmentation\dataset\masks\mask_000876.png
image_003528.png,mask_003528.png,C:\Users\HP Omen\Desktop\CSIR_4PI\Medical-Segmentation\dataset\images\image_003528.png,C:\Users\HP Omen\Desktop\CSIR_4PI\Medical-Segmentation\dataset\masks\mask_003528.png
image_000939.png,mask_000939.png,C:\Users\HP Omen\Desktop\CSIR_4PI\Medical-Segmentation\dataset\images\image_000939.png,C:\Users\HP Omen\Desktop\CSIR_4PI\Medical-Segmentation\dataset\masks\mask_000939.png
image_002395.png,mask_002395.png,C:\Users\HP Omen\Desktop\CSIR_4PI\Medical-Segmentation\dataset\images\image_002395.png,C:\Users\HP Omen\Desktop\CSIR_4PI\Medical-Segmentation\dataset\masks\mask_002395.png
image_003272.png,mask_003272.png,C:\Users\HP Omen\Desktop\CSIR_4PI\Medical-Segmentation\dataset\images\image_003272.png,C:\Users\HP Omen\Desktop\CSIR_4PI\Medical-Segmentation\dataset\masks\mask_003272.png
image_003890.png,mask_003890.png,C:\Users\HP Omen\Desktop\CSIR_4PI\Medical-Segmentation\dataset\images\image_003890.png,C:\Users\HP Omen\Desktop\CSIR_4PI\Medical-Segmentation\dataset\masks\mask_003890.png
image_000386.png,mask_000386.png,C:\Users\HP Omen\Desktop\CSIR_4PI\Medical-Segmentation\dataset\images\image_000386.png,C:\Users\HP Omen\Desktop\CSIR_4PI\Medical-Segmentation\dataset\masks\mask_000386.png
image_002993.png,mask_002993.png,C:\Users\HP Omen\Desktop\CSIR_4PI\Medical-Segmentation\dataset\images\image_002993.png,C:\Users\HP Omen\Desktop\CSIR_4PI\Medical-Segmentation\dataset\masks\mask_002993.png
image_003274.png,mask_003274.png,C:\Users\HP Omen\Desktop\CSIR_4PI\Medical-Segmentation\dataset\images\image_003274.png,C:\Users\HP Omen\Desktop\CSIR_4PI\Medical-Segmentation\dataset\masks\mask_003274.png
image_003574.png,mask_003574.png,C:\Users\HP Omen\Desktop\CSIR_4PI\Medical-Segmentation\dataset\images\image_003574.png,C:\Users\HP Omen\Desktop\CSIR_4PI\Medical-Segmentation\dataset\masks\mask_003574.png
image_002292.png,mask_002292.png,C:\Users\HP Omen\Desktop\CSIR_4PI\Medical-Segmentation\dataset\images\image_002292.png,C:\Users\HP Omen\Desktop\CSIR_4PI\Medical-Segmentation\dataset\masks\mask_002292.png
image_002722.png,mask_002722.png,C:\Users\HP Omen\Desktop\CSIR_4PI\Medical-Segmentation\dataset\images\image_002722.png,C:\Users\HP Omen\Desktop\CSIR_4PI\Medical-Segmentation\dataset\masks\mask_002722.png
image_000937.png,mask_000937.png,C:\Users\HP Omen\Desktop\CSIR_4PI\Medical-Segmentation\dataset\images\image_000937.png,C:\Users\HP Omen\Desktop\CSIR_4PI\Medical-Segmentation\dataset\masks\mask_000937.png
image_003374.png,mask_003374.png,C:\Users\HP Omen\Desktop\CSIR_4PI\Medical-Segmentation\dataset\images\image_003374.png,C:\Users\HP Omen\Desktop\CSIR_4PI\Medical-Segmentation\dataset\masks\mask_003374.png
image_002361.png,mask_002361.png,C:\Users\HP Omen\Desktop\CSIR_4PI\Medical-Segmentation\dataset\images\image_002361.png,C:\Users\HP Omen\Desktop\CSIR_4PI\Medical-Segmentation\dataset\masks\mask_002361.png
image_003829.png,mask_003829.png,C:\Users\HP Omen\Desktop\CSIR_4PI\Medical-Segmentation\dataset\images\image_003829.png,C:\Users\HP Omen\Desktop\CSIR_4PI\Medical-Segmentation\dataset\masks\mask_003829.png
image_001333.png,mask_001333.png,C:\Users\HP Omen\Desktop\CSIR_4PI\Medical-Segmentation\dataset\images\image_001333.png,C:\Users\HP Omen\Desktop\CSIR_4PI\Medical-Segmentation\dataset\masks\mask_001333.png
image_001935.png,mask_001935.png,C:\Users\HP Omen\Desktop\CSIR_4PI\Medical-Segmentation\dataset\images\image_001935.png,C:\Users\HP Omen\Desktop\CSIR_4PI\Medical-Segmentation\dataset\masks\mask_001935.png
image_000936.png,mask_000936.png,C:\Users\HP Omen\Desktop\CSIR_4PI\Medical-Segmentation\dataset\images\image_000936.png,C:\Users\HP Omen\Desktop\CSIR_4PI\Medical-Segmentation\dataset\masks\mask_000936.png
image_002419.png,mask_002419.png,C:\Users\HP Omen\Desktop\CSIR_4PI\Medical-Segmentation\dataset\images\image_002419.png,C:\Users\HP Omen\Desktop\CSIR_4PI\Medical-Segmentation\dataset\masks\mask_002419.png
image_000567.png,mask_000567.png,C:\Users\HP Omen\Desktop\CSIR_4PI\Medical-Segmentation\dataset\images\image_000567.png,C:\Users\HP Omen\Desktop\CSIR_4PI\Medical-Segmentation\dataset\masks\mask_000567.png
image_001855.png,mask_001855.png,C:\Users\HP Omen\Desktop\CSIR_4PI\Medical-Segmentation\dataset\images\image_001855.png,C:\Users\HP Omen\Desktop\CSIR_4PI\Medical-Segmentation\dataset\masks\mask_001855.png
image_003160.png,mask_003160.png,C:\Users\HP Omen\Desktop\CSIR_4PI\Medical-Segmentation\dataset\images\image_003160.png,C:\Users\HP Omen\Desktop\CSIR_4PI\Medical-Segmentation\dataset\masks\mask_003160.png
image_002468.png,mask_002468.png,C:\Users\HP Omen\Desktop\CSIR_4PI\Medical-Segmentation\dataset\images\image_002468.png,C:\Users\HP Omen\Desktop\CSIR_4PI\Medical-Segmentation\dataset\masks\mask_002468.png
image_001646.png,mask_001646.png,C:\Users\HP Omen\Desktop\CSIR_4PI\Medical-Segmentation\dataset\images\image_001646.png,C:\Users\HP Omen\Desktop\CSIR_4PI\Medical-Segmentation\dataset\masks\mask_001646.png
image_002764.png,mask_002764.png,C:\Users\HP Omen\Desktop\CSIR_4PI\Medical-Segmentation\dataset\images\image_002764.png,C:\Users\HP Omen\Desktop\CSIR_4PI\Medical-Segmentation\dataset\masks\mask_002764.png
image_001793.png,mask_001793.png,C:\Users\HP Omen\Desktop\CSIR_4PI\Medical-Segmentation\dataset\images\image_001793.png,C:\Users\HP Omen\Desktop\CSIR_4PI\Medical-Segmentation\dataset\masks\mask_001793.png
image_001431.png,mask_001431.png,C:\Users\HP Omen\Desktop\CSIR_4PI\Medical-Segmentation\dataset\images\image_001431.png,C:\Users\HP Omen\Desktop\CSIR_4PI\Medical-Segmentation\dataset\masks\mask_001431.png
image_003024.png,mask_003024.png,C:\Users\HP Omen\Desktop\CSIR_4PI\Medical-Segmentation\dataset\images\image_003024.png,C:\Users\HP Omen\Desktop\CSIR_4PI\Medical-Segmentation\dataset\masks\mask_003024.png
image_001014.png,mask_001014.png,C:\Users\HP Omen\Desktop\CSIR_4PI\Medical-Segmentation\dataset\images\image_001014.png,C:\Users\HP Omen\Desktop\CSIR_4PI\Medical-Segmentation\dataset\masks\mask_001014.png
image_001929.png,mask_001929.png,C:\Users\HP Omen\Desktop\CSIR_4PI\Medical-Segmentation\dataset\images\image_001929.png,C:\Users\HP Omen\Desktop\CSIR_4PI\Medical-Segmentation\dataset\masks\mask_001929.png
image_002936.png,mask_002936.png,C:\Users\HP Omen\Desktop\CSIR_4PI\Medical-Segmentation\dataset\images\image_002936.png,C:\Users\HP Omen\Desktop\CSIR_4PI\Medical-Segmentation\dataset\masks\mask_002936.png
image_000127.png,mask_000127.png,C:\Users\HP Omen\Desktop\CSIR_4PI\Medical-Segmentation\dataset\images\image_000127.png,C:\Users\HP Omen\Desktop\CSIR_4PI\Medical-Segmentation\dataset\masks\mask_000127.png
image_002728.png,mask_002728.png,C:\Users\HP Omen\Desktop\CSIR_4PI\Medical-Segmentation\dataset\images\image_002728.png,C:\Users\HP Omen\Desktop\CSIR_4PI\Medical-Segmentation\dataset\masks\mask_002728.png
image_001348.png,mask_001348.png,C:\Users\HP Omen\Desktop\CSIR_4PI\Medical-Segmentation\dataset\images\image_001348.png,C:\Users\HP Omen\Desktop\CSIR_4PI\Medical-Segmentation\dataset\masks\mask_001348.png
image_000356.png,mask_000356.png,C:\Users\HP Omen\Desktop\CSIR_4PI\Medical-Segmentation\dataset\images\image_000356.png,C:\Users\HP Omen\Desktop\CSIR_4PI\Medical-Segmentation\dataset\masks\mask_000356.png
image_000828.png,mask_000828.png,C:\Users\HP Omen\Desktop\CSIR_4PI\Medical-Segmentation\dataset\images\image_000828.png,C:\Users\HP Omen\Desktop\CSIR_4PI\Medical-Segmentation\dataset\masks\mask_000828.png
image_001640.png,mask_001640.png,C:\Users\HP Omen\Desktop\CSIR_4PI\Medical-Segmentation\dataset\images\image_001640.png,C:\Users\HP Omen\Desktop\CSIR_4PI\Medical-Segmentation\dataset\masks\mask_001640.png
image_000985.png,mask_000985.png,C:\Users\HP Omen\Desktop\CSIR_4PI\Medical-Segmentation\dataset\images\image_000985.png,C:\Users\HP Omen\Desktop\CSIR_4PI\Medical-Segmentation\dataset\masks\mask_000985.png
image_002189.png,mask_002189.png,C:\Users\HP Omen\Desktop\CSIR_4PI\Medical-Segmentation\dataset\images\image_002189.png,C:\Users\HP Omen\Desktop\CSIR_4PI\Medical-Segmentation\dataset\masks\mask_002189.png
image_003332.png,mask_003332.png,C:\Users\HP Omen\Desktop\CSIR_4PI\Medical-Segmentation\dataset\images\image_003332.png,C:\Users\HP Omen\Desktop\CSIR_4PI\Medical-Segmentation\dataset\masks\mask_003332.png
image_002444.png,mask_002444.png,C:\Users\HP Omen\Desktop\CSIR_4PI\Medical-Segmentation\dataset\images\image_002444.png,C:\Users\HP Omen\Desktop\CSIR_4PI\Medical-Segmentation\dataset\masks\mask_002444.png
image_000363.png,mask_000363.png,C:\Users\HP Omen\Desktop\CSIR_4PI\Medical-Segmentation\dataset\images\image_000363.png,C:\Users\HP Omen\Desktop\CSIR_4PI\Medical-Segmentation\dataset\masks\mask_000363.png
image_002350.png,mask_002350.png,C:\Users\HP Omen\Desktop\CSIR_4PI\Medical-Segmentation\dataset\images\image_002350.png,C:\Users\HP Omen\Desktop\CSIR_4PI\Medical-Segmentation\dataset\masks\mask_002350.png
image_000346.png,mask_000346.png,C:\Users\HP Omen\Desktop\CSIR_4PI\Medical-Segmentation\dataset\images\image_000346.png,C:\Users\HP Omen\Desktop\CSIR_4PI\Medical-Segmentation\dataset\masks\mask_000346.png
image_003212.png,mask_003212.png,C:\Users\HP Omen\Desktop\CSIR_4PI\Medical-Segmentation\dataset\images\image_003212.png,C:\Users\HP Omen\Desktop\CSIR_4PI\Medical-Segmentation\dataset\masks\mask_003212.png
image_003323.png,mask_003323.png,C:\Users\HP Omen\Desktop\CSIR_4PI\Medical-Segmentation\dataset\images\image_003323.png,C:\Users\HP Omen\Desktop\CSIR_4PI\Medical-Segmentation\dataset\masks\mask_003323.png
image_000712.png,mask_000712.png,C:\Users\HP Omen\Desktop\CSIR_4PI\Medical-Segmentation\dataset\images\image_000712.png,C:\Users\HP Omen\Desktop\CSIR_4PI\Medical-Segmentation\dataset\masks\mask_000712.png
image_002695.png,mask_002695.png,C:\Users\HP Omen\Desktop\CSIR_4PI\Medical-Segmentation\dataset\images\image_002695.png,C:\Users\HP Omen\Desktop\CSIR_4PI\Medical-Segmentation\dataset\masks\mask_002695.png
image_002685.png,mask_002685.png,C:\Users\HP Omen\Desktop\CSIR_4PI\Medical-Segmentation\dataset\images\image_002685.png,C:\Users\HP Omen\Desktop\CSIR_4PI\Medical-Segmentation\dataset\masks\mask_002685.png
image_000011.png,mask_000011.png,C:\Users\HP Omen\Desktop\CSIR_4PI\Medical-Segmentation\dataset\images\image_000011.png,C:\Users\HP Omen\Desktop\CSIR_4PI\Medical-Segmentation\dataset\masks\mask_000011.png
image_003149.png,mask_003149.png,C:\Users\HP Omen\Desktop\CSIR_4PI\Medical-Segmentation\dataset\images\image_003149.png,C:\Users\HP Omen\Desktop\CSIR_4PI\Medical-Segmentation\dataset\masks\mask_003149.png
image_002117.png,mask_002117.png,C:\Users\HP Omen\Desktop\CSIR_4PI\Medical-Segmentation\dataset\images\image_002117.png,C:\Users\HP Omen\Desktop\CSIR_4PI\Medical-Segmentation\dataset\masks\mask_002117.png
image_001835.png,mask_001835.png,C:\Users\HP Omen\Desktop\CSIR_4PI\Medical-Segmentation\dataset\images\image_001835.png,C:\Users\HP Omen\Desktop\CSIR_4PI\Medical-Segmentation\dataset\masks\mask_001835.png
image_000794.png,mask_000794.png,C:\Users\HP Omen\Desktop\CSIR_4PI\Medical-Segmentation\dataset\images\image_000794.png,C:\Users\HP Omen\Desktop\CSIR_4PI\Medical-Segmentation\dataset\masks\mask_000794.png
image_003618.png,mask_003618.png,C:\Users\HP Omen\Desktop\CSIR_4PI\Medical-Segmentation\dataset\images\image_003618.png,C:\Users\HP Omen\Desktop\CSIR_4PI\Medical-Segmentation\dataset\masks\mask_003618.png
image_000095.png,mask_000095.png,C:\Users\HP Omen\Desktop\CSIR_4PI\Medical-Segmentation\dataset\images\image_000095.png,C:\Users\HP Omen\Desktop\CSIR_4PI\Medical-Segmentation\dataset\masks\mask_000095.png
image_000130.png,mask_000130.png,C:\Users\HP Omen\Desktop\CSIR_4PI\Medical-Segmentation\dataset\images\image_000130.png,C:\Users\HP Omen\Desktop\CSIR_4PI\Medical-Segmentation\dataset\masks\mask_000130.png
image_002372.png,mask_002372.png,C:\Users\HP Omen\Desktop\CSIR_4PI\Medical-Segmentation\dataset\images\image_002372.png,C:\Users\HP Omen\Desktop\CSIR_4PI\Medical-Segmentation\dataset\masks\mask_002372.png
image_003602.png,mask_003602.png,C:\Users\HP Omen\Desktop\CSIR_4PI\Medical-Segmentation\dataset\images\image_003602.png,C:\Users\HP Omen\Desktop\CSIR_4PI\Medical-Segmentation\dataset\masks\mask_003602.png
image_003803.png,mask_003803.png,C:\Users\HP Omen\Desktop\CSIR_4PI\Medical-Segmentation\dataset\images\image_003803.png,C:\Users\HP Omen\Desktop\CSIR_4PI\Medical-Segmentation\dataset\masks\mask_003803.png
image_002264.png,mask_002264.png,C:\Users\HP Omen\Desktop\CSIR_4PI\Medical-Segmentation\dataset\images\image_002264.png,C:\Users\HP Omen\Desktop\CSIR_4PI\Medical-Segmentation\dataset\masks\mask_002264.png
image_001901.png,mask_001901.png,C:\Users\HP Omen\Desktop\CSIR_4PI\Medical-Segmentation\dataset\images\image_001901.png,C:\Users\HP Omen\Desktop\CSIR_4PI\Medical-Segmentation\dataset\masks\mask_001901.png
image_002855.png,mask_002855.png,C:\Users\HP Omen\Desktop\CSIR_4PI\Medical-Segmentation\dataset\images\image_002855.png,C:\Users\HP Omen\Desktop\CSIR_4PI\Medical-Segmentation\dataset\masks\mask_002855.png
image_003124.png,mask_003124.png,C:\Users\HP Omen\Desktop\CSIR_4PI\Medical-Segmentation\dataset\images\image_003124.png,C:\Users\HP Omen\Desktop\CSIR_4PI\Medical-Segmentation\dataset\masks\mask_003124.png
image_001933.png,mask_001933.png,C:\Users\HP Omen\Desktop\CSIR_4PI\Medical-Segmentation\dataset\images\image_001933.png,C:\Users\HP Omen\Desktop\CSIR_4PI\Medical-Segmentation\dataset\masks\mask_001933.png
image_002795.png,mask_002795.png,C:\Users\HP Omen\Desktop\CSIR_4PI\Medical-Segmentation\dataset\images\image_002795.png,C:\Users\HP Omen\Desktop\CSIR_4PI\Medical-Segmentation\dataset\masks\mask_002795.png
image_001866.png,mask_001866.png,C:\Users\HP Omen\Desktop\CSIR_4PI\Medical-Segmentation\dataset\images\image_001866.png,C:\Users\HP Omen\Desktop\CSIR_4PI\Medical-Segmentation\dataset\masks\mask_001866.png
image_001659.png,mask_001659.png,C:\Users\HP Omen\Desktop\CSIR_4PI\Medical-Segmentation\dataset\images\image_001659.png,C:\Users\HP Omen\Desktop\CSIR_4PI\Medical-Segmentation\dataset\masks\mask_001659.png
image_000517.png,mask_000517.png,C:\Users\HP Omen\Desktop\CSIR_4PI\Medical-Segmentation\dataset\images\image_000517.png,C:\Users\HP Omen\Desktop\CSIR_4PI\Medical-Segmentation\dataset\masks\mask_000517.png
image_001858.png,mask_001858.png,C:\Users\HP Omen\Desktop\CSIR_4PI\Medical-Segmentation\dataset\images\image_001858.png,C:\Users\HP Omen\Desktop\CSIR_4PI\Medical-Segmentation\dataset\masks\mask_001858.png
image_002646.png,mask_002646.png,C:\Users\HP Omen\Desktop\CSIR_4PI\Medical-Segmentation\dataset\images\image_002646.png,C:\Users\HP Omen\Desktop\CSIR_4PI\Medical-Segmentation\dataset\masks\mask_002646.png
image_002244.png,mask_002244.png,C:\Users\HP Omen\Desktop\CSIR_4PI\Medical-Segmentation\dataset\images\image_002244.png,C:\Users\HP Omen\Desktop\CSIR_4PI\Medical-Segmentation\dataset\masks\mask_002244.png
image_001278.png,mask_001278.png,C:\Users\HP Omen\Desktop\CSIR_4PI\Medical-Segmentation\dataset\images\image_001278.png,C:\Users\HP Omen\Desktop\CSIR_4PI\Medical-Segmentation\dataset\masks\mask_001278.png
image_003788.png,mask_003788.png,C:\Users\HP Omen\Desktop\CSIR_4PI\Medical-Segmentation\dataset\images\image_003788.png,C:\Users\HP Omen\Desktop\CSIR_4PI\Medical-Segmentation\dataset\masks\mask_003788.png
image_000951.png,mask_000951.png,C:\Users\HP Omen\Desktop\CSIR_4PI\Medical-Segmentation\dataset\images\image_000951.png,C:\Users\HP Omen\Desktop\CSIR_4PI\Medical-Segmentation\dataset\masks\mask_000951.png
image_001121.png,mask_001121.png,C:\Users\HP Omen\Desktop\CSIR_4PI\Medical-Segmentation\dataset\images\image_001121.png,C:\Users\HP Omen\Desktop\CSIR_4PI\Medical-Segmentation\dataset\masks\mask_001121.png
image_002598.png,mask_002598.png,C:\Users\HP Omen\Desktop\CSIR_4PI\Medical-Segmentation\dataset\images\image_002598.png,C:\Users\HP Omen\Desktop\CSIR_4PI\Medical-Segmentation\dataset\masks\mask_002598.png
image_002205.png,mask_002205.png,C:\Users\HP Omen\Desktop\CSIR_4PI\Medical-Segmentation\dataset\images\image_002205.png,C:\Users\HP Omen\Desktop\CSIR_4PI\Medical-Segmentation\dataset\masks\mask_002205.png
image_000420.png,mask_000420.png,C:\Users\HP Omen\Desktop\CSIR_4PI\Medical-Segmentation\dataset\images\image_000420.png,C:\Users\HP Omen\Desktop\CSIR_4PI\Medical-Segmentation\dataset\masks\mask_000420.png
image_000923.png,mask_000923.png,C:\Users\HP Omen\Desktop\CSIR_4PI\Medical-Segmentation\dataset\images\image_000923.png,C:\Users\HP Omen\Desktop\CSIR_4PI\Medical-Segmentation\dataset\masks\mask_000923.png
image_002868.png,mask_002868.png,C:\Users\HP Omen\Desktop\CSIR_4PI\Medical-Segmentation\dataset\images\image_002868.png,C:\Users\HP Omen\Desktop\CSIR_4PI\Medical-Segmentation\dataset\masks\mask_002868.png
image_000478.png,mask_000478.png,C:\Users\HP Omen\Desktop\CSIR_4PI\Medical-Segmentation\dataset\images\image_000478.png,C:\Users\HP Omen\Desktop\CSIR_4PI\Medical-Segmentation\dataset\masks\mask_000478.png
image_002036.png,mask_002036.png,C:\Users\HP Omen\Desktop\CSIR_4PI\Medical-Segmentation\dataset\images\image_002036.png,C:\Users\HP Omen\Desktop\CSIR_4PI\Medical-Segmentation\dataset\masks\mask_002036.png
image_003352.png,mask_003352.png,C:\Users\HP Omen\Desktop\CSIR_4PI\Medical-Segmentation\dataset\images\image_003352.png,C:\Users\HP Omen\Desktop\CSIR_4PI\Medical-Segmentation\dataset\masks\mask_003352.png
image_001693.png,mask_001693.png,C:\Users\HP Omen\Desktop\CSIR_4PI\Medical-Segmentation\dataset\images\image_001693.png,C:\Users\HP Omen\Desktop\CSIR_4PI\Medical-Segmentation\dataset\masks\mask_001693.png
image_002885.png,mask_002885.png,C:\Users\HP Omen\Desktop\CSIR_4PI\Medical-Segmentation\dataset\images\image_002885.png,C:\Users\HP Omen\Desktop\CSIR_4PI\Medical-Segmentation\dataset\masks\mask_002885.png
image_001472.png,mask_001472.png,C:\Users\HP Omen\Desktop\CSIR_4PI\Medical-Segmentation\dataset\images\image_001472.png,C:\Users\HP Omen\Desktop\CSIR_4PI\Medical-Segmentation\dataset\masks\mask_001472.png
image_002602.png,mask_002602.png,C:\Users\HP Omen\Desktop\CSIR_4PI\Medical-Segmentation\dataset\images\image_002602.png,C:\Users\HP Omen\Desktop\CSIR_4PI\Medical-Segmentation\dataset\masks\mask_002602.png
image_001203.png,mask_001203.png,C:\Users\HP Omen\Desktop\CSIR_4PI\Medical-Segmentation\dataset\images\image_001203.png,C:\Users\HP Omen\Desktop\CSIR_4PI\Medical-Segmentation\dataset\masks\mask_001203.png
image_002439.png,mask_002439.png,C:\Users\HP Omen\Desktop\CSIR_4PI\Medical-Segmentation\dataset\images\image_002439.png,C:\Users\HP Omen\Desktop\CSIR_4PI\Medical-Segmentation\dataset\masks\mask_002439.png
image_002627.png,mask_002627.png,C:\Users\HP Omen\Desktop\CSIR_4PI\Medical-Segmentation\dataset\images\image_002627.png,C:\Users\HP Omen\Desktop\CSIR_4PI\Medical-Segmentation\dataset\masks\mask_002627.png
image_001670.png,mask_001670.png,C:\Users\HP Omen\Desktop\CSIR_4PI\Medical-Segmentation\dataset\images\image_001670.png,C:\Users\HP Omen\Desktop\CSIR_4PI\Medical-Segmentation\dataset\masks\mask_001670.png
image_003635.png,mask_003635.png,C:\Users\HP Omen\Desktop\CSIR_4PI\Medical-Segmentation\dataset\images\image_003635.png,C:\Users\HP Omen\Desktop\CSIR_4PI\Medical-Segmentation\dataset\masks\mask_003635.png
image_001971.png,mask_001971.png,C:\Users\HP Omen\Desktop\CSIR_4PI\Medical-Segmentation\dataset\images\image_001971.png,C:\Users\HP Omen\Desktop\CSIR_4PI\Medical-Segmentation\dataset\masks\mask_001971.png
image_002152.png,mask_002152.png,C:\Users\HP Omen\Desktop\CSIR_4PI\Medical-Segmentation\dataset\images\image_002152.png,C:\Users\HP Omen\Desktop\CSIR_4PI\Medical-Segmentation\dataset\masks\mask_002152.png
image_000821.png,mask_000821.png,C:\Users\HP Omen\Desktop\CSIR_4PI\Medical-Segmentation\dataset\images\image_000821.png,C:\Users\HP Omen\Desktop\CSIR_4PI\Medical-Segmentation\dataset\masks\mask_000821.png
image_001998.png,mask_001998.png,C:\Users\HP Omen\Desktop\CSIR_4PI\Medical-Segmentation\dataset\images\image_001998.png,C:\Users\HP Omen\Desktop\CSIR_4PI\Medical-Segmentation\dataset\masks\mask_001998.png
image_003757.png,mask_003757.png,C:\Users\HP Omen\Desktop\CSIR_4PI\Medical-Segmentation\dataset\images\image_003757.png,C:\Users\HP Omen\Desktop\CSIR_4PI\Medical-Segmentation\dataset\masks\mask_003757.png
image_001249.png,mask_001249.png,C:\Users\HP Omen\Desktop\CSIR_4PI\Medical-Segmentation\dataset\images\image_001249.png,C:\Users\HP Omen\Desktop\CSIR_4PI\Medical-Segmentation\dataset\masks\mask_001249.png
image_002863.png,mask_002863.png,C:\Users\HP Omen\Desktop\CSIR_4PI\Medical-Segmentation\dataset\images\image_002863.png,C:\Users\HP Omen\Desktop\CSIR_4PI\Medical-Segmentation\dataset\masks\mask_002863.png
image_002713.png,mask_002713.png,C:\Users\HP Omen\Desktop\CSIR_4PI\Medical-Segmentation\dataset\images\image_002713.png,C:\Users\HP Omen\Desktop\CSIR_4PI\Medical-Segmentation\dataset\masks\mask_002713.png
image_003481.png,mask_003481.png,C:\Users\HP Omen\Desktop\CSIR_4PI\Medical-Segmentation\dataset\images\image_003481.png,C:\Users\HP Omen\Desktop\CSIR_4PI\Medical-Segmentation\dataset\masks\mask_003481.png
image_002191.png,mask_002191.png,C:\Users\HP Omen\Desktop\CSIR_4PI\Medical-Segmentation\dataset\images\image_002191.png,C:\Users\HP Omen\Desktop\CSIR_4PI\Medical-Segmentation\dataset\masks\mask_002191.png
image_003419.png,mask_003419.png,C:\Users\HP Omen\Desktop\CSIR_4PI\Medical-Segmentation\dataset\images\image_003419.png,C:\Users\HP Omen\Desktop\CSIR_4PI\Medical-Segmentation\dataset\masks\mask_003419.png
image_001047.png,mask_001047.png,C:\Users\HP Omen\Desktop\CSIR_4PI\Medical-Segmentation\dataset\images\image_001047.png,C:\Users\HP Omen\Desktop\CSIR_4PI\Medical-Segmentation\dataset\masks\mask_001047.png
image_001889.png,mask_001889.png,C:\Users\HP Omen\Desktop\CSIR_4PI\Medical-Segmentation\dataset\images\image_001889.png,C:\Users\HP Omen\Desktop\CSIR_4PI\Medical-Segmentation\dataset\masks\mask_001889.png
image_002470.png,mask_002470.png,C:\Users\HP Omen\Desktop\CSIR_4PI\Medical-Segmentation\dataset\images\image_002470.png,C:\Users\HP Omen\Desktop\CSIR_4PI\Medical-Segmentation\dataset\masks\mask_002470.png
image_000616.png,mask_000616.png,C:\Users\HP Omen\Desktop\CSIR_4PI\Medical-Segmentation\dataset\images\image_000616.png,C:\Users\HP Omen\Desktop\CSIR_4PI\Medical-Segmentation\dataset\masks\mask_000616.png
image_001319.png,mask_001319.png,C:\Users\HP Omen\Desktop\CSIR_4PI\Medical-Segmentation\dataset\images\image_001319.png,C:\Users\HP Omen\Desktop\CSIR_4PI\Medical-Segmentation\dataset\masks\mask_001319.png
image_003778.png,mask_003778.png,C:\Users\HP Omen\Desktop\CSIR_4PI\Medical-Segmentation\dataset\images\image_003778.png,C:\Users\HP Omen\Desktop\CSIR_4PI\Medical-Segmentation\dataset\masks\mask_003778.png
image_003817.png,mask_003817.png,C:\Users\HP Omen\Desktop\CSIR_4PI\Medical-Segmentation\dataset\images\image_003817.png,C:\Users\HP Omen\Desktop\CSIR_4PI\Medical-Segmentation\dataset\masks\mask_003817.png
image_003833.png,mask_003833.png,C:\Users\HP Omen\Desktop\CSIR_4PI\Medical-Segmentation\dataset\images\image_003833.png,C:\Users\HP Omen\Desktop\CSIR_4PI\Medical-Segmentation\dataset\masks\mask_003833.png
image_002137.png,mask_002137.png,C:\Users\HP Omen\Desktop\CSIR_4PI\Medical-Segmentation\dataset\images\image_002137.png,C:\Users\HP Omen\Desktop\CSIR_4PI\Medical-Segmentation\dataset\masks\mask_002137.png
image_003206.png,mask_003206.png,C:\Users\HP Omen\Desktop\CSIR_4PI\Medical-Segmentation\dataset\images\image_003206.png,C:\Users\HP Omen\Desktop\CSIR_4PI\Medical-Segmentation\dataset\masks\mask_003206.png
image_001773.png,mask_001773.png,C:\Users\HP Omen\Desktop\CSIR_4PI\Medical-Segmentation\dataset\images\image_001773.png,C:\Users\HP Omen\Desktop\CSIR_4PI\Medical-Segmentation\dataset\masks\mask_001773.png
image_003863.png,mask_003863.png,C:\Users\HP Omen\Desktop\CSIR_4PI\Medical-Segmentation\dataset\images\image_003863.png,C:\Users\HP Omen\Desktop\CSIR_4PI\Medical-Segmentation\dataset\masks\mask_003863.png
image_000132.png,mask_000132.png,C:\Users\HP Omen\Desktop\CSIR_4PI\Medical-Segmentation\dataset\images\image_000132.png,C:\Users\HP Omen\Desktop\CSIR_4PI\Medical-Segmentation\dataset\masks\mask_000132.png
image_002806.png,mask_002806.png,C:\Users\HP Omen\Desktop\CSIR_4PI\Medical-Segmentation\dataset\images\image_002806.png,C:\Users\HP Omen\Desktop\CSIR_4PI\Medical-Segmentation\dataset\masks\mask_002806.png
image_000078.png,mask_000078.png,C:\Users\HP Omen\Desktop\CSIR_4PI\Medical-Segmentation\dataset\images\image_000078.png,C:\Users\HP Omen\Desktop\CSIR_4PI\Medical-Segmentation\dataset\masks\mask_000078.png
image_002053.png,mask_002053.png,C:\Users\HP Omen\Desktop\CSIR_4PI\Medical-Segmentation\dataset\images\image_002053.png,C:\Users\HP Omen\Desktop\CSIR_4PI\Medical-Segmentation\dataset\masks\mask_002053.png
image_000725.png,mask_000725.png,C:\Users\HP Omen\Desktop\CSIR_4PI\Medical-Segmentation\dataset\images\image_000725.png,C:\Users\HP Omen\Desktop\CSIR_4PI\Medical-Segmentation\dataset\masks\mask_000725.png
image_001315.png,mask_001315.png,C:\Users\HP Omen\Desktop\CSIR_4PI\Medical-Segmentation\dataset\images\image_001315.png,C:\Users\HP Omen\Desktop\CSIR_4PI\Medical-Segmentation\dataset\masks\mask_001315.png
image_001852.png,mask_001852.png,C:\Users\HP Omen\Desktop\CSIR_4PI\Medical-Segmentation\dataset\images\image_001852.png,C:\Users\HP Omen\Desktop\CSIR_4PI\Medical-Segmentation\dataset\masks\mask_001852.png
image_003826.png,mask_003826.png,C:\Users\HP Omen\Desktop\CSIR_4PI\Medical-Segmentation\dataset\images\image_003826.png,C:\Users\HP Omen\Desktop\CSIR_4PI\Medical-Segmentation\dataset\masks\mask_003826.png
image_003213.png,mask_003213.png,C:\Users\HP Omen\Desktop\CSIR_4PI\Medical-Segmentation\dataset\images\image_003213.png,C:\Users\HP Omen\Desktop\CSIR_4PI\Medical-Segmentation\dataset\masks\mask_003213.png
image_003242.png,mask_003242.png,C:\Users\HP Omen\Desktop\CSIR_4PI\Medical-Segmentation\dataset\images\image_003242.png,C:\Users\HP Omen\Desktop\CSIR_4PI\Medical-Segmentation\dataset\masks\mask_003242.png
image_001373.png,mask_001373.png,C:\Users\HP Omen\Desktop\CSIR_4PI\Medical-Segmentation\dataset\images\image_001373.png,C:\Users\HP Omen\Desktop\CSIR_4PI\Medical-Segmentation\dataset\masks\mask_001373.png
image_001856.png,mask_001856.png,C:\Users\HP Omen\Desktop\CSIR_4PI\Medical-Segmentation\dataset\images\image_001856.png,C:\Users\HP Omen\Desktop\CSIR_4PI\Medical-Segmentation\dataset\masks\mask_001856.png
image_001320.png,mask_001320.png,C:\Users\HP Omen\Desktop\CSIR_4PI\Medical-Segmentation\dataset\images\image_001320.png,C:\Users\HP Omen\Desktop\CSIR_4PI\Medical-Segmentation\dataset\masks\mask_001320.png
image_002561.png,mask_002561.png,C:\Users\HP Omen\Desktop\CSIR_4PI\Medical-Segmentation\dataset\images\image_002561.png,C:\Users\HP Omen\Desktop\CSIR_4PI\Medical-Segmentation\dataset\masks\mask_002561.png
image_003764.png,mask_003764.png,C:\Users\HP Omen\Desktop\CSIR_4PI\Medical-Segmentation\dataset\images\image_003764.png,C:\Users\HP Omen\Desktop\CSIR_4PI\Medical-Segmentation\dataset\masks\mask_003764.png
image_003195.png,mask_003195.png,C:\Users\HP Omen\Desktop\CSIR_4PI\Medical-Segmentation\dataset\images\image_003195.png,C:\Users\HP Omen\Desktop\CSIR_4PI\Medical-Segmentation\dataset\masks\mask_003195.png
image_002827.png,mask_002827.png,C:\Users\HP Omen\Desktop\CSIR_4PI\Medical-Segmentation\dataset\images\image_002827.png,C:\Users\HP Omen\Desktop\CSIR_4PI\Medical-Segmentation\dataset\masks\mask_002827.png
image_000376.png,mask_000376.png,C:\Users\HP Omen\Desktop\CSIR_4PI\Medical-Segmentation\dataset\images\image_000376.png,C:\Users\HP Omen\Desktop\CSIR_4PI\Medical-Segmentation\dataset\masks\mask_000376.png
image_001909.png,mask_001909.png,C:\Users\HP Omen\Desktop\CSIR_4PI\Medical-Segmentation\dataset\images\image_001909.png,C:\Users\HP Omen\Desktop\CSIR_4PI\Medical-Segmentation\dataset\masks\mask_001909.png
image_000334.png,mask_000334.png,C:\Users\HP Omen\Desktop\CSIR_4PI\Medical-Segmentation\dataset\images\image_000334.png,C:\Users\HP Omen\Desktop\CSIR_4PI\Medical-Segmentation\dataset\masks\mask_000334.png
image_002941.png,mask_002941.png,C:\Users\HP Omen\Desktop\CSIR_4PI\Medical-Segmentation\dataset\images\image_002941.png,C:\Users\HP Omen\Desktop\CSIR_4PI\Medical-Segmentation\dataset\masks\mask_002941.png
image_003851.png,mask_003851.png,C:\Users\HP Omen\Desktop\CSIR_4PI\Medical-Segmentation\dataset\images\image_003851.png,C:\Users\HP Omen\Desktop\CSIR_4PI\Medical-Segmentation\dataset\masks\mask_003851.png
image_002366.png,mask_002366.png,C:\Users\HP Omen\Desktop\CSIR_4PI\Medical-Segmentation\dataset\images\image_002366.png,C:\Users\HP Omen\Desktop\CSIR_4PI\Medical-Segmentation\dataset\masks\mask_002366.png
image_001605.png,mask_001605.png,C:\Users\HP Omen\Desktop\CSIR_4PI\Medical-Segmentation\dataset\images\image_001605.png,C:\Users\HP Omen\Desktop\CSIR_4PI\Medical-Segmentation\dataset\masks\mask_001605.png
image_001119.png,mask_001119.png,C:\Users\HP Omen\Desktop\CSIR_4PI\Medical-Segmentation\dataset\images\image_001119.png,C:\Users\HP Omen\Desktop\CSIR_4PI\Medical-Segmentation\dataset\masks\mask_001119.png
image_003707.png,mask_003707.png,C:\Users\HP Omen\Desktop\CSIR_4PI\Medical-Segmentation\dataset\images\image_003707.png,C:\Users\HP Omen\Desktop\CSIR_4PI\Medical-Segmentation\dataset\masks\mask_003707.png
image_001944.png,mask_001944.png,C:\Users\HP Omen\Desktop\CSIR_4PI\Medical-Segmentation\dataset\images\image_001944.png,C:\Users\HP Omen\Desktop\CSIR_4PI\Medical-Segmentation\dataset\masks\mask_001944.png
image_003438.png,mask_003438.png,C:\Users\HP Omen\Desktop\CSIR_4PI\Medical-Segmentation\dataset\images\image_003438.png,C:\Users\HP Omen\Desktop\CSIR_4PI\Medical-Segmentation\dataset\masks\mask_003438.png
image_002377.png,mask_002377.png,C:\Users\HP Omen\Desktop\CSIR_4PI\Medical-Segmentation\dataset\images\image_002377.png,C:\Users\HP Omen\Desktop\CSIR_4PI\Medical-Segmentation\dataset\masks\mask_002377.png
image_003292.png,mask_003292.png,C:\Users\HP Omen\Desktop\CSIR_4PI\Medical-Segmentation\dataset\images\image_003292.png,C:\Users\HP Omen\Desktop\CSIR_4PI\Medical-Segmentation\dataset\masks\mask_003292.png
image_001343.png,mask_001343.png,C:\Users\HP Omen\Desktop\CSIR_4PI\Medical-Segmentation\dataset\images\image_001343.png,C:\Users\HP Omen\Desktop\CSIR_4PI\Medical-Segmentation\dataset\masks\mask_001343.png
image_000321.png,mask_000321.png,C:\Users\HP Omen\Desktop\CSIR_4PI\Medical-Segmentation\dataset\images\image_000321.png,C:\Users\HP Omen\Desktop\CSIR_4PI\Medical-Segmentation\dataset\masks\mask_000321.png
image_001620.png,mask_001620.png,C:\Users\HP Omen\Desktop\CSIR_4PI\Medical-Segmentation\dataset\images\image_001620.png,C:\Users\HP Omen\Desktop\CSIR_4PI\Medical-Segmentation\dataset\masks\mask_001620.png
image_003186.png,mask_003186.png,C:\Users\HP Omen\Desktop\CSIR_4PI\Medical-Segmentation\dataset\images\image_003186.png,C:\Users\HP Omen\Desktop\CSIR_4PI\Medical-Segmentation\dataset\masks\mask_003186.png
image_002061.png,mask_002061.png,C:\Users\HP Omen\Desktop\CSIR_4PI\Medical-Segmentation\dataset\images\image_002061.png,C:\Users\HP Omen\Desktop\CSIR_4PI\Medical-Segmentation\dataset\masks\mask_002061.png
image_002220.png,mask_002220.png,C:\Users\HP Omen\Desktop\CSIR_4PI\Medical-Segmentation\dataset\images\image_002220.png,C:\Users\HP Omen\Desktop\CSIR_4PI\Medical-Segmentation\dataset\masks\mask_002220.png
image_001674.png,mask_001674.png,C:\Users\HP Omen\Desktop\CSIR_4PI\Medical-Segmentation\dataset\images\image_001674.png,C:\Users\HP Omen\Desktop\CSIR_4PI\Medical-Segmentation\dataset\masks\mask_001674.png
image_001943.png,mask_001943.png,C:\Users\HP Omen\Desktop\CSIR_4PI\Medical-Segmentation\dataset\images\image_001943.png,C:\Users\HP Omen\Desktop\CSIR_4PI\Medical-Segmentation\dataset\masks\mask_001943.png
image_000261.png,mask_000261.png,C:\Users\HP Omen\Desktop\CSIR_4PI\Medical-Segmentation\dataset\images\image_000261.png,C:\Users\HP Omen\Desktop\CSIR_4PI\Medical-Segmentation\dataset\masks\mask_000261.png
image_003065.png,mask_003065.png,C:\Users\HP Omen\Desktop\CSIR_4PI\Medical-Segmentation\dataset\images\image_003065.png,C:\Users\HP Omen\Desktop\CSIR_4PI\Medical-Segmentation\dataset\masks\mask_003065.png
image_002040.png,mask_002040.png,C:\Users\HP Omen\Desktop\CSIR_4PI\Medical-Segmentation\dataset\images\image_002040.png,C:\Users\HP Omen\Desktop\CSIR_4PI\Medical-Segmentation\dataset\masks\mask_002040.png
image_000690.png,mask_000690.png,C:\Users\HP Omen\Desktop\CSIR_4PI\Medical-Segmentation\dataset\images\image_000690.png,C:\Users\HP Omen\Desktop\CSIR_4PI\Medical-Segmentation\dataset\masks\mask_000690.png
image_000902.png,mask_000902.png,C:\Users\HP Omen\Desktop\CSIR_4PI\Medical-Segmentation\dataset\images\image_000902.png,C:\Users\HP Omen\Desktop\CSIR_4PI\Medical-Segmentation\dataset\masks\mask_000902.png
image_002307.png,mask_002307.png,C:\Users\HP Omen\Desktop\CSIR_4PI\Medical-Segmentation\dataset\images\image_002307.png,C:\Users\HP Omen\Desktop\CSIR_4PI\Medical-Segmentation\dataset\masks\mask_002307.png
image_002027.png,mask_002027.png,C:\Users\HP Omen\Desktop\CSIR_4PI\Medical-Segmentation\dataset\images\image_002027.png,C:\Users\HP Omen\Desktop\CSIR_4PI\Medical-Segmentation\dataset\masks\mask_002027.png
image_000139.png,mask_000139.png,C:\Users\HP Omen\Desktop\CSIR_4PI\Medical-Segmentation\dataset\images\image_000139.png,C:\Users\HP Omen\Desktop\CSIR_4PI\Medical-Segmentation\dataset\masks\mask_000139.png
image_001918.png,mask_001918.png,C:\Users\HP Omen\Desktop\CSIR_4PI\Medical-Segmentation\dataset\images\image_001918.png,C:\Users\HP Omen\Desktop\CSIR_4PI\Medical-Segmentation\dataset\masks\mask_001918.png
image_001829.png,mask_001829.png,C:\Users\HP Omen\Desktop\CSIR_4PI\Medical-Segmentation\dataset\images\image_001829.png,C:\Users\HP Omen\Desktop\CSIR_4PI\Medical-Segmentation\dataset\masks\mask_001829.png
image_001574.png,mask_001574.png,C:\Users\HP Omen\Desktop\CSIR_4PI\Medical-Segmentation\dataset\images\image_001574.png,C:\Users\HP Omen\Desktop\CSIR_4PI\Medical-Segmentation\dataset\masks\mask_001574.png
image_000320.png,mask_000320.png,C:\Users\HP Omen\Desktop\CSIR_4PI\Medical-Segmentation\dataset\images\image_000320.png,C:\Users\HP Omen\Desktop\CSIR_4PI\Medical-Segmentation\dataset\masks\mask_000320.png
image_000654.png,mask_000654.png,C:\Users\HP Omen\Desktop\CSIR_4PI\Medical-Segmentation\dataset\images\image_000654.png,C:\Users\HP Omen\Desktop\CSIR_4PI\Medical-Segmentation\dataset\masks\mask_000654.png
image_002138.png,mask_002138.png,C:\Users\HP Omen\Desktop\CSIR_4PI\Medical-Segmentation\dataset\images\image_002138.png,C:\Users\HP Omen\Desktop\CSIR_4PI\Medical-Segmentation\dataset\masks\mask_002138.png
image_003025.png,mask_003025.png,C:\Users\HP Omen\Desktop\CSIR_4PI\Medical-Segmentation\dataset\images\image_003025.png,C:\Users\HP Omen\Desktop\CSIR_4PI\Medical-Segmentation\dataset\masks\mask_003025.png
image_000559.png,mask_000559.png,C:\Users\HP Omen\Desktop\CSIR_4PI\Medical-Segmentation\dataset\images\image_000559.png,C:\Users\HP Omen\Desktop\CSIR_4PI\Medical-Segmentation\dataset\masks\mask_000559.png
image_002188.png,mask_002188.png,C:\Users\HP Omen\Desktop\CSIR_4PI\Medical-Segmentation\dataset\images\image_002188.png,C:\Users\HP Omen\Desktop\CSIR_4PI\Medical-Segmentation\dataset\masks\mask_002188.png
image_000113.png,mask_000113.png,C:\Users\HP Omen\Desktop\CSIR_4PI\Medical-Segmentation\dataset\images\image_000113.png,C:\Users\HP Omen\Desktop\CSIR_4PI\Medical-Segmentation\dataset\masks\mask_000113.png
image_000532.png,mask_000532.png,C:\Users\HP Omen\Desktop\CSIR_4PI\Medical-Segmentation\dataset\images\image_000532.png,C:\Users\HP Omen\Desktop\CSIR_4PI\Medical-Segmentation\dataset\masks\mask_000532.png
image_000225.png,mask_000225.png,C:\Users\HP Omen\Desktop\CSIR_4PI\Medical-Segmentation\dataset\images\image_000225.png,C:\Users\HP Omen\Desktop\CSIR_4PI\Medical-Segmentation\dataset\masks\mask_000225.png
image_000724.png,mask_000724.png,C:\Users\HP Omen\Desktop\CSIR_4PI\Medical-Segmentation\dataset\images\image_000724.png,C:\Users\HP Omen\Desktop\CSIR_4PI\Medical-Segmentation\dataset\masks\mask_000724.png
image_003163.png,mask_003163.png,C:\Users\HP Omen\Desktop\CSIR_4PI\Medical-Segmentation\dataset\images\image_003163.png,C:\Users\HP Omen\Desktop\CSIR_4PI\Medical-Segmentation\dataset\masks\mask_003163.png
image_003362.png,mask_003362.png,C:\Users\HP Omen\Desktop\CSIR_4PI\Medical-Segmentation\dataset\images\image_003362.png,C:\Users\HP Omen\Desktop\CSIR_4PI\Medical-Segmentation\dataset\masks\mask_003362.png
image_001434.png,mask_001434.png,C:\Users\HP Omen\Desktop\CSIR_4PI\Medical-Segmentation\dataset\images\image_001434.png,C:\Users\HP Omen\Desktop\CSIR_4PI\Medical-Segmentation\dataset\masks\mask_001434.png
image_002374.png,mask_002374.png,C:\Users\HP Omen\Desktop\CSIR_4PI\Medical-Segmentation\dataset\images\image_002374.png,C:\Users\HP Omen\Desktop\CSIR_4PI\Medical-Segmentation\dataset\masks\mask_002374.png
image_003035.png,mask_003035.png,C:\Users\HP Omen\Desktop\CSIR_4PI\Medical-Segmentation\dataset\images\image_003035.png,C:\Users\HP Omen\Desktop\CSIR_4PI\Medical-Segmentation\dataset\masks\mask_003035.png
image_003126.png,mask_003126.png,C:\Users\HP Omen\Desktop\CSIR_4PI\Medical-Segmentation\dataset\images\image_003126.png,C:\Users\HP Omen\Desktop\CSIR_4PI\Medical-Segmentation\dataset\masks\mask_003126.png
image_001459.png,mask_001459.png,C:\Users\HP Omen\Desktop\CSIR_4PI\Medical-Segmentation\dataset\images\image_001459.png,C:\Users\HP Omen\Desktop\CSIR_4PI\Medical-Segmentation\dataset\masks\mask_001459.png
image_003536.png,mask_003536.png,C:\Users\HP Omen\Desktop\CSIR_4PI\Medical-Segmentation\dataset\images\image_003536.png,C:\Users\HP Omen\Desktop\CSIR_4PI\Medical-Segmentation\dataset\masks\mask_003536.png
image_002763.png,mask_002763.png,C:\Users\HP Omen\Desktop\CSIR_4PI\Medical-Segmentation\dataset\images\image_002763.png,C:\Users\HP Omen\Desktop\CSIR_4PI\Medical-Segmentation\dataset\masks\mask_002763.png
image_000847.png,mask_000847.png,C:\Users\HP Omen\Desktop\CSIR_4PI\Medical-Segmentation\dataset\images\image_000847.png,C:\Users\HP Omen\Desktop\CSIR_4PI\Medical-Segmentation\dataset\masks\mask_000847.png
image_000194.png,mask_000194.png,C:\Users\HP Omen\Desktop\CSIR_4PI\Medical-Segmentation\dataset\images\image_000194.png,C:\Users\HP Omen\Desktop\CSIR_4PI\Medical-Segmentation\dataset\masks\mask_000194.png
image_001465.png,mask_001465.png,C:\Users\HP Omen\Desktop\CSIR_4PI\Medical-Segmentation\dataset\images\image_001465.png,C:\Users\HP Omen\Desktop\CSIR_4PI\Medical-Segmentation\dataset\masks\mask_001465.png
image_002622.png,mask_002622.png,C:\Users\HP Omen\Desktop\CSIR_4PI\Medical-Segmentation\dataset\images\image_002622.png,C:\Users\HP Omen\Desktop\CSIR_4PI\Medical-Segmentation\dataset\masks\mask_002622.png
image_000947.png,mask_000947.png,C:\Users\HP Omen\Desktop\CSIR_4PI\Medical-Segmentation\dataset\images\image_000947.png,C:\Users\HP Omen\Desktop\CSIR_4PI\Medical-Segmentation\dataset\masks\mask_000947.png
image_002022.png,mask_002022.png,C:\Users\HP Omen\Desktop\CSIR_4PI\Medical-Segmentation\dataset\images\image_002022.png,C:\Users\HP Omen\Desktop\CSIR_4PI\Medical-Segmentation\dataset\masks\mask_002022.png
image_002552.png,mask_002552.png,C:\Users\HP Omen\Desktop\CSIR_4PI\Medical-Segmentation\dataset\images\image_002552.png,C:\Users\HP Omen\Desktop\CSIR_4PI\Medical-Segmentation\dataset\masks\mask_002552.png
image_001630.png,mask_001630.png,C:\Users\HP Omen\Desktop\CSIR_4PI\Medical-Segmentation\dataset\images\image_001630.png,C:\Users\HP Omen\Desktop\CSIR_4PI\Medical-Segmentation\dataset\masks\mask_001630.png
image_000118.png,mask_000118.png,C:\Users\HP Omen\Desktop\CSIR_4PI\Medical-Segmentation\dataset\images\image_000118.png,C:\Users\HP Omen\Desktop\CSIR_4PI\Medical-Segmentation\dataset\masks\mask_000118.png
image_000646.png,mask_000646.png,C:\Users\HP Omen\Desktop\CSIR_4PI\Medical-Segmentation\dataset\images\image_000646.png,C:\Users\HP Omen\Desktop\CSIR_4PI\Medical-Segmentation\dataset\masks\mask_000646.png
image_001871.png,mask_001871.png,C:\Users\HP Omen\Desktop\CSIR_4PI\Medical-Segmentation\dataset\images\image_001871.png,C:\Users\HP Omen\Desktop\CSIR_4PI\Medical-Segmentation\dataset\masks\mask_001871.png
image_000004.png,mask_000004.png,C:\Users\HP Omen\Desktop\CSIR_4PI\Medical-Segmentation\dataset\images\image_000004.png,C:\Users\HP Omen\Desktop\CSIR_4PI\Medical-Segmentation\dataset\masks\mask_000004.png
image_000075.png,mask_000075.png,C:\Users\HP Omen\Desktop\CSIR_4PI\Medical-Segmentation\dataset\images\image_000075.png,C:\Users\HP Omen\Desktop\CSIR_4PI\Medical-Segmentation\dataset\masks\mask_000075.png
image_001756.png,mask_001756.png,C:\Users\HP Omen\Desktop\CSIR_4PI\Medical-Segmentation\dataset\images\image_001756.png,C:\Users\HP Omen\Desktop\CSIR_4PI\Medical-Segmentation\dataset\masks\mask_001756.png
image_000468.png,mask_000468.png,C:\Users\HP Omen\Desktop\CSIR_4PI\Medical-Segmentation\dataset\images\image_000468.png,C:\Users\HP Omen\Desktop\CSIR_4PI\Medical-Segmentation\dataset\masks\mask_000468.png
image_000006.png,mask_000006.png,C:\Users\HP Omen\Desktop\CSIR_4PI\Medical-Segmentation\dataset\images\image_000006.png,C:\Users\HP Omen\Desktop\CSIR_4PI\Medical-Segmentation\dataset\masks\mask_000006.png
image_001247.png,mask_001247.png,C:\Users\HP Omen\Desktop\CSIR_4PI\Medical-Segmentation\dataset\images\image_001247.png,C:\Users\HP Omen\Desktop\CSIR_4PI\Medical-Segmentation\dataset\masks\mask_001247.png
image_000920.png,mask_000920.png,C:\Users\HP Omen\Desktop\CSIR_4PI\Medical-Segmentation\dataset\images\image_000920.png,C:\Users\HP Omen\Desktop\CSIR_4PI\Medical-Segmentation\dataset\masks\mask_000920.png
image_002596.png,mask_002596.png,C:\Users\HP Omen\Desktop\CSIR_4PI\Medical-Segmentation\dataset\images\image_002596.png,C:\Users\HP Omen\Desktop\CSIR_4PI\Medical-Segmentation\dataset\masks\mask_002596.png
image_000229.png,mask_000229.png,C:\Users\HP Omen\Desktop\CSIR_4PI\Medical-Segmentation\dataset\images\image_000229.png,C:\Users\HP Omen\Desktop\CSIR_4PI\Medical-Segmentation\dataset\masks\mask_000229.png
image_001064.png,mask_001064.png,C:\Users\HP Omen\Desktop\CSIR_4PI\Medical-Segmentation\dataset\images\image_001064.png,C:\Users\HP Omen\Desktop\CSIR_4PI\Medical-Segmentation\dataset\masks\mask_001064.png
image_002591.png,mask_002591.png,C:\Users\HP Omen\Desktop\CSIR_4PI\Medical-Segmentation\dataset\images\image_002591.png,C:\Users\HP Omen\Desktop\CSIR_4PI\Medical-Segmentation\dataset\masks\mask_002591.png
image_000243.png,mask_000243.png,C:\Users\HP Omen\Desktop\CSIR_4PI\Medical-Segmentation\dataset\images\image_000243.png,C:\Users\HP Omen\Desktop\CSIR_4PI\Medical-Segmentation\dataset\masks\mask_000243.png
image_002973.png,mask_002973.png,C:\Users\HP Omen\Desktop\CSIR_4PI\Medical-Segmentation\dataset\images\image_002973.png,C:\Users\HP Omen\Desktop\CSIR_4PI\Medical-Segmentation\dataset\masks\mask_002973.png
image_001161.png,mask_001161.png,C:\Users\HP Omen\Desktop\CSIR_4PI\Medical-Segmentation\dataset\images\image_001161.png,C:\Users\HP Omen\Desktop\CSIR_4PI\Medical-Segmentation\dataset\masks\mask_001161.png
image_003284.png,mask_003284.png,C:\Users\HP Omen\Desktop\CSIR_4PI\Medical-Segmentation\dataset\images\image_003284.png,C:\Users\HP Omen\Desktop\CSIR_4PI\Medical-Segmentation\dataset\masks\mask_003284.png
image_003731.png,mask_003731.png,C:\Users\HP Omen\Desktop\CSIR_4PI\Medical-Segmentation\dataset\images\image_003731.png,C:\Users\HP Omen\Desktop\CSIR_4PI\Medical-Segmentation\dataset\masks\mask_003731.png
image_002564.png,mask_002564.png,C:\Users\HP Omen\Desktop\CSIR_4PI\Medical-Segmentation\dataset\images\image_002564.png,C:\Users\HP Omen\Desktop\CSIR_4PI\Medical-Segmentation\dataset\masks\mask_002564.png
image_002672.png,mask_002672.png,C:\Users\HP Omen\Desktop\CSIR_4PI\Medical-Segmentation\dataset\images\image_002672.png,C:\Users\HP Omen\Desktop\CSIR_4PI\Medical-Segmentation\dataset\masks\mask_002672.png
image_001527.png,mask_001527.png,C:\Users\HP Omen\Desktop\CSIR_4PI\Medical-Segmentation\dataset\images\image_001527.png,C:\Users\HP Omen\Desktop\CSIR_4PI\Medical-Segmentation\dataset\masks\mask_001527.png
image_001606.png,mask_001606.png,C:\Users\HP Omen\Desktop\CSIR_4PI\Medical-Segmentation\dataset\images\image_001606.png,C:\Users\HP Omen\Desktop\CSIR_4PI\Medical-Segmentation\dataset\masks\mask_001606.png
image_003648.png,mask_003648.png,C:\Users\HP Omen\Desktop\CSIR_4PI\Medical-Segmentation\dataset\images\image_003648.png,C:\Users\HP Omen\Desktop\CSIR_4PI\Medical-Segmentation\dataset\masks\mask_003648.png
image_003899.png,mask_003899.png,C:\Users\HP Omen\Desktop\CSIR_4PI\Medical-Segmentation\dataset\images\image_003899.png,C:\Users\HP Omen\Desktop\CSIR_4PI\Medical-Segmentation\dataset\masks\mask_003899.png
image_002710.png,mask_002710.png,C:\Users\HP Omen\Desktop\CSIR_4PI\Medical-Segmentation\dataset\images\image_002710.png,C:\Users\HP Omen\Desktop\CSIR_4PI\Medical-Segmentation\dataset\masks\mask_002710.png
image_003032.png,mask_003032.png,C:\Users\HP Omen\Desktop\CSIR_4PI\Medical-Segmentation\dataset\images\image_003032.png,C:\Users\HP Omen\Desktop\CSIR_4PI\Medical-Segmentation\dataset\masks\mask_003032.png
image_003326.png,mask_003326.png,C:\Users\HP Omen\Desktop\CSIR_4PI\Medical-Segmentation\dataset\images\image_003326.png,C:\Users\HP Omen\Desktop\CSIR_4PI\Medical-Segmentation\dataset\masks\mask_003326.png
image_001990.png,mask_001990.png,C:\Users\HP Omen\Desktop\CSIR_4PI\Medical-Segmentation\dataset\images\image_001990.png,C:\Users\HP Omen\Desktop\CSIR_4PI\Medical-Segmentation\dataset\masks\mask_001990.png
image_003062.png,mask_003062.png,C:\Users\HP Omen\Desktop\CSIR_4PI\Medical-Segmentation\dataset\images\image_003062.png,C:\Users\HP Omen\Desktop\CSIR_4PI\Medical-Segmentation\dataset\masks\mask_003062.png
image_002363.png,mask_002363.png,C:\Users\HP Omen\Desktop\CSIR_4PI\Medical-Segmentation\dataset\images\image_002363.png,C:\Users\HP Omen\Desktop\CSIR_4PI\Medical-Segmentation\dataset\masks\mask_002363.png
image_001976.png,mask_001976.png,C:\Users\HP Omen\Desktop\CSIR_4PI\Medical-Segmentation\dataset\images\image_001976.png,C:\Users\HP Omen\Desktop\CSIR_4PI\Medical-Segmentation\dataset\masks\mask_001976.png
image_001762.png,mask_001762.png,C:\Users\HP Omen\Desktop\CSIR_4PI\Medical-Segmentation\dataset\images\image_001762.png,C:\Users\HP Omen\Desktop\CSIR_4PI\Medical-Segmentation\dataset\masks\mask_001762.png
image_001306.png,mask_001306.png,C:\Users\HP Omen\Desktop\CSIR_4PI\Medical-Segmentation\dataset\images\image_001306.png,C:\Users\HP Omen\Desktop\CSIR_4PI\Medical-Segmentation\dataset\masks\mask_001306.png
image_002740.png,mask_002740.png,C:\Users\HP Omen\Desktop\CSIR_4PI\Medical-Segmentation\dataset\images\image_002740.png,C:\Users\HP Omen\Desktop\CSIR_4PI\Medical-Segmentation\dataset\masks\mask_002740.png
image_001542.png,mask_001542.png,C:\Users\HP Omen\Desktop\CSIR_4PI\Medical-Segmentation\dataset\images\image_001542.png,C:\Users\HP Omen\Desktop\CSIR_4PI\Medical-Segmentation\dataset\masks\mask_001542.png
image_003406.png,mask_003406.png,C:\Users\HP Omen\Desktop\CSIR_4PI\Medical-Segmentation\dataset\images\image_003406.png,C:\Users\HP Omen\Desktop\CSIR_4PI\Medical-Segmentation\dataset\masks\mask_003406.png
image_002473.png,mask_002473.png,C:\Users\HP Omen\Desktop\CSIR_4PI\Medical-Segmentation\dataset\images\image_002473.png,C:\Users\HP Omen\Desktop\CSIR_4PI\Medical-Segmentation\dataset\masks\mask_002473.png
image_002643.png,mask_002643.png,C:\Users\HP Omen\Desktop\CSIR_4PI\Medical-Segmentation\dataset\images\image_002643.png,C:\Users\HP Omen\Desktop\CSIR_4PI\Medical-Segmentation\dataset\masks\mask_002643.png
image_002796.png,mask_002796.png,C:\Users\HP Omen\Desktop\CSIR_4PI\Medical-Segmentation\dataset\images\image_002796.png,C:\Users\HP Omen\Desktop\CSIR_4PI\Medical-Segmentation\dataset\masks\mask_002796.png
image_000623.png,mask_000623.png,C:\Users\HP Omen\Desktop\CSIR_4PI\Medical-Segmentation\dataset\images\image_000623.png,C:\Users\HP Omen\Desktop\CSIR_4PI\Medical-Segmentation\dataset\masks\mask_000623.png
image_003016.png,mask_003016.png,C:\Users\HP Omen\Desktop\CSIR_4PI\Medical-Segmentation\dataset\images\image_003016.png,C:\Users\HP Omen\Desktop\CSIR_4PI\Medical-Segmentation\dataset\masks\mask_003016.png
image_001494.png,mask_001494.png,C:\Users\HP Omen\Desktop\CSIR_4PI\Medical-Segmentation\dataset\images\image_001494.png,C:\Users\HP Omen\Desktop\CSIR_4PI\Medical-Segmentation\dataset\masks\mask_001494.png
image_000111.png,mask_000111.png,C:\Users\HP Omen\Desktop\CSIR_4PI\Medical-Segmentation\dataset\images\image_000111.png,C:\Users\HP Omen\Desktop\CSIR_4PI\Medical-Segmentation\dataset\masks\mask_000111.png
image_002276.png,mask_002276.png,C:\Users\HP Omen\Desktop\CSIR_4PI\Medical-Segmentation\dataset\images\image_002276.png,C:\Users\HP Omen\Desktop\CSIR_4PI\Medical-Segmentation\dataset\masks\mask_002276.png
image_002955.png,mask_002955.png,C:\Users\HP Omen\Desktop\CSIR_4PI\Medical-Segmentation\dataset\images\image_002955.png,C:\Users\HP Omen\Desktop\CSIR_4PI\Medical-Segmentation\dataset\masks\mask_002955.png
image_001170.png,mask_001170.png,C:\Users\HP Omen\Desktop\CSIR_4PI\Medical-Segmentation\dataset\images\image_001170.png,C:\Users\HP Omen\Desktop\CSIR_4PI\Medical-Segmentation\dataset\masks\mask_001170.png
image_003207.png,mask_003207.png,C:\Users\HP Omen\Desktop\CSIR_4PI\Medical-Segmentation\dataset\images\image_003207.png,C:\Users\HP Omen\Desktop\CSIR_4PI\Medical-Segmentation\dataset\masks\mask_003207.png
image_000233.png,mask_000233.png,C:\Users\HP Omen\Desktop\CSIR_4PI\Medical-Segmentation\dataset\images\image_000233.png,C:\Users\HP Omen\Desktop\CSIR_4PI\Medical-Segmentation\dataset\masks\mask_000233.png
image_000067.png,mask_000067.png,C:\Users\HP Omen\Desktop\CSIR_4PI\Medical-Segmentation\dataset\images\image_000067.png,C:\Users\HP Omen\Desktop\CSIR_4PI\Medical-Segmentation\dataset\masks\mask_000067.png
image_003543.png,mask_003543.png,C:\Users\HP Omen\Desktop\CSIR_4PI\Medical-Segmentation\dataset\images\image_003543.png,C:\Users\HP Omen\Desktop\CSIR_4PI\Medical-Segmentation\dataset\masks\mask_003543.png
image_002073.png,mask_002073.png,C:\Users\HP Omen\Desktop\CSIR_4PI\Medical-Segmentation\dataset\images\image_002073.png,C:\Users\HP Omen\Desktop\CSIR_4PI\Medical-Segmentation\dataset\masks\mask_002073.png
image_002193.png,mask_002193.png,C:\Users\HP Omen\Desktop\CSIR_4PI\Medical-Segmentation\dataset\images\image_002193.png,C:\Users\HP Omen\Desktop\CSIR_4PI\Medical-Segmentation\dataset\masks\mask_002193.png
image_000537.png,mask_000537.png,C:\Users\HP Omen\Desktop\CSIR_4PI\Medical-Segmentation\dataset\images\image_000537.png,C:\Users\HP Omen\Desktop\CSIR_4PI\Medical-Segmentation\dataset\masks\mask_000537.png
image_002860.png,mask_002860.png,C:\Users\HP Omen\Desktop\CSIR_4PI\Medical-Segmentation\dataset\images\image_002860.png,C:\Users\HP Omen\Desktop\CSIR_4PI\Medical-Segmentation\dataset\masks\mask_002860.png
image_000126.png,mask_000126.png,C:\Users\HP Omen\Desktop\CSIR_4PI\Medical-Segmentation\dataset\images\image_000126.png,C:\Users\HP Omen\Desktop\CSIR_4PI\Medical-Segmentation\dataset\masks\mask_000126.png
image_002134.png,mask_002134.png,C:\Users\HP Omen\Desktop\CSIR_4PI\Medical-Segmentation\dataset\images\image_002134.png,C:\Users\HP Omen\Desktop\CSIR_4PI\Medical-Segmentation\dataset\masks\mask_002134.png
image_001255.png,mask_001255.png,C:\Users\HP Omen\Desktop\CSIR_4PI\Medical-Segmentation\dataset\images\image_001255.png,C:\Users\HP Omen\Desktop\CSIR_4PI\Medical-Segmentation\dataset\masks\mask_001255.png
image_003240.png,mask_003240.png,C:\Users\HP Omen\Desktop\CSIR_4PI\Medical-Segmentation\dataset\images\image_003240.png,C:\Users\HP Omen\Desktop\CSIR_4PI\Medical-Segmentation\dataset\masks\mask_003240.png
image_001977.png,mask_001977.png,C:\Users\HP Omen\Desktop\CSIR_4PI\Medical-Segmentation\dataset\images\image_001977.png,C:\Users\HP Omen\Desktop\CSIR_4PI\Medical-Segmentation\dataset\masks\mask_001977.png
image_003208.png,mask_003208.png,C:\Users\HP Omen\Desktop\CSIR_4PI\Medical-Segmentation\dataset\images\image_003208.png,C:\Users\HP Omen\Desktop\CSIR_4PI\Medical-Segmentation\dataset\masks\mask_003208.png
image_003634.png,mask_003634.png,C:\Users\HP Omen\Desktop\CSIR_4PI\Medical-Segmentation\dataset\images\image_003634.png,C:\Users\HP Omen\Desktop\CSIR_4PI\Medical-Segmentation\dataset\masks\mask_003634.png
image_002076.png,mask_002076.png,C:\Users\HP Omen\Desktop\CSIR_4PI\Medical-Segmentation\dataset\images\image_002076.png,C:\Users\HP Omen\Desktop\CSIR_4PI\Medical-Segmentation\dataset\masks\mask_002076.png
image_000485.png,mask_000485.png,C:\Users\HP Omen\Desktop\CSIR_4PI\Medical-Segmentation\dataset\images\image_000485.png,C:\Users\HP Omen\Desktop\CSIR_4PI\Medical-Segmentation\dataset\masks\mask_000485.png
image_001655.png,mask_001655.png,C:\Users\HP Omen\Desktop\CSIR_4PI\Medical-Segmentation\dataset\images\image_001655.png,C:\Users\HP Omen\Desktop\CSIR_4PI\Medical-Segmentation\dataset\masks\mask_001655.png
image_003502.png,mask_003502.png,C:\Users\HP Omen\Desktop\CSIR_4PI\Medical-Segmentation\dataset\images\image_003502.png,C:\Users\HP Omen\Desktop\CSIR_4PI\Medical-Segmentation\dataset\masks\mask_003502.png
image_002956.png,mask_002956.png,C:\Users\HP Omen\Desktop\CSIR_4PI\Medical-Segmentation\dataset\images\image_002956.png,C:\Users\HP Omen\Desktop\CSIR_4PI\Medical-Segmentation\dataset\masks\mask_002956.png
image_003255.png,mask_003255.png,C:\Users\HP Omen\Desktop\CSIR_4PI\Medical-Segmentation\dataset\images\image_003255.png,C:\Users\HP Omen\Desktop\CSIR_4PI\Medical-Segmentation\dataset\masks\mask_003255.png
image_002988.png,mask_002988.png,C:\Users\HP Omen\Desktop\CSIR_4PI\Medical-Segmentation\dataset\images\image_002988.png,C:\Users\HP Omen\Desktop\CSIR_4PI\Medical-Segmentation\dataset\masks\mask_002988.png
image_003795.png,mask_003795.png,C:\Users\HP Omen\Desktop\CSIR_4PI\Medical-Segmentation\dataset\images\image_003795.png,C:\Users\HP Omen\Desktop\CSIR_4PI\Medical-Segmentation\dataset\masks\mask_003795.png
image_001775.png,mask_001775.png,C:\Users\HP Omen\Desktop\CSIR_4PI\Medical-Segmentation\dataset\images\image_001775.png,C:\Users\HP Omen\Desktop\CSIR_4PI\Medical-Segmentation\dataset\masks\mask_001775.png
image_002411.png,mask_002411.png,C:\Users\HP Omen\Desktop\CSIR_4PI\Medical-Segmentation\dataset\images\image_002411.png,C:\Users\HP Omen\Desktop\CSIR_4PI\Medical-Segmentation\dataset\masks\mask_002411.png
image_003524.png,mask_003524.png,C:\Users\HP Omen\Desktop\CSIR_4PI\Medical-Segmentation\dataset\images\image_003524.png,C:\Users\HP Omen\Desktop\CSIR_4PI\Medical-Segmentation\dataset\masks\mask_003524.png
image_000919.png,mask_000919.png,C:\Users\HP Omen\Desktop\CSIR_4PI\Medical-Segmentation\dataset\images\image_000919.png,C:\Users\HP Omen\Desktop\CSIR_4PI\Medical-Segmentation\dataset\masks\mask_000919.png
image_001647.png,mask_001647.png,C:\Users\HP Omen\Desktop\CSIR_4PI\Medical-Segmentation\dataset\images\image_001647.png,C:\Users\HP Omen\Desktop\CSIR_4PI\Medical-Segmentation\dataset\masks\mask_001647.png
image_001027.png,mask_001027.png,C:\Users\HP Omen\Desktop\CSIR_4PI\Medical-Segmentation\dataset\images\image_001027.png,C:\Users\HP Omen\Desktop\CSIR_4PI\Medical-Segmentation\dataset\masks\mask_001027.png
image_001031.png,mask_001031.png,C:\Users\HP Omen\Desktop\CSIR_4PI\Medical-Segmentation\dataset\images\image_001031.png,C:\Users\HP Omen\Desktop\CSIR_4PI\Medical-Segmentation\dataset\masks\mask_001031.png
image_000883.png,mask_000883.png,C:\Users\HP Omen\Desktop\CSIR_4PI\Medical-Segmentation\dataset\images\image_000883.png,C:\Users\HP Omen\Desktop\CSIR_4PI\Medical-Segmentation\dataset\masks\mask_000883.png
image_001336.png,mask_001336.png,C:\Users\HP Omen\Desktop\CSIR_4PI\Medical-Segmentation\dataset\images\image_001336.png,C:\Users\HP Omen\Desktop\CSIR_4PI\Medical-Segmentation\dataset\masks\mask_001336.png
image_002747.png,mask_002747.png,C:\Users\HP Omen\Desktop\CSIR_4PI\Medical-Segmentation\dataset\images\image_002747.png,C:\Users\HP Omen\Desktop\CSIR_4PI\Medical-Segmentation\dataset\masks\mask_002747.png
image_003279.png,mask_003279.png,C:\Users\HP Omen\Desktop\CSIR_4PI\Medical-Segmentation\dataset\images\image_003279.png,C:\Users\HP Omen\Desktop\CSIR_4PI\Medical-Segmentation\dataset\masks\mask_003279.png
image_002714.png,mask_002714.png,C:\Users\HP Omen\Desktop\CSIR_4PI\Medical-Segmentation\dataset\images\image_002714.png,C:\Users\HP Omen\Desktop\CSIR_4PI\Medical-Segmentation\dataset\masks\mask_002714.png
image_000365.png,mask_000365.png,C:\Users\HP Omen\Desktop\CSIR_4PI\Medical-Segmentation\dataset\images\image_000365.png,C:\Users\HP Omen\Desktop\CSIR_4PI\Medical-Segmentation\dataset\masks\mask_000365.png
image_002126.png,mask_002126.png,C:\Users\HP Omen\Desktop\CSIR_4PI\Medical-Segmentation\dataset\images\image_002126.png,C:\Users\HP Omen\Desktop\CSIR_4PI\Medical-Segmentation\dataset\masks\mask_002126.png
image_000028.png,mask_000028.png,C:\Users\HP Omen\Desktop\CSIR_4PI\Medical-Segmentation\dataset\images\image_000028.png,C:\Users\HP Omen\Desktop\CSIR_4PI\Medical-Segmentation\dataset\masks\mask_000028.png
image_000474.png,mask_000474.png,C:\Users\HP Omen\Desktop\CSIR_4PI\Medical-Segmentation\dataset\images\image_000474.png,C:\Users\HP Omen\Desktop\CSIR_4PI\Medical-Segmentation\dataset\masks\mask_000474.png
image_000526.png,mask_000526.png,C:\Users\HP Omen\Desktop\CSIR_4PI\Medical-Segmentation\dataset\images\image_000526.png,C:\Users\HP Omen\Desktop\CSIR_4PI\Medical-Segmentation\dataset\masks\mask_000526.png
image_000726.png,mask_000726.png,C:\Users\HP Omen\Desktop\CSIR_4PI\Medical-Segmentation\dataset\images\image_000726.png,C:\Users\HP Omen\Desktop\CSIR_4PI\Medical-Segmentation\dataset\masks\mask_000726.png
image_000056.png,mask_000056.png,C:\Users\HP Omen\Desktop\CSIR_4PI\Medical-Segmentation\dataset\images\image_000056.png,C:\Users\HP Omen\Desktop\CSIR_4PI\Medical-Segmentation\dataset\masks\mask_000056.png
image_000639.png,mask_000639.png,C:\Users\HP Omen\Desktop\CSIR_4PI\Medical-Segmentation\dataset\images\image_000639.png,C:\Users\HP Omen\Desktop\CSIR_4PI\Medical-Segmentation\dataset\masks\mask_000639.png
image_000303.png,mask_000303.png,C:\Users\HP Omen\Desktop\CSIR_4PI\Medical-Segmentation\dataset\images\image_000303.png,C:\Users\HP Omen\Desktop\CSIR_4PI\Medical-Segmentation\dataset\masks\mask_000303.png
image_002767.png,mask_002767.png,C:\Users\HP Omen\Desktop\CSIR_4PI\Medical-Segmentation\dataset\images\image_002767.png,C:\Users\HP Omen\Desktop\CSIR_4PI\Medical-Segmentation\dataset\masks\mask_002767.png
image_003412.png,mask_003412.png,C:\Users\HP Omen\Desktop\CSIR_4PI\Medical-Segmentation\dataset\images\image_003412.png,C:\Users\HP Omen\Desktop\CSIR_4PI\Medical-Segmentation\dataset\masks\mask_003412.png
image_001277.png,mask_001277.png,C:\Users\HP Omen\Desktop\CSIR_4PI\Medical-Segmentation\dataset\images\image_001277.png,C:\Users\HP Omen\Desktop\CSIR_4PI\Medical-Segmentation\dataset\masks\mask_001277.png
image_003494.png,mask_003494.png,C:\Users\HP Omen\Desktop\CSIR_4PI\Medical-Segmentation\dataset\images\image_003494.png,C:\Users\HP Omen\Desktop\CSIR_4PI\Medical-Segmentation\dataset\masks\mask_003494.png
image_000625.png,mask_000625.png,C:\Users\HP Omen\Desktop\CSIR_4PI\Medical-Segmentation\dataset\images\image_000625.png,C:\Users\HP Omen\Desktop\CSIR_4PI\Medical-Segmentation\dataset\masks\mask_000625.png
image_002056.png,mask_002056.png,C:\Users\HP Omen\Desktop\CSIR_4PI\Medical-Segmentation\dataset\images\image_002056.png,C:\Users\HP Omen\Desktop\CSIR_4PI\Medical-Segmentation\dataset\masks\mask_002056.png
image_001281.png,mask_001281.png,C:\Users\HP Omen\Desktop\CSIR_4PI\Medical-Segmentation\dataset\images\image_001281.png,C:\Users\HP Omen\Desktop\CSIR_4PI\Medical-Segmentation\dataset\masks\mask_001281.png
image_002852.png,mask_002852.png,C:\Users\HP Omen\Desktop\CSIR_4PI\Medical-Segmentation\dataset\images\image_002852.png,C:\Users\HP Omen\Desktop\CSIR_4PI\Medical-Segmentation\dataset\masks\mask_002852.png
image_001050.png,mask_001050.png,C:\Users\HP Omen\Desktop\CSIR_4PI\Medical-Segmentation\dataset\images\image_001050.png,C:\Users\HP Omen\Desktop\CSIR_4PI\Medical-Segmentation\dataset\masks\mask_001050.png
image_000337.png,mask_000337.png,C:\Users\HP Omen\Desktop\CSIR_4PI\Medical-Segmentation\dataset\images\image_000337.png,C:\Users\HP Omen\Desktop\CSIR_4PI\Medical-Segmentation\dataset\masks\mask_000337.png
image_000048.png,mask_000048.png,C:\Users\HP Omen\Desktop\CSIR_4PI\Medical-Segmentation\dataset\images\image_000048.png,C:\Users\HP Omen\Desktop\CSIR_4PI\Medical-Segmentation\dataset\masks\mask_000048.png
image_002879.png,mask_002879.png,C:\Users\HP Omen\Desktop\CSIR_4PI\Medical-Segmentation\dataset\images\image_002879.png,C:\Users\HP Omen\Desktop\CSIR_4PI\Medical-Segmentation\dataset\masks\mask_002879.png
image_000107.png,mask_000107.png,C:\Users\HP Omen\Desktop\CSIR_4PI\Medical-Segmentation\dataset\images\image_000107.png,C:\Users\HP Omen\Desktop\CSIR_4PI\Medical-Segmentation\dataset\masks\mask_000107.png
image_002398.png,mask_002398.png,C:\Users\HP Omen\Desktop\CSIR_4PI\Medical-Segmentation\dataset\images\image_002398.png,C:\Users\HP Omen\Desktop\CSIR_4PI\Medical-Segmentation\dataset\masks\mask_002398.png
image_001080.png,mask_001080.png,C:\Users\HP Omen\Desktop\CSIR_4PI\Medical-Segmentation\dataset\images\image_001080.png,C:\Users\HP Omen\Desktop\CSIR_4PI\Medical-Segmentation\dataset\masks\mask_001080.png
image_002287.png,mask_002287.png,C:\Users\HP Omen\Desktop\CSIR_4PI\Medical-Segmentation\dataset\images\image_002287.png,C:\Users\HP Omen\Desktop\CSIR_4PI\Medical-Segmentation\dataset\masks\mask_002287.png
image_002262.png,mask_002262.png,C:\Users\HP Omen\Desktop\CSIR_4PI\Medical-Segmentation\dataset\images\image_002262.png,C:\Users\HP Omen\Desktop\CSIR_4PI\Medical-Segmentation\dataset\masks\mask_002262.png
image_001145.png,mask_001145.png,C:\Users\HP Omen\Desktop\CSIR_4PI\Medical-Segmentation\dataset\images\image_001145.png,C:\Users\HP Omen\Desktop\CSIR_4PI\Medical-Segmentation\dataset\masks\mask_001145.png
image_003805.png,mask_003805.png,C:\Users\HP Omen\Desktop\CSIR_4PI\Medical-Segmentation\dataset\images\image_003805.png,C:\Users\HP Omen\Desktop\CSIR_4PI\Medical-Segmentation\dataset\masks\mask_003805.png
image_002297.png,mask_002297.png,C:\Users\HP Omen\Desktop\CSIR_4PI\Medical-Segmentation\dataset\images\image_002297.png,C:\Users\HP Omen\Desktop\CSIR_4PI\Medical-Segmentation\dataset\masks\mask_002297.png
image_002842.png,mask_002842.png,C:\Users\HP Omen\Desktop\CSIR_4PI\Medical-Segmentation\dataset\images\image_002842.png,C:\Users\HP Omen\Desktop\CSIR_4PI\Medical-Segmentation\dataset\masks\mask_002842.png
image_001837.png,mask_001837.png,C:\Users\HP Omen\Desktop\CSIR_4PI\Medical-Segmentation\dataset\images\image_001837.png,C:\Users\HP Omen\Desktop\CSIR_4PI\Medical-Segmentation\dataset\masks\mask_001837.png
image_001754.png,mask_001754.png,C:\Users\HP Omen\Desktop\CSIR_4PI\Medical-Segmentation\dataset\images\image_001754.png,C:\Users\HP Omen\Desktop\CSIR_4PI\Medical-Segmentation\dataset\masks\mask_001754.png
image_001102.png,mask_001102.png,C:\Users\HP Omen\Desktop\CSIR_4PI\Medical-Segmentation\dataset\images\image_001102.png,C:\Users\HP Omen\Desktop\CSIR_4PI\Medical-Segmentation\dataset\masks\mask_001102.png
image_001969.png,mask_001969.png,C:\Users\HP Omen\Desktop\CSIR_4PI\Medical-Segmentation\dataset\images\image_001969.png,C:\Users\HP Omen\Desktop\CSIR_4PI\Medical-Segmentation\dataset\masks\mask_001969.png
image_003552.png,mask_003552.png,C:\Users\HP Omen\Desktop\CSIR_4PI\Medical-Segmentation\dataset\images\image_003552.png,C:\Users\HP Omen\Desktop\CSIR_4PI\Medical-Segmentation\dataset\masks\mask_003552.png
image_003590.png,mask_003590.png,C:\Users\HP Omen\Desktop\CSIR_4PI\Medical-Segmentation\dataset\images\image_003590.png,C:\Users\HP Omen\Desktop\CSIR_4PI\Medical-Segmentation\dataset\masks\mask_003590.png
image_000524.png,mask_000524.png,C:\Users\HP Omen\Desktop\CSIR_4PI\Medical-Segmentation\dataset\images\image_000524.png,C:\Users\HP Omen\Desktop\CSIR_4PI\Medical-Segmentation\dataset\masks\mask_000524.png
image_002281.png,mask_002281.png,C:\Users\HP Omen\Desktop\CSIR_4PI\Medical-Segmentation\dataset\images\image_002281.png,C:\Users\HP Omen\Desktop\CSIR_4PI\Medical-Segmentation\dataset\masks\mask_002281.png
image_002693.png,mask_002693.png,C:\Users\HP Omen\Desktop\CSIR_4PI\Medical-Segmentation\dataset\images\image_002693.png,C:\Users\HP Omen\Desktop\CSIR_4PI\Medical-Segmentation\dataset\masks\mask_002693.png
image_002886.png,mask_002886.png,C:\Users\HP Omen\Desktop\CSIR_4PI\Medical-Segmentation\dataset\images\image_002886.png,C:\Users\HP Omen\Desktop\CSIR_4PI\Medical-Segmentation\dataset\masks\mask_002886.png
image_001429.png,mask_001429.png,C:\Users\HP Omen\Desktop\CSIR_4PI\Medical-Segmentation\dataset\images\image_001429.png,C:\Users\HP Omen\Desktop\CSIR_4PI\Medical-Segmentation\dataset\masks\mask_001429.png
image_002582.png,mask_002582.png,C:\Users\HP Omen\Desktop\CSIR_4PI\Medical-Segmentation\dataset\images\image_002582.png,C:\Users\HP Omen\Desktop\CSIR_4PI\Medical-Segmentation\dataset\masks\mask_002582.png
image_003411.png,mask_003411.png,C:\Users\HP Omen\Desktop\CSIR_4PI\Medical-Segmentation\dataset\images\image_003411.png,C:\Users\HP Omen\Desktop\CSIR_4PI\Medical-Segmentation\dataset\masks\mask_003411.png
image_000604.png,mask_000604.png,C:\Users\HP Omen\Desktop\CSIR_4PI\Medical-Segmentation\dataset\images\image_000604.png,C:\Users\HP Omen\Desktop\CSIR_4PI\Medical-Segmentation\dataset\masks\mask_000604.png
image_001490.png,mask_001490.png,C:\Users\HP Omen\Desktop\CSIR_4PI\Medical-Segmentation\dataset\images\image_001490.png,C:\Users\HP Omen\Desktop\CSIR_4PI\Medical-Segmentation\dataset\masks\mask_001490.png
image_003718.png,mask_003718.png,C:\Users\HP Omen\Desktop\CSIR_4PI\Medical-Segmentation\dataset\images\image_003718.png,C:\Users\HP Omen\Desktop\CSIR_4PI\Medical-Segmentation\dataset\masks\mask_003718.png
image_003181.png,mask_003181.png,C:\Users\HP Omen\Desktop\CSIR_4PI\Medical-Segmentation\dataset\images\image_003181.png,C:\Users\HP Omen\Desktop\CSIR_4PI\Medical-Segmentation\dataset\masks\mask_003181.png
image_000061.png,mask_000061.png,C:\Users\HP Omen\Desktop\CSIR_4PI\Medical-Segmentation\dataset\images\image_000061.png,C:\Users\HP Omen\Desktop\CSIR_4PI\Medical-Segmentation\dataset\masks\mask_000061.png
image_003598.png,mask_003598.png,C:\Users\HP Omen\Desktop\CSIR_4PI\Medical-Segmentation\dataset\images\image_003598.png,C:\Users\HP Omen\Desktop\CSIR_4PI\Medical-Segmentation\dataset\masks\mask_003598.png
image_000672.png,mask_000672.png,C:\Users\HP Omen\Desktop\CSIR_4PI\Medical-Segmentation\dataset\images\image_000672.png,C:\Users\HP Omen\Desktop\CSIR_4PI\Medical-Segmentation\dataset\masks\mask_000672.png
image_000093.png,mask_000093.png,C:\Users\HP Omen\Desktop\CSIR_4PI\Medical-Segmentation\dataset\images\image_000093.png,C:\Users\HP Omen\Desktop\CSIR_4PI\Medical-Segmentation\dataset\masks\mask_000093.png
image_000667.png,mask_000667.png,C:\Users\HP Omen\Desktop\CSIR_4PI\Medical-Segmentation\dataset\images\image_000667.png,C:\Users\HP Omen\Desktop\CSIR_4PI\Medical-Segmentation\dataset\masks\mask_000667.png
image_001888.png,mask_001888.png,C:\Users\HP Omen\Desktop\CSIR_4PI\Medical-Segmentation\dataset\images\image_001888.png,C:\Users\HP Omen\Desktop\CSIR_4PI\Medical-Segmentation\dataset\masks\mask_001888.png
image_000281.png,mask_000281.png,C:\Users\HP Omen\Desktop\CSIR_4PI\Medical-Segmentation\dataset\images\image_000281.png,C:\Users\HP Omen\Desktop\CSIR_4PI\Medical-Segmentation\dataset\masks\mask_000281.png
image_001720.png,mask_001720.png,C:\Users\HP Omen\Desktop\CSIR_4PI\Medical-Segmentation\dataset\images\image_001720.png,C:\Users\HP Omen\Desktop\CSIR_4PI\Medical-Segmentation\dataset\masks\mask_001720.png
image_000360.png,mask_000360.png,C:\Users\HP Omen\Desktop\CSIR_4PI\Medical-Segmentation\dataset\images\image_000360.png,C:\Users\HP Omen\Desktop\CSIR_4PI\Medical-Segmentation\dataset\masks\mask_000360.png
image_000900.png,mask_000900.png,C:\Users\HP Omen\Desktop\CSIR_4PI\Medical-Segmentation\dataset\images\image_000900.png,C:\Users\HP Omen\Desktop\CSIR_4PI\Medical-Segmentation\dataset\masks\mask_000900.png
image_001936.png,mask_001936.png,C:\Users\HP Omen\Desktop\CSIR_4PI\Medical-Segmentation\dataset\images\image_001936.png,C:\Users\HP Omen\Desktop\CSIR_4PI\Medical-Segmentation\dataset\masks\mask_001936.png
image_001995.png,mask_001995.png,C:\Users\HP Omen\Desktop\CSIR_4PI\Medical-Segmentation\dataset\images\image_001995.png,C:\Users\HP Omen\Desktop\CSIR_4PI\Medical-Segmentation\dataset\masks\mask_001995.png
image_003015.png,mask_003015.png,C:\Users\HP Omen\Desktop\CSIR_4PI\Medical-Segmentation\dataset\images\image_003015.png,C:\Users\HP Omen\Desktop\CSIR_4PI\Medical-Segmentation\dataset\masks\mask_003015.png
image_002896.png,mask_002896.png,C:\Users\HP Omen\Desktop\CSIR_4PI\Medical-Segmentation\dataset\images\image_002896.png,C:\Users\HP Omen\Desktop\CSIR_4PI\Medical-Segmentation\dataset\masks\mask_002896.png
image_000761.png,mask_000761.png,C:\Users\HP Omen\Desktop\CSIR_4PI\Medical-Segmentation\dataset\images\image_000761.png,C:\Users\HP Omen\Desktop\CSIR_4PI\Medical-Segmentation\dataset\masks\mask_000761.png
image_002159.png,mask_002159.png,C:\Users\HP Omen\Desktop\CSIR_4PI\Medical-Segmentation\dataset\images\image_002159.png,C:\Users\HP Omen\Desktop\CSIR_4PI\Medical-Segmentation\dataset\masks\mask_002159.png
image_003429.png,mask_003429.png,C:\Users\HP Omen\Desktop\CSIR_4PI\Medical-Segmentation\dataset\images\image_003429.png,C:\Users\HP Omen\Desktop\CSIR_4PI\Medical-Segmentation\dataset\masks\mask_003429.png
image_000043.png,mask_000043.png,C:\Users\HP Omen\Desktop\CSIR_4PI\Medical-Segmentation\dataset\images\image_000043.png,C:\Users\HP Omen\Desktop\CSIR_4PI\Medical-Segmentation\dataset\masks\mask_000043.png
image_002174.png,mask_002174.png,C:\Users\HP Omen\Desktop\CSIR_4PI\Medical-Segmentation\dataset\images\image_002174.png,C:\Users\HP Omen\Desktop\CSIR_4PI\Medical-Segmentation\dataset\masks\mask_002174.png
image_000205.png,mask_000205.png,C:\Users\HP Omen\Desktop\CSIR_4PI\Medical-Segmentation\dataset\images\image_000205.png,C:\Users\HP Omen\Desktop\CSIR_4PI\Medical-Segmentation\dataset\masks\mask_000205.png
image_001474.png,mask_001474.png,C:\Users\HP Omen\Desktop\CSIR_4PI\Medical-Segmentation\dataset\images\image_001474.png,C:\Users\HP Omen\Desktop\CSIR_4PI\Medical-Segmentation\dataset\masks\mask_001474.png
image_002101.png,mask_002101.png,C:\Users\HP Omen\Desktop\CSIR_4PI\Medical-Segmentation\dataset\images\image_002101.png,C:\Users\HP Omen\Desktop\CSIR_4PI\Medical-Segmentation\dataset\masks\mask_002101.png
image_002594.png,mask_002594.png,C:\Users\HP Omen\Desktop\CSIR_4PI\Medical-Segmentation\dataset\images\image_002594.png,C:\Users\HP Omen\Desktop\CSIR_4PI\Medical-Segmentation\dataset\masks\mask_002594.png
image_000069.png,mask_000069.png,C:\Users\HP Omen\Desktop\CSIR_4PI\Medical-Segmentation\dataset\images\image_000069.png,C:\Users\HP Omen\Desktop\CSIR_4PI\Medical-Segmentation\dataset\masks\mask_000069.png
image_001876.png,mask_001876.png,C:\Users\HP Omen\Desktop\CSIR_4PI\Medical-Segmentation\dataset\images\image_001876.png,C:\Users\HP Omen\Desktop\CSIR_4PI\Medical-Segmentation\dataset\masks\mask_001876.png
image_002833.png,mask_002833.png,C:\Users\HP Omen\Desktop\CSIR_4PI\Medical-Segmentation\dataset\images\image_002833.png,C:\Users\HP Omen\Desktop\CSIR_4PI\Medical-Segmentation\dataset\masks\mask_002833.png
image_003104.png,mask_003104.png,C:\Users\HP Omen\Desktop\CSIR_4PI\Medical-Segmentation\dataset\images\image_003104.png,C:\Users\HP Omen\Desktop\CSIR_4PI\Medical-Segmentation\dataset\masks\mask_003104.png
image_002232.png,mask_002232.png,C:\Users\HP Omen\Desktop\CSIR_4PI\Medical-Segmentation\dataset\images\image_002232.png,C:\Users\HP Omen\Desktop\CSIR_4PI\Medical-Segmentation\dataset\masks\mask_002232.png
image_000138.png,mask_000138.png,C:\Users\HP Omen\Desktop\CSIR_4PI\Medical-Segmentation\dataset\images\image_000138.png,C:\Users\HP Omen\Desktop\CSIR_4PI\Medical-Segmentation\dataset\masks\mask_000138.png
image_002948.png,mask_002948.png,C:\Users\HP Omen\Desktop\CSIR_4PI\Medical-Segmentation\dataset\images\image_002948.png,C:\Users\HP Omen\Desktop\CSIR_4PI\Medical-Segmentation\dataset\masks\mask_002948.png
image_000797.png,mask_000797.png,C:\Users\HP Omen\Desktop\CSIR_4PI\Medical-Segmentation\dataset\images\image_000797.png,C:\Users\HP Omen\Desktop\CSIR_4PI\Medical-Segmentation\dataset\masks\mask_000797.png
image_002181.png,mask_002181.png,C:\Users\HP Omen\Desktop\CSIR_4PI\Medical-Segmentation\dataset\images\image_002181.png,C:\Users\HP Omen\Desktop\CSIR_4PI\Medical-Segmentation\dataset\masks\mask_002181.png
image_002129.png,mask_002129.png,C:\Users\HP Omen\Desktop\CSIR_4PI\Medical-Segmentation\dataset\images\image_002129.png,C:\Users\HP Omen\Desktop\CSIR_4PI\Medical-Segmentation\dataset\masks\mask_002129.png
image_000759.png,mask_000759.png,C:\Users\HP Omen\Desktop\CSIR_4PI\Medical-Segmentation\dataset\images\image_000759.png,C:\Users\HP Omen\Desktop\CSIR_4PI\Medical-Segmentation\dataset\masks\mask_000759.png
image_000542.png,mask_000542.png,C:\Users\HP Omen\Desktop\CSIR_4PI\Medical-Segmentation\dataset\images\image_000542.png,C:\Users\HP Omen\Desktop\CSIR_4PI\Medical-Segmentation\dataset\masks\mask_000542.png
image_001020.png,mask_001020.png,C:\Users\HP Omen\Desktop\CSIR_4PI\Medical-Segmentation\dataset\images\image_001020.png,C:\Users\HP Omen\Desktop\CSIR_4PI\Medical-Segmentation\dataset\masks\mask_001020.png
image_003390.png,mask_003390.png,C:\Users\HP Omen\Desktop\CSIR_4PI\Medical-Segmentation\dataset\images\image_003390.png,C:\Users\HP Omen\Desktop\CSIR_4PI\Medical-Segmentation\dataset\masks\mask_003390.png
image_000166.png,mask_000166.png,C:\Users\HP Omen\Desktop\CSIR_4PI\Medical-Segmentation\dataset\images\image_000166.png,C:\Users\HP Omen\Desktop\CSIR_4PI\Medical-Segmentation\dataset\masks\mask_000166.png
image_000249.png,mask_000249.png,C:\Users\HP Omen\Desktop\CSIR_4PI\Medical-Segmentation\dataset\images\image_000249.png,C:\Users\HP Omen\Desktop\CSIR_4PI\Medical-Segmentation\dataset\masks\mask_000249.png
image_001332.png,mask_001332.png,C:\Users\HP Omen\Desktop\CSIR_4PI\Medical-Segmentation\dataset\images\image_001332.png,C:\Users\HP Omen\Desktop\CSIR_4PI\Medical-Segmentation\dataset\masks\mask_001332.png
image_002018.png,mask_002018.png,C:\Users\HP Omen\Desktop\CSIR_4PI\Medical-Segmentation\dataset\images\image_002018.png,C:\Users\HP Omen\Desktop\CSIR_4PI\Medical-Segmentation\dataset\masks\mask_002018.png
image_000447.png,mask_000447.png,C:\Users\HP Omen\Desktop\CSIR_4PI\Medical-Segmentation\dataset\images\image_000447.png,C:\Users\HP Omen\Desktop\CSIR_4PI\Medical-Segmentation\dataset\masks\mask_000447.png
image_002483.png,mask_002483.png,C:\Users\HP Omen\Desktop\CSIR_4PI\Medical-Segmentation\dataset\images\image_002483.png,C:\Users\HP Omen\Desktop\CSIR_4PI\Medical-Segmentation\dataset\masks\mask_002483.png
image_002907.png,mask_002907.png,C:\Users\HP Omen\Desktop\CSIR_4PI\Medical-Segmentation\dataset\images\image_002907.png,C:\Users\HP Omen\Desktop\CSIR_4PI\Medical-Segmentation\dataset\masks\mask_002907.png
image_001359.png,mask_001359.png,C:\Users\HP Omen\Desktop\CSIR_4PI\Medical-Segmentation\dataset\images\image_001359.png,C:\Users\HP Omen\Desktop\CSIR_4PI\Medical-Segmentation\dataset\masks\mask_001359.png
image_002846.png,mask_002846.png,C:\Users\HP Omen\Desktop\CSIR_4PI\Medical-Segmentation\dataset\images\image_002846.png,C:\Users\HP Omen\Desktop\CSIR_4PI\Medical-Segmentation\dataset\masks\mask_002846.png
image_002146.png,mask_002146.png,C:\Users\HP Omen\Desktop\CSIR_4PI\Medical-Segmentation\dataset\images\image_002146.png,C:\Users\HP Omen\Desktop\CSIR_4PI\Medical-Segmentation\dataset\masks\mask_002146.png
image_001330.png,mask_001330.png,C:\Users\HP Omen\Desktop\CSIR_4PI\Medical-Segmentation\dataset\images\image_001330.png,C:\Users\HP Omen\Desktop\CSIR_4PI\Medical-Segmentation\dataset\masks\mask_001330.png
image_003903.png,mask_003903.png,C:\Users\HP Omen\Desktop\CSIR_4PI\Medical-Segmentation\dataset\images\image_003903.png,C:\Users\HP Omen\Desktop\CSIR_4PI\Medical-Segmentation\dataset\masks\mask_003903.png
image_002786.png,mask_002786.png,C:\Users\HP Omen\Desktop\CSIR_4PI\Medical-Segmentation\dataset\images\image_002786.png,C:\Users\HP Omen\Desktop\CSIR_4PI\Medical-Segmentation\dataset\masks\mask_002786.png
image_003809.png,mask_003809.png,C:\Users\HP Omen\Desktop\CSIR_4PI\Medical-Segmentation\dataset\images\image_003809.png,C:\Users\HP Omen\Desktop\CSIR_4PI\Medical-Segmentation\dataset\masks\mask_003809.png
image_002151.png,mask_002151.png,C:\Users\HP Omen\Desktop\CSIR_4PI\Medical-Segmentation\dataset\images\image_002151.png,C:\Users\HP Omen\Desktop\CSIR_4PI\Medical-Segmentation\dataset\masks\mask_002151.png
image_000435.png,mask_000435.png,C:\Users\HP Omen\Desktop\CSIR_4PI\Medical-Segmentation\dataset\images\image_000435.png,C:\Users\HP Omen\Desktop\CSIR_4PI\Medical-Segmentation\dataset\masks\mask_000435.png
image_002123.png,mask_002123.png,C:\Users\HP Omen\Desktop\CSIR_4PI\Medical-Segmentation\dataset\images\image_002123.png,C:\Users\HP Omen\Desktop\CSIR_4PI\Medical-Segmentation\dataset\masks\mask_002123.png
image_000578.png,mask_000578.png,C:\Users\HP Omen\Desktop\CSIR_4PI\Medical-Segmentation\dataset\images\image_000578.png,C:\Users\HP Omen\Desktop\CSIR_4PI\Medical-Segmentation\dataset\masks\mask_000578.png
image_002901.png,mask_002901.png,C:\Users\HP Omen\Desktop\CSIR_4PI\Medical-Segmentation\dataset\images\image_002901.png,C:\Users\HP Omen\Desktop\CSIR_4PI\Medical-Segmentation\dataset\masks\mask_002901.png
image_003118.png,mask_003118.png,C:\Users\HP Omen\Desktop\CSIR_4PI\Medical-Segmentation\dataset\images\image_003118.png,C:\Users\HP Omen\Desktop\CSIR_4PI\Medical-Segmentation\dataset\masks\mask_003118.png
image_002967.png,mask_002967.png,C:\Users\HP Omen\Desktop\CSIR_4PI\Medical-Segmentation\dataset\images\image_002967.png,C:\Users\HP Omen\Desktop\CSIR_4PI\Medical-Segmentation\dataset\masks\mask_002967.png
image_003756.png,mask_003756.png,C:\Users\HP Omen\Desktop\CSIR_4PI\Medical-Segmentation\dataset\images\image_003756.png,C:\Users\HP Omen\Desktop\CSIR_4PI\Medical-Segmentation\dataset\masks\mask_003756.png
image_003589.png,mask_003589.png,C:\Users\HP Omen\Desktop\CSIR_4PI\Medical-Segmentation\dataset\images\image_003589.png,C:\Users\HP Omen\Desktop\CSIR_4PI\Medical-Segmentation\dataset\masks\mask_003589.png
image_002449.png,mask_002449.png,C:\Users\HP Omen\Desktop\CSIR_4PI\Medical-Segmentation\dataset\images\image_002449.png,C:\Users\HP Omen\Desktop\CSIR_4PI\Medical-Segmentation\dataset\masks\mask_002449.png
image_001849.png,mask_001849.png,C:\Users\HP Omen\Desktop\CSIR_4PI\Medical-Segmentation\dataset\images\image_001849.png,C:\Users\HP Omen\Desktop\CSIR_4PI\Medical-Segmentation\dataset\masks\mask_001849.png
image_000763.png,mask_000763.png,C:\Users\HP Omen\Desktop\CSIR_4PI\Medical-Segmentation\dataset\images\image_000763.png,C:\Users\HP Omen\Desktop\CSIR_4PI\Medical-Segmentation\dataset\masks\mask_000763.png
image_000389.png,mask_000389.png,C:\Users\HP Omen\Desktop\CSIR_4PI\Medical-Segmentation\dataset\images\image_000389.png,C:\Users\HP Omen\Desktop\CSIR_4PI\Medical-Segmentation\dataset\masks\mask_000389.png
image_000236.png,mask_000236.png,C:\Users\HP Omen\Desktop\CSIR_4PI\Medical-Segmentation\dataset\images\image_000236.png,C:\Users\HP Omen\Desktop\CSIR_4PI\Medical-Segmentation\dataset\masks\mask_000236.png
image_003409.png,mask_003409.png,C:\Users\HP Omen\Desktop\CSIR_4PI\Medical-Segmentation\dataset\images\image_003409.png,C:\Users\HP Omen\Desktop\CSIR_4PI\Medical-Segmentation\dataset\masks\mask_003409.png
image_001985.png,mask_001985.png,C:\Users\HP Omen\Desktop\CSIR_4PI\Medical-Segmentation\dataset\images\image_001985.png,C:\Users\HP Omen\Desktop\CSIR_4PI\Medical-Segmentation\dataset\masks\mask_001985.png
image_000268.png,mask_000268.png,C:\Users\HP Omen\Desktop\CSIR_4PI\Medical-Segmentation\dataset\images\image_000268.png,C:\Users\HP Omen\Desktop\CSIR_4PI\Medical-Segmentation\dataset\masks\mask_000268.png
image_000771.png,mask_000771.png,C:\Users\HP Omen\Desktop\CSIR_4PI\Medical-Segmentation\dataset\images\image_000771.png,C:\Users\HP Omen\Desktop\CSIR_4PI\Medical-Segmentation\dataset\masks\mask_000771.png
image_002166.png,mask_002166.png,C:\Users\HP Omen\Desktop\CSIR_4PI\Medical-Segmentation\dataset\images\image_002166.png,C:\Users\HP Omen\Desktop\CSIR_4PI\Medical-Segmentation\dataset\masks\mask_002166.png
image_000438.png,mask_000438.png,C:\Users\HP Omen\Desktop\CSIR_4PI\Medical-Segmentation\dataset\images\image_000438.png,C:\Users\HP Omen\Desktop\CSIR_4PI\Medical-Segmentation\dataset\masks\mask_000438.png
image_000674.png,mask_000674.png,C:\Users\HP Omen\Desktop\CSIR_4PI\Medical-Segmentation\dataset\images\image_000674.png,C:\Users\HP Omen\Desktop\CSIR_4PI\Medical-Segmentation\dataset\masks\mask_000674.png
image_000250.png,mask_000250.png,C:\Users\HP Omen\Desktop\CSIR_4PI\Medical-Segmentation\dataset\images\image_000250.png,C:\Users\HP Omen\Desktop\CSIR_4PI\Medical-Segmentation\dataset\masks\mask_000250.png
image_002202.png,mask_002202.png,C:\Users\HP Omen\Desktop\CSIR_4PI\Medical-Segmentation\dataset\images\image_002202.png,C:\Users\HP Omen\Desktop\CSIR_4PI\Medical-Segmentation\dataset\masks\mask_002202.png
image_001575.png,mask_001575.png,C:\Users\HP Omen\Desktop\CSIR_4PI\Medical-Segmentation\dataset\images\image_001575.png,C:\Users\HP Omen\Desktop\CSIR_4PI\Medical-Segmentation\dataset\masks\mask_001575.png
image_002143.png,mask_002143.png,C:\Users\HP Omen\Desktop\CSIR_4PI\Medical-Segmentation\dataset\images\image_002143.png,C:\Users\HP Omen\Desktop\CSIR_4PI\Medical-Segmentation\dataset\masks\mask_002143.png
image_002082.png,mask_002082.png,C:\Users\HP Omen\Desktop\CSIR_4PI\Medical-Segmentation\dataset\images\image_002082.png,C:\Users\HP Omen\Desktop\CSIR_4PI\Medical-Segmentation\dataset\masks\mask_002082.png
image_003424.png,mask_003424.png,C:\Users\HP Omen\Desktop\CSIR_4PI\Medical-Segmentation\dataset\images\image_003424.png,C:\Users\HP Omen\Desktop\CSIR_4PI\Medical-Segmentation\dataset\masks\mask_003424.png
image_003461.png,mask_003461.png,C:\Users\HP Omen\Desktop\CSIR_4PI\Medical-Segmentation\dataset\images\image_003461.png,C:\Users\HP Omen\Desktop\CSIR_4PI\Medical-Segmentation\dataset\masks\mask_003461.png
image_003587.png,mask_003587.png,C:\Users\HP Omen\Desktop\CSIR_4PI\Medical-Segmentation\dataset\images\image_003587.png,C:\Users\HP Omen\Desktop\CSIR_4PI\Medical-Segmentation\dataset\masks\mask_003587.png
image_000449.png,mask_000449.png,C:\Users\HP Omen\Desktop\CSIR_4PI\Medical-Segmentation\dataset\images\image_000449.png,C:\Users\HP Omen\Desktop\CSIR_4PI\Medical-Segmentation\dataset\masks\mask_000449.png
image_001470.png,mask_001470.png,C:\Users\HP Omen\Desktop\CSIR_4PI\Medical-Segmentation\dataset\images\image_001470.png,C:\Users\HP Omen\Desktop\CSIR_4PI\Medical-Segmentation\dataset\masks\mask_001470.png
image_000717.png,mask_000717.png,C:\Users\HP Omen\Desktop\CSIR_4PI\Medical-Segmentation\dataset\images\image_000717.png,C:\Users\HP Omen\Desktop\CSIR_4PI\Medical-Segmentation\dataset\masks\mask_000717.png
image_003128.png,mask_003128.png,C:\Users\HP Omen\Desktop\CSIR_4PI\Medical-Segmentation\dataset\images\image_003128.png,C:\Users\HP Omen\Desktop\CSIR_4PI\Medical-Segmentation\dataset\masks\mask_003128.png
image_003706.png,mask_003706.png,C:\Users\HP Omen\Desktop\CSIR_4PI\Medical-Segmentation\dataset\images\image_003706.png,C:\Users\HP Omen\Desktop\CSIR_4PI\Medical-Segmentation\dataset\masks\mask_003706.png
image_002049.png,mask_002049.png,C:\Users\HP Omen\Desktop\CSIR_4PI\Medical-Segmentation\dataset\images\image_002049.png,C:\Users\HP Omen\Desktop\CSIR_4PI\Medical-Segmentation\dataset\masks\mask_002049.png
image_001902.png,mask_001902.png,C:\Users\HP Omen\Desktop\CSIR_4PI\Medical-Segmentation\dataset\images\image_001902.png,C:\Users\HP Omen\Desktop\CSIR_4PI\Medical-Segmentation\dataset\masks\mask_001902.png
image_003258.png,mask_003258.png,C:\Users\HP Omen\Desktop\CSIR_4PI\Medical-Segmentation\dataset\images\image_003258.png,C:\Users\HP Omen\Desktop\CSIR_4PI\Medical-Segmentation\dataset\masks\mask_003258.png
image_001169.png,mask_001169.png,C:\Users\HP Omen\Desktop\CSIR_4PI\Medical-Segmentation\dataset\images\image_001169.png,C:\Users\HP Omen\Desktop\CSIR_4PI\Medical-Segmentation\dataset\masks\mask_001169.png
image_000083.png,mask_000083.png,C:\Users\HP Omen\Desktop\CSIR_4PI\Medical-Segmentation\dataset\images\image_000083.png,C:\Users\HP Omen\Desktop\CSIR_4PI\Medical-Segmentation\dataset\masks\mask_000083.png
image_003157.png,mask_003157.png,C:\Users\HP Omen\Desktop\CSIR_4PI\Medical-Segmentation\dataset\images\image_003157.png,C:\Users\HP Omen\Desktop\CSIR_4PI\Medical-Segmentation\dataset\masks\mask_003157.png
image_002725.png,mask_002725.png,C:\Users\HP Omen\Desktop\CSIR_4PI\Medical-Segmentation\dataset\images\image_002725.png,C:\Users\HP Omen\Desktop\CSIR_4PI\Medical-Segmentation\dataset\masks\mask_002725.png
image_001461.png,mask_001461.png,C:\Users\HP Omen\Desktop\CSIR_4PI\Medical-Segmentation\dataset\images\image_001461.png,C:\Users\HP Omen\Desktop\CSIR_4PI\Medical-Segmentation\dataset\masks\mask_001461.png
image_002819.png,mask_002819.png,C:\Users\HP Omen\Desktop\CSIR_4PI\Medical-Segmentation\dataset\images\image_002819.png,C:\Users\HP Omen\Desktop\CSIR_4PI\Medical-Segmentation\dataset\masks\mask_002819.png
image_001894.png,mask_001894.png,C:\Users\HP Omen\Desktop\CSIR_4PI\Medical-Segmentation\dataset\images\image_001894.png,C:\Users\HP Omen\Desktop\CSIR_4PI\Medical-Segmentation\dataset\masks\mask_001894.png
image_001669.png,mask_001669.png,C:\Users\HP Omen\Desktop\CSIR_4PI\Medical-Segmentation\dataset\images\image_001669.png,C:\Users\HP Omen\Desktop\CSIR_4PI\Medical-Segmentation\dataset\masks\mask_001669.png
image_002757.png,mask_002757.png,C:\Users\HP Omen\Desktop\CSIR_4PI\Medical-Segmentation\dataset\images\image_002757.png,C:\Users\HP Omen\Desktop\CSIR_4PI\Medical-Segmentation\dataset\masks\mask_002757.png
image_002001.png,mask_002001.png,C:\Users\HP Omen\Desktop\CSIR_4PI\Medical-Segmentation\dataset\images\image_002001.png,C:\Users\HP Omen\Desktop\CSIR_4PI\Medical-Segmentation\dataset\masks\mask_002001.png
image_000476.png,mask_000476.png,C:\Users\HP Omen\Desktop\CSIR_4PI\Medical-Segmentation\dataset\images\image_000476.png,C:\Users\HP Omen\Desktop\CSIR_4PI\Medical-Segmentation\dataset\masks\mask_000476.png
image_000518.png,mask_000518.png,C:\Users\HP Omen\Desktop\CSIR_4PI\Medical-Segmentation\dataset\images\image_000518.png,C:\Users\HP Omen\Desktop\CSIR_4PI\Medical-Segmentation\dataset\masks\mask_000518.png
image_003391.png,mask_003391.png,C:\Users\HP Omen\Desktop\CSIR_4PI\Medical-Segmentation\dataset\images\image_003391.png,C:\Users\HP Omen\Desktop\CSIR_4PI\Medical-Segmentation\dataset\masks\mask_003391.png
image_000405.png,mask_000405.png,C:\Users\HP Omen\Desktop\CSIR_4PI\Medical-Segmentation\dataset\images\image_000405.png,C:\Users\HP Omen\Desktop\CSIR_4PI\Medical-Segmentation\dataset\masks\mask_000405.png
image_000385.png,mask_000385.png,C:\Users\HP Omen\Desktop\CSIR_4PI\Medical-Segmentation\dataset\images\image_000385.png,C:\Users\HP Omen\Desktop\CSIR_4PI\Medical-Segmentation\dataset\masks\mask_000385.png
image_003169.png,mask_003169.png,C:\Users\HP Omen\Desktop\CSIR_4PI\Medical-Segmentation\dataset\images\image_003169.png,C:\Users\HP Omen\Desktop\CSIR_4PI\Medical-Segmentation\dataset\masks\mask_003169.png
image_002153.png,mask_002153.png,C:\Users\HP Omen\Desktop\CSIR_4PI\Medical-Segmentation\dataset\images\image_002153.png,C:\Users\HP Omen\Desktop\CSIR_4PI\Medical-Segmentation\dataset\masks\mask_002153.png
image_001634.png,mask_001634.png,C:\Users\HP Omen\Desktop\CSIR_4PI\Medical-Segmentation\dataset\images\image_001634.png,C:\Users\HP Omen\Desktop\CSIR_4PI\Medical-Segmentation\dataset\masks\mask_001634.png
image_003746.png,mask_003746.png,C:\Users\HP Omen\Desktop\CSIR_4PI\Medical-Segmentation\dataset\images\image_003746.png,C:\Users\HP Omen\Desktop\CSIR_4PI\Medical-Segmentation\dataset\masks\mask_003746.png
image_000689.png,mask_000689.png,C:\Users\HP Omen\Desktop\CSIR_4PI\Medical-Segmentation\dataset\images\image_000689.png,C:\Users\HP Omen\Desktop\CSIR_4PI\Medical-Segmentation\dataset\masks\mask_000689.png
image_003182.png,mask_003182.png,C:\Users\HP Omen\Desktop\CSIR_4PI\Medical-Segmentation\dataset\images\image_003182.png,C:\Users\HP Omen\Desktop\CSIR_4PI\Medical-Segmentation\dataset\masks\mask_003182.png
image_002875.png,mask_002875.png,C:\Users\HP Omen\Desktop\CSIR_4PI\Medical-Segmentation\dataset\images\image_002875.png,C:\Users\HP Omen\Desktop\CSIR_4PI\Medical-Segmentation\dataset\masks\mask_002875.png
image_001241.png,mask_001241.png,C:\Users\HP Omen\Desktop\CSIR_4PI\Medical-Segmentation\dataset\images\image_001241.png,C:\Users\HP Omen\Desktop\CSIR_4PI\Medical-Segmentation\dataset\masks\mask_001241.png
image_000063.png,mask_000063.png,C:\Users\HP Omen\Desktop\CSIR_4PI\Medical-Segmentation\dataset\images\image_000063.png,C:\Users\HP Omen\Desktop\CSIR_4PI\Medical-Segmentation\dataset\masks\mask_000063.png
image_000853.png,mask_000853.png,C:\Users\HP Omen\Desktop\CSIR_4PI\Medical-Segmentation\dataset\images\image_000853.png,C:\Users\HP Omen\Desktop\CSIR_4PI\Medical-Segmentation\dataset\masks\mask_000853.png
image_003600.png,mask_003600.png,C:\Users\HP Omen\Desktop\CSIR_4PI\Medical-Segmentation\dataset\images\image_003600.png,C:\Users\HP Omen\Desktop\CSIR_4PI\Medical-Segmentation\dataset\masks\mask_003600.png
image_003231.png,mask_003231.png,C:\Users\HP Omen\Desktop\CSIR_4PI\Medical-Segmentation\dataset\images\image_003231.png,C:\Users\HP Omen\Desktop\CSIR_4PI\Medical-Segmentation\dataset\masks\mask_003231.png
image_001263.png,mask_001263.png,C:\Users\HP Omen\Desktop\CSIR_4PI\Medical-Segmentation\dataset\images\image_001263.png,C:\Users\HP Omen\Desktop\CSIR_4PI\Medical-Segmentation\dataset\masks\mask_001263.png
image_000224.png,mask_000224.png,C:\Users\HP Omen\Desktop\CSIR_4PI\Medical-Segmentation\dataset\images\image_000224.png,C:\Users\HP Omen\Desktop\CSIR_4PI\Medical-Segmentation\dataset\masks\mask_000224.png
image_002194.png,mask_002194.png,C:\Users\HP Omen\Desktop\CSIR_4PI\Medical-Segmentation\dataset\images\image_002194.png,C:\Users\HP Omen\Desktop\CSIR_4PI\Medical-Segmentation\dataset\masks\mask_002194.png
image_000374.png,mask_000374.png,C:\Users\HP Omen\Desktop\CSIR_4PI\Medical-Segmentation\dataset\images\image_000374.png,C:\Users\HP Omen\Desktop\CSIR_4PI\Medical-Segmentation\dataset\masks\mask_000374.png
image_001825.png,mask_001825.png,C:\Users\HP Omen\Desktop\CSIR_4PI\Medical-Segmentation\dataset\images\image_001825.png,C:\Users\HP Omen\Desktop\CSIR_4PI\Medical-Segmentation\dataset\masks\mask_001825.png
image_003311.png,mask_003311.png,C:\Users\HP Omen\Desktop\CSIR_4PI\Medical-Segmentation\dataset\images\image_003311.png,C:\Users\HP Omen\Desktop\CSIR_4PI\Medical-Segmentation\dataset\masks\mask_003311.png
image_003759.png,mask_003759.png,C:\Users\HP Omen\Desktop\CSIR_4PI\Medical-Segmentation\dataset\images\image_003759.png,C:\Users\HP Omen\Desktop\CSIR_4PI\Medical-Segmentation\dataset\masks\mask_003759.png
image_003396.png,mask_003396.png,C:\Users\HP Omen\Desktop\CSIR_4PI\Medical-Segmentation\dataset\images\image_003396.png,C:\Users\HP Omen\Desktop\CSIR_4PI\Medical-Segmentation\dataset\masks\mask_003396.png
image_003512.png,mask_003512.png,C:\Users\HP Omen\Desktop\CSIR_4PI\Medical-Segmentation\dataset\images\image_003512.png,C:\Users\HP Omen\Desktop\CSIR_4PI\Medical-Segmentation\dataset\masks\mask_003512.png
image_002872.png,mask_002872.png,C:\Users\HP Omen\Desktop\CSIR_4PI\Medical-Segmentation\dataset\images\image_002872.png,C:\Users\HP Omen\Desktop\CSIR_4PI\Medical-Segmentation\dataset\masks\mask_002872.png
image_000010.png,mask_000010.png,C:\Users\HP Omen\Desktop\CSIR_4PI\Medical-Segmentation\dataset\images\image_000010.png,C:\Users\HP Omen\Desktop\CSIR_4PI\Medical-Segmentation\dataset\masks\mask_000010.png
image_002498.png,mask_002498.png,C:\Users\HP Omen\Desktop\CSIR_4PI\Medical-Segmentation\dataset\images\image_002498.png,C:\Users\HP Omen\Desktop\CSIR_4PI\Medical-Segmentation\dataset\masks\mask_002498.png
image_001945.png,mask_001945.png,C:\Users\HP Omen\Desktop\CSIR_4PI\Medical-Segmentation\dataset\images\image_001945.png,C:\Users\HP Omen\Desktop\CSIR_4PI\Medical-Segmentation\dataset\masks\mask_001945.png
image_001839.png,mask_001839.png,C:\Users\HP Omen\Desktop\CSIR_4PI\Medical-Segmentation\dataset\images\image_001839.png,C:\Users\HP Omen\Desktop\CSIR_4PI\Medical-Segmentation\dataset\masks\mask_001839.png
image_000709.png,mask_000709.png,C:\Users\HP Omen\Desktop\CSIR_4PI\Medical-Segmentation\dataset\images\image_000709.png,C:\Users\HP Omen\Desktop\CSIR_4PI\Medical-Segmentation\dataset\masks\mask_000709.png
image_000256.png,mask_000256.png,C:\Users\HP Omen\Desktop\CSIR_4PI\Medical-Segmentation\dataset\images\image_000256.png,C:\Users\HP Omen\Desktop\CSIR_4PI\Medical-Segmentation\dataset\masks\mask_000256.png
image_002931.png,mask_002931.png,C:\Users\HP Omen\Desktop\CSIR_4PI\Medical-Segmentation\dataset\images\image_002931.png,C:\Users\HP Omen\Desktop\CSIR_4PI\Medical-Segmentation\dataset\masks\mask_002931.png
image_001618.png,mask_001618.png,C:\Users\HP Omen\Desktop\CSIR_4PI\Medical-Segmentation\dataset\images\image_001618.png,C:\Users\HP Omen\Desktop\CSIR_4PI\Medical-Segmentation\dataset\masks\mask_001618.png
image_000390.png,mask_000390.png,C:\Users\HP Omen\Desktop\CSIR_4PI\Medical-Segmentation\dataset\images\image_000390.png,C:\Users\HP Omen\Desktop\CSIR_4PI\Medical-Segmentation\dataset\masks\mask_000390.png
image_001582.png,mask_001582.png,C:\Users\HP Omen\Desktop\CSIR_4PI\Medical-Segmentation\dataset\images\image_001582.png,C:\Users\HP Omen\Desktop\CSIR_4PI\Medical-Segmentation\dataset\masks\mask_001582.png
image_002957.png,mask_002957.png,C:\Users\HP Omen\Desktop\CSIR_4PI\Medical-Segmentation\dataset\images\image_002957.png,C:\Users\HP Omen\Desktop\CSIR_4PI\Medical-Segmentation\dataset\masks\mask_002957.png
image_000925.png,mask_000925.png,C:\Users\HP Omen\Desktop\CSIR_4PI\Medical-Segmentation\dataset\images\image_000925.png,C:\Users\HP Omen\Desktop\CSIR_4PI\Medical-Segmentation\dataset\masks\mask_000925.png
image_003631.png,mask_003631.png,C:\Users\HP Omen\Desktop\CSIR_4PI\Medical-Segmentation\dataset\images\image_003631.png,C:\Users\HP Omen\Desktop\CSIR_4PI\Medical-Segmentation\dataset\masks\mask_003631.png
image_003089.png,mask_003089.png,C:\Users\HP Omen\Desktop\CSIR_4PI\Medical-Segmentation\dataset\images\image_003089.png,C:\Users\HP Omen\Desktop\CSIR_4PI\Medical-Segmentation\dataset\masks\mask_003089.png
image_002509.png,mask_002509.png,C:\Users\HP Omen\Desktop\CSIR_4PI\Medical-Segmentation\dataset\images\image_002509.png,C:\Users\HP Omen\Desktop\CSIR_4PI\Medical-Segmentation\dataset\masks\mask_002509.png
image_002037.png,mask_002037.png,C:\Users\HP Omen\Desktop\CSIR_4PI\Medical-Segmentation\dataset\images\image_002037.png,C:\Users\HP Omen\Desktop\CSIR_4PI\Medical-Segmentation\dataset\masks\mask_002037.png
image_003133.png,mask_003133.png,C:\Users\HP Omen\Desktop\CSIR_4PI\Medical-Segmentation\dataset\images\image_003133.png,C:\Users\HP Omen\Desktop\CSIR_4PI\Medical-Segmentation\dataset\masks\mask_003133.png
image_001225.png,mask_001225.png,C:\Users\HP Omen\Desktop\CSIR_4PI\Medical-Segmentation\dataset\images\image_001225.png,C:\Users\HP Omen\Desktop\CSIR_4PI\Medical-Segmentation\dataset\masks\mask_001225.png
image_003007.png,mask_003007.png,C:\Users\HP Omen\Desktop\CSIR_4PI\Medical-Segmentation\dataset\images\image_003007.png,C:\Users\HP Omen\Desktop\CSIR_4PI\Medical-Segmentation\dataset\masks\mask_003007.png
image_002550.png,mask_002550.png,C:\Users\HP Omen\Desktop\CSIR_4PI\Medical-Segmentation\dataset\images\image_002550.png,C:\Users\HP Omen\Desktop\CSIR_4PI\Medical-Segmentation\dataset\masks\mask_002550.png
image_001947.png,mask_001947.png,C:\Users\HP Omen\Desktop\CSIR_4PI\Medical-Segmentation\dataset\images\image_001947.png,C:\Users\HP Omen\Desktop\CSIR_4PI\Medical-Segmentation\dataset\masks\mask_001947.png
image_000740.png,mask_000740.png,C:\Users\HP Omen\Desktop\CSIR_4PI\Medical-Segmentation\dataset\images\image_000740.png,C:\Users\HP Omen\Desktop\CSIR_4PI\Medical-Segmentation\dataset\masks\mask_000740.png
image_000041.png,mask_000041.png,C:\Users\HP Omen\Desktop\CSIR_4PI\Medical-Segmentation\dataset\images\image_000041.png,C:\Users\HP Omen\Desktop\CSIR_4PI\Medical-Segmentation\dataset\masks\mask_000041.png
image_000869.png,mask_000869.png,C:\Users\HP Omen\Desktop\CSIR_4PI\Medical-Segmentation\dataset\images\image_000869.png,C:\Users\HP Omen\Desktop\CSIR_4PI\Medical-Segmentation\dataset\masks\mask_000869.png
image_002780.png,mask_002780.png,C:\Users\HP Omen\Desktop\CSIR_4PI\Medical-Segmentation\dataset\images\image_002780.png,C:\Users\HP Omen\Desktop\CSIR_4PI\Medical-Segmentation\dataset\masks\mask_002780.png
image_000540.png,mask_000540.png,C:\Users\HP Omen\Desktop\CSIR_4PI\Medical-Segmentation\dataset\images\image_000540.png,C:\Users\HP Omen\Desktop\CSIR_4PI\Medical-Segmentation\dataset\masks\mask_000540.png
image_002746.png,mask_002746.png,C:\Users\HP Omen\Desktop\CSIR_4PI\Medical-Segmentation\dataset\images\image_002746.png,C:\Users\HP Omen\Desktop\CSIR_4PI\Medical-Segmentation\dataset\masks\mask_002746.png
image_003278.png,mask_003278.png,C:\Users\HP Omen\Desktop\CSIR_4PI\Medical-Segmentation\dataset\images\image_003278.png,C:\Users\HP Omen\Desktop\CSIR_4PI\Medical-Segmentation\dataset\masks\mask_003278.png
image_002724.png,mask_002724.png,C:\Users\HP Omen\Desktop\CSIR_4PI\Medical-Segmentation\dataset\images\image_002724.png,C:\Users\HP Omen\Desktop\CSIR_4PI\Medical-Segmentation\dataset\masks\mask_002724.png
image_001372.png,mask_001372.png,C:\Users\HP Omen\Desktop\CSIR_4PI\Medical-Segmentation\dataset\images\image_001372.png,C:\Users\HP Omen\Desktop\CSIR_4PI\Medical-Segmentation\dataset\masks\mask_001372.png
image_001146.png,mask_001146.png,C:\Users\HP Omen\Desktop\CSIR_4PI\Medical-Segmentation\dataset\images\image_001146.png,C:\Users\HP Omen\Desktop\CSIR_4PI\Medical-Segmentation\dataset\masks\mask_001146.png
image_001032.png,mask_001032.png,C:\Users\HP Omen\Desktop\CSIR_4PI\Medical-Segmentation\dataset\images\image_001032.png,C:\Users\HP Omen\Desktop\CSIR_4PI\Medical-Segmentation\dataset\masks\mask_001032.png
image_000373.png,mask_000373.png,C:\Users\HP Omen\Desktop\CSIR_4PI\Medical-Segmentation\dataset\images\image_000373.png,C:\Users\HP Omen\Desktop\CSIR_4PI\Medical-Segmentation\dataset\masks\mask_000373.png
image_000668.png,mask_000668.png,C:\Users\HP Omen\Desktop\CSIR_4PI\Medical-Segmentation\dataset\images\image_000668.png,C:\Users\HP Omen\Desktop\CSIR_4PI\Medical-Segmentation\dataset\masks\mask_000668.png
image_003020.png,mask_003020.png,C:\Users\HP Omen\Desktop\CSIR_4PI\Medical-Segmentation\dataset\images\image_003020.png,C:\Users\HP Omen\Desktop\CSIR_4PI\Medical-Segmentation\dataset\masks\mask_003020.png
image_000358.png,mask_000358.png,C:\Users\HP Omen\Desktop\CSIR_4PI\Medical-Segmentation\dataset\images\image_000358.png,C:\Users\HP Omen\Desktop\CSIR_4PI\Medical-Segmentation\dataset\masks\mask_000358.png
image_000968.png,mask_000968.png,C:\Users\HP Omen\Desktop\CSIR_4PI\Medical-Segmentation\dataset\images\image_000968.png,C:\Users\HP Omen\Desktop\CSIR_4PI\Medical-Segmentation\dataset\masks\mask_000968.png
image_002832.png,mask_002832.png,C:\Users\HP Omen\Desktop\CSIR_4PI\Medical-Segmentation\dataset\images\image_002832.png,C:\Users\HP Omen\Desktop\CSIR_4PI\Medical-Segmentation\dataset\masks\mask_002832.png
image_002784.png,mask_002784.png,C:\Users\HP Omen\Desktop\CSIR_4PI\Medical-Segmentation\dataset\images\image_002784.png,C:\Users\HP Omen\Desktop\CSIR_4PI\Medical-Segmentation\dataset\masks\mask_002784.png
image_001354.png,mask_001354.png,C:\Users\HP Omen\Desktop\CSIR_4PI\Medical-Segmentation\dataset\images\image_001354.png,C:\Users\HP Omen\Desktop\CSIR_4PI\Medical-Segmentation\dataset\masks\mask_001354.png
image_001036.png,mask_001036.png,C:\Users\HP Omen\Desktop\CSIR_4PI\Medical-Segmentation\dataset\images\image_001036.png,C:\Users\HP Omen\Desktop\CSIR_4PI\Medical-Segmentation\dataset\masks\mask_001036.png
image_003019.png,mask_003019.png,C:\Users\HP Omen\Desktop\CSIR_4PI\Medical-Segmentation\dataset\images\image_003019.png,C:\Users\HP Omen\Desktop\CSIR_4PI\Medical-Segmentation\dataset\masks\mask_003019.png
image_000471.png,mask_000471.png,C:\Users\HP Omen\Desktop\CSIR_4PI\Medical-Segmentation\dataset\images\image_000471.png,C:\Users\HP Omen\Desktop\CSIR_4PI\Medical-Segmentation\dataset\masks\mask_000471.png
image_003389.png,mask_003389.png,C:\Users\HP Omen\Desktop\CSIR_4PI\Medical-Segmentation\dataset\images\image_003389.png,C:\Users\HP Omen\Desktop\CSIR_4PI\Medical-Segmentation\dataset\masks\mask_003389.png
image_001397.png,mask_001397.png,C:\Users\HP Omen\Desktop\CSIR_4PI\Medical-Segmentation\dataset\images\image_001397.png,C:\Users\HP Omen\Desktop\CSIR_4PI\Medical-Segmentation\dataset\masks\mask_001397.png
image_003427.png,mask_003427.png,C:\Users\HP Omen\Desktop\CSIR_4PI\Medical-Segmentation\dataset\images\image_003427.png,C:\Users\HP Omen\Desktop\CSIR_4PI\Medical-Segmentation\dataset\masks\mask_003427.png
image_001550.png,mask_001550.png,C:\Users\HP Omen\Desktop\CSIR_4PI\Medical-Segmentation\dataset\images\image_001550.png,C:\Users\HP Omen\Desktop\CSIR_4PI\Medical-Segmentation\dataset\masks\mask_001550.png
image_001257.png,mask_001257.png,C:\Users\HP Omen\Desktop\CSIR_4PI\Medical-Segmentation\dataset\images\image_001257.png,C:\Users\HP Omen\Desktop\CSIR_4PI\Medical-Segmentation\dataset\masks\mask_001257.png
image_002095.png,mask_002095.png,C:\Users\HP Omen\Desktop\CSIR_4PI\Medical-Segmentation\dataset\images\image_002095.png,C:\Users\HP Omen\Desktop\CSIR_4PI\Medical-Segmentation\dataset\masks\mask_002095.png
image_001556.png,mask_001556.png,C:\Users\HP Omen\Desktop\CSIR_4PI\Medical-Segmentation\dataset\images\image_001556.png,C:\Users\HP Omen\Desktop\CSIR_4PI\Medical-Segmentation\dataset\masks\mask_001556.png
image_003383.png,mask_003383.png,C:\Users\HP Omen\Desktop\CSIR_4PI\Medical-Segmentation\dataset\images\image_003383.png,C:\Users\HP Omen\Desktop\CSIR_4PI\Medical-Segmentation\dataset\masks\mask_003383.png
image_001251.png,mask_001251.png,C:\Users\HP Omen\Desktop\CSIR_4PI\Medical-Segmentation\dataset\images\image_001251.png,C:\Users\HP Omen\Desktop\CSIR_4PI\Medical-Segmentation\dataset\masks\mask_001251.png
image_001700.png,mask_001700.png,C:\Users\HP Omen\Desktop\CSIR_4PI\Medical-Segmentation\dataset\images\image_001700.png,C:\Users\HP Omen\Desktop\CSIR_4PI\Medical-Segmentation\dataset\masks\mask_001700.png
image_001253.png,mask_001253.png,C:\Users\HP Omen\Desktop\CSIR_4PI\Medical-Segmentation\dataset\images\image_001253.png,C:\Users\HP Omen\Desktop\CSIR_4PI\Medical-Segmentation\dataset\masks\mask_001253.png
image_003620.png,mask_003620.png,C:\Users\HP Omen\Desktop\CSIR_4PI\Medical-Segmentation\dataset\images\image_003620.png,C:\Users\HP Omen\Desktop\CSIR_4PI\Medical-Segmentation\dataset\masks\mask_003620.png
image_003643.png,mask_003643.png,C:\Users\HP Omen\Desktop\CSIR_4PI\Medical-Segmentation\dataset\images\image_003643.png,C:\Users\HP Omen\Desktop\CSIR_4PI\Medical-Segmentation\dataset\masks\mask_003643.png
image_002934.png,mask_002934.png,C:\Users\HP Omen\Desktop\CSIR_4PI\Medical-Segmentation\dataset\images\image_002934.png,C:\Users\HP Omen\Desktop\CSIR_4PI\Medical-Segmentation\dataset\masks\mask_002934.png
image_000080.png,mask_000080.png,C:\Users\HP Omen\Desktop\CSIR_4PI\Medical-Segmentation\dataset\images\image_000080.png,C:\Users\HP Omen\Desktop\CSIR_4PI\Medical-Segmentation\dataset\masks\mask_000080.png
image_001173.png,mask_001173.png,C:\Users\HP Omen\Desktop\CSIR_4PI\Medical-Segmentation\dataset\images\image_001173.png,C:\Users\HP Omen\Desktop\CSIR_4PI\Medical-Segmentation\dataset\masks\mask_001173.png
image_000815.png,mask_000815.png,C:\Users\HP Omen\Desktop\CSIR_4PI\Medical-Segmentation\dataset\images\image_000815.png,C:\Users\HP Omen\Desktop\CSIR_4PI\Medical-Segmentation\dataset\masks\mask_000815.png
image_001853.png,mask_001853.png,C:\Users\HP Omen\Desktop\CSIR_4PI\Medical-Segmentation\dataset\images\image_001853.png,C:\Users\HP Omen\Desktop\CSIR_4PI\Medical-Segmentation\dataset\masks\mask_001853.png
image_002221.png,mask_002221.png,C:\Users\HP Omen\Desktop\CSIR_4PI\Medical-Segmentation\dataset\images\image_002221.png,C:\Users\HP Omen\Desktop\CSIR_4PI\Medical-Segmentation\dataset\masks\mask_002221.png
image_002720.png,mask_002720.png,C:\Users\HP Omen\Desktop\CSIR_4PI\Medical-Segmentation\dataset\images\image_002720.png,C:\Users\HP Omen\Desktop\CSIR_4PI\Medical-Segmentation\dataset\masks\mask_002720.png
image_003436.png,mask_003436.png,C:\Users\HP Omen\Desktop\CSIR_4PI\Medical-Segmentation\dataset\images\image_003436.png,C:\Users\HP Omen\Desktop\CSIR_4PI\Medical-Segmentation\dataset\masks\mask_003436.png
image_002106.png,mask_002106.png,C:\Users\HP Omen\Desktop\CSIR_4PI\Medical-Segmentation\dataset\images\image_002106.png,C:\Users\HP Omen\Desktop\CSIR_4PI\Medical-Segmentation\dataset\masks\mask_002106.png
image_000134.png,mask_000134.png,C:\Users\HP Omen\Desktop\CSIR_4PI\Medical-Segmentation\dataset\images\image_000134.png,C:\Users\HP Omen\Desktop\CSIR_4PI\Medical-Segmentation\dataset\masks\mask_000134.png
image_001141.png,mask_001141.png,C:\Users\HP Omen\Desktop\CSIR_4PI\Medical-Segmentation\dataset\images\image_001141.png,C:\Users\HP Omen\Desktop\CSIR_4PI\Medical-Segmentation\dataset\masks\mask_001141.png
image_000934.png,mask_000934.png,C:\Users\HP Omen\Desktop\CSIR_4PI\Medical-Segmentation\dataset\images\image_000934.png,C:\Users\HP Omen\Desktop\CSIR_4PI\Medical-Segmentation\dataset\masks\mask_000934.png
image_000929.png,mask_000929.png,C:\Users\HP Omen\Desktop\CSIR_4PI\Medical-Segmentation\dataset\images\image_000929.png,C:\Users\HP Omen\Desktop\CSIR_4PI\Medical-Segmentation\dataset\masks\mask_000929.png
image_000824.png,mask_000824.png,C:\Users\HP Omen\Desktop\CSIR_4PI\Medical-Segmentation\dataset\images\image_000824.png,C:\Users\HP Omen\Desktop\CSIR_4PI\Medical-Segmentation\dataset\masks\mask_000824.png
image_001532.png,mask_001532.png,C:\Users\HP Omen\Desktop\CSIR_4PI\Medical-Segmentation\dataset\images\image_001532.png,C:\Users\HP Omen\Desktop\CSIR_4PI\Medical-Segmentation\dataset\masks\mask_001532.png
image_001215.png,mask_001215.png,C:\Users\HP Omen\Desktop\CSIR_4PI\Medical-Segmentation\dataset\images\image_001215.png,C:\Users\HP Omen\Desktop\CSIR_4PI\Medical-Segmentation\dataset\masks\mask_001215.png
image_000505.png,mask_000505.png,C:\Users\HP Omen\Desktop\CSIR_4PI\Medical-Segmentation\dataset\images\image_000505.png,C:\Users\HP Omen\Desktop\CSIR_4PI\Medical-Segmentation\dataset\masks\mask_000505.png
image_003881.png,mask_003881.png,C:\Users\HP Omen\Desktop\CSIR_4PI\Medical-Segmentation\dataset\images\image_003881.png,C:\Users\HP Omen\Desktop\CSIR_4PI\Medical-Segmentation\dataset\masks\mask_003881.png
image_002396.png,mask_002396.png,C:\Users\HP Omen\Desktop\CSIR_4PI\Medical-Segmentation\dataset\images\image_002396.png,C:\Users\HP Omen\Desktop\CSIR_4PI\Medical-Segmentation\dataset\masks\mask_002396.png
image_001997.png,mask_001997.png,C:\Users\HP Omen\Desktop\CSIR_4PI\Medical-Segmentation\dataset\images\image_001997.png,C:\Users\HP Omen\Desktop\CSIR_4PI\Medical-Segmentation\dataset\masks\mask_001997.png
image_002435.png,mask_002435.png,C:\Users\HP Omen\Desktop\CSIR_4PI\Medical-Segmentation\dataset\images\image_002435.png,C:\Users\HP Omen\Desktop\CSIR_4PI\Medical-Segmentation\dataset\masks\mask_002435.png
image_003073.png,mask_003073.png,C:\Users\HP Omen\Desktop\CSIR_4PI\Medical-Segmentation\dataset\images\image_003073.png,C:\Users\HP Omen\Desktop\CSIR_4PI\Medical-Segmentation\dataset\masks\mask_003073.png
image_001959.png,mask_001959.png,C:\Users\HP Omen\Desktop\CSIR_4PI\Medical-Segmentation\dataset\images\image_001959.png,C:\Users\HP Omen\Desktop\CSIR_4PI\Medical-Segmentation\dataset\masks\mask_001959.png
image_001385.png,mask_001385.png,C:\Users\HP Omen\Desktop\CSIR_4PI\Medical-Segmentation\dataset\images\image_001385.png,C:\Users\HP Omen\Desktop\CSIR_4PI\Medical-Segmentation\dataset\masks\mask_001385.png
image_000895.png,mask_000895.png,C:\Users\HP Omen\Desktop\CSIR_4PI\Medical-Segmentation\dataset\images\image_000895.png,C:\Users\HP Omen\Desktop\CSIR_4PI\Medical-Segmentation\dataset\masks\mask_000895.png
image_000829.png,mask_000829.png,C:\Users\HP Omen\Desktop\CSIR_4PI\Medical-Segmentation\dataset\images\image_000829.png,C:\Users\HP Omen\Desktop\CSIR_4PI\Medical-Segmentation\dataset\masks\mask_000829.png
image_003823.png,mask_003823.png,C:\Users\HP Omen\Desktop\CSIR_4PI\Medical-Segmentation\dataset\images\image_003823.png,C:\Users\HP Omen\Desktop\CSIR_4PI\Medical-Segmentation\dataset\masks\mask_003823.png
image_002524.png,mask_002524.png,C:\Users\HP Omen\Desktop\CSIR_4PI\Medical-Segmentation\dataset\images\image_002524.png,C:\Users\HP Omen\Desktop\CSIR_4PI\Medical-Segmentation\dataset\masks\mask_002524.png
image_001684.png,mask_001684.png,C:\Users\HP Omen\Desktop\CSIR_4PI\Medical-Segmentation\dataset\images\image_001684.png,C:\Users\HP Omen\Desktop\CSIR_4PI\Medical-Segmentation\dataset\masks\mask_001684.png
image_003367.png,mask_003367.png,C:\Users\HP Omen\Desktop\CSIR_4PI\Medical-Segmentation\dataset\images\image_003367.png,C:\Users\HP Omen\Desktop\CSIR_4PI\Medical-Segmentation\dataset\masks\mask_003367.png
image_003824.png,mask_003824.png,C:\Users\HP Omen\Desktop\CSIR_4PI\Medical-Segmentation\dataset\images\image_003824.png,C:\Users\HP Omen\Desktop\CSIR_4PI\Medical-Segmentation\dataset\masks\mask_003824.png
image_003282.png,mask_003282.png,C:\Users\HP Omen\Desktop\CSIR_4PI\Medical-Segmentation\dataset\images\image_003282.png,C:\Users\HP Omen\Desktop\CSIR_4PI\Medical-Segmentation\dataset\masks\mask_003282.png
image_000653.png,mask_000653.png,C:\Users\HP Omen\Desktop\CSIR_4PI\Medical-Segmentation\dataset\images\image_000653.png,C:\Users\HP Omen\Desktop\CSIR_4PI\Medical-Segmentation\dataset\masks\mask_000653.png
image_000173.png,mask_000173.png,C:\Users\HP Omen\Desktop\CSIR_4PI\Medical-Segmentation\dataset\images\image_000173.png,C:\Users\HP Omen\Desktop\CSIR_4PI\Medical-Segmentation\dataset\masks\mask_000173.png
image_000039.png,mask_000039.png,C:\Users\HP Omen\Desktop\CSIR_4PI\Medical-Segmentation\dataset\images\image_000039.png,C:\Users\HP Omen\Desktop\CSIR_4PI\Medical-Segmentation\dataset\masks\mask_000039.png
image_003749.png,mask_003749.png,C:\Users\HP Omen\Desktop\CSIR_4PI\Medical-Segmentation\dataset\images\image_003749.png,C:\Users\HP Omen\Desktop\CSIR_4PI\Medical-Segmentation\dataset\masks\mask_003749.png
image_000714.png,mask_000714.png,C:\Users\HP Omen\Desktop\CSIR_4PI\Medical-Segmentation\dataset\images\image_000714.png,C:\Users\HP Omen\Desktop\CSIR_4PI\Medical-Segmentation\dataset\masks\mask_000714.png
image_000091.png,mask_000091.png,C:\Users\HP Omen\Desktop\CSIR_4PI\Medical-Segmentation\dataset\images\image_000091.png,C:\Users\HP Omen\Desktop\CSIR_4PI\Medical-Segmentation\dataset\masks\mask_000091.png
image_003866.png,mask_003866.png,C:\Users\HP Omen\Desktop\CSIR_4PI\Medical-Segmentation\dataset\images\image_003866.png,C:\Users\HP Omen\Desktop\CSIR_4PI\Medical-Segmentation\dataset\masks\mask_003866.png
image_001206.png,mask_001206.png,C:\Users\HP Omen\Desktop\CSIR_4PI\Medical-Segmentation\dataset\images\image_001206.png,C:\Users\HP Omen\Desktop\CSIR_4PI\Medical-Segmentation\dataset\masks\mask_001206.png
image_002924.png,mask_002924.png,C:\Users\HP Omen\Desktop\CSIR_4PI\Medical-Segmentation\dataset\images\image_002924.png,C:\Users\HP Omen\Desktop\CSIR_4PI\Medical-Segmentation\dataset\masks\mask_002924.png
image_003228.png,mask_003228.png,C:\Users\HP Omen\Desktop\CSIR_4PI\Medical-Segmentation\dataset\images\image_003228.png,C:\Users\HP Omen\Desktop\CSIR_4PI\Medical-Segmentation\dataset\masks\mask_003228.png
image_003379.png,mask_003379.png,C:\Users\HP Omen\Desktop\CSIR_4PI\Medical-Segmentation\dataset\images\image_003379.png,C:\Users\HP Omen\Desktop\CSIR_4PI\Medical-Segmentation\dataset\masks\mask_003379.png
image_003142.png,mask_003142.png,C:\Users\HP Omen\Desktop\CSIR_4PI\Medical-Segmentation\dataset\images\image_003142.png,C:\Users\HP Omen\Desktop\CSIR_4PI\Medical-Segmentation\dataset\masks\mask_003142.png
image_001828.png,mask_001828.png,C:\Users\HP Omen\Desktop\CSIR_4PI\Medical-Segmentation\dataset\images\image_001828.png,C:\Users\HP Omen\Desktop\CSIR_4PI\Medical-Segmentation\dataset\masks\mask_001828.png
image_001156.png,mask_001156.png,C:\Users\HP Omen\Desktop\CSIR_4PI\Medical-Segmentation\dataset\images\image_001156.png,C:\Users\HP Omen\Desktop\CSIR_4PI\Medical-Segmentation\dataset\masks\mask_001156.png
image_001325.png,mask_001325.png,C:\Users\HP Omen\Desktop\CSIR_4PI\Medical-Segmentation\dataset\images\image_001325.png,C:\Users\HP Omen\Desktop\CSIR_4PI\Medical-Segmentation\dataset\masks\mask_001325.png
image_000217.png,mask_000217.png,C:\Users\HP Omen\Desktop\CSIR_4PI\Medical-Segmentation\dataset\images\image_000217.png,C:\Users\HP Omen\Desktop\CSIR_4PI\Medical-Segmentation\dataset\masks\mask_000217.png
image_000511.png,mask_000511.png,C:\Users\HP Omen\Desktop\CSIR_4PI\Medical-Segmentation\dataset\images\image_000511.png,C:\Users\HP Omen\Desktop\CSIR_4PI\Medical-Segmentation\dataset\masks\mask_000511.png
image_001681.png,mask_001681.png,C:\Users\HP Omen\Desktop\CSIR_4PI\Medical-Segmentation\dataset\images\image_001681.png,C:\Users\HP Omen\Desktop\CSIR_4PI\Medical-Segmentation\dataset\masks\mask_001681.png
image_000500.png,mask_000500.png,C:\Users\HP Omen\Desktop\CSIR_4PI\Medical-Segmentation\dataset\images\image_000500.png,C:\Users\HP Omen\Desktop\CSIR_4PI\Medical-Segmentation\dataset\masks\mask_000500.png
image_003547.png,mask_003547.png,C:\Users\HP Omen\Desktop\CSIR_4PI\Medical-Segmentation\dataset\images\image_003547.png,C:\Users\HP Omen\Desktop\CSIR_4PI\Medical-Segmentation\dataset\masks\mask_003547.png
image_001857.png,mask_001857.png,C:\Users\HP Omen\Desktop\CSIR_4PI\Medical-Segmentation\dataset\images\image_001857.png,C:\Users\HP Omen\Desktop\CSIR_4PI\Medical-Segmentation\dataset\masks\mask_001857.png
image_001389.png,mask_001389.png,C:\Users\HP Omen\Desktop\CSIR_4PI\Medical-Segmentation\dataset\images\image_001389.png,C:\Users\HP Omen\Desktop\CSIR_4PI\Medical-Segmentation\dataset\masks\mask_001389.png
image_001520.png,mask_001520.png,C:\Users\HP Omen\Desktop\CSIR_4PI\Medical-Segmentation\dataset\images\image_001520.png,C:\Users\HP Omen\Desktop\CSIR_4PI\Medical-Segmentation\dataset\masks\mask_001520.png
image_002387.png,mask_002387.png,C:\Users\HP Omen\Desktop\CSIR_4PI\Medical-Segmentation\dataset\images\image_002387.png,C:\Users\HP Omen\Desktop\CSIR_4PI\Medical-Segmentation\dataset\masks\mask_002387.png
image_003785.png,mask_003785.png,C:\Users\HP Omen\Desktop\CSIR_4PI\Medical-Segmentation\dataset\images\image_003785.png,C:\Users\HP Omen\Desktop\CSIR_4PI\Medical-Segmentation\dataset\masks\mask_003785.png
image_002077.png,mask_002077.png,C:\Users\HP Omen\Desktop\CSIR_4PI\Medical-Segmentation\dataset\images\image_002077.png,C:\Users\HP Omen\Desktop\CSIR_4PI\Medical-Segmentation\dataset\masks\mask_002077.png
image_001541.png,mask_001541.png,C:\Users\HP Omen\Desktop\CSIR_4PI\Medical-Segmentation\dataset\images\image_001541.png,C:\Users\HP Omen\Desktop\CSIR_4PI\Medical-Segmentation\dataset\masks\mask_001541.png
image_001218.png,mask_001218.png,C:\Users\HP Omen\Desktop\CSIR_4PI\Medical-Segmentation\dataset\images\image_001218.png,C:\Users\HP Omen\Desktop\CSIR_4PI\Medical-Segmentation\dataset\masks\mask_001218.png
image_002682.png,mask_002682.png,C:\Users\HP Omen\Desktop\CSIR_4PI\Medical-Segmentation\dataset\images\image_002682.png,C:\Users\HP Omen\Desktop\CSIR_4PI\Medical-Segmentation\dataset\masks\mask_002682.png
image_003753.png,mask_003753.png,C:\Users\HP Omen\Desktop\CSIR_4PI\Medical-Segmentation\dataset\images\image_003753.png,C:\Users\HP Omen\Desktop\CSIR_4PI\Medical-Segmentation\dataset\masks\mask_003753.png
image_002994.png,mask_002994.png,C:\Users\HP Omen\Desktop\CSIR_4PI\Medical-Segmentation\dataset\images\image_002994.png,C:\Users\HP Omen\Desktop\CSIR_4PI\Medical-Segmentation\dataset\masks\mask_002994.png
image_001417.png,mask_001417.png,C:\Users\HP Omen\Desktop\CSIR_4PI\Medical-Segmentation\dataset\images\image_001417.png,C:\Users\HP Omen\Desktop\CSIR_4PI\Medical-Segmentation\dataset\masks\mask_001417.png
image_002218.png,mask_002218.png,C:\Users\HP Omen\Desktop\CSIR_4PI\Medical-Segmentation\dataset\images\image_002218.png,C:\Users\HP Omen\Desktop\CSIR_4PI\Medical-Segmentation\dataset\masks\mask_002218.png
image_003289.png,mask_003289.png,C:\Users\HP Omen\Desktop\CSIR_4PI\Medical-Segmentation\dataset\images\image_003289.png,C:\Users\HP Omen\Desktop\CSIR_4PI\Medical-Segmentation\dataset\masks\mask_003289.png
image_001677.png,mask_001677.png,C:\Users\HP Omen\Desktop\CSIR_4PI\Medical-Segmentation\dataset\images\image_001677.png,C:\Users\HP Omen\Desktop\CSIR_4PI\Medical-Segmentation\dataset\masks\mask_001677.png
image_001198.png,mask_001198.png,C:\Users\HP Omen\Desktop\CSIR_4PI\Medical-Segmentation\dataset\images\image_001198.png,C:\Users\HP Omen\Desktop\CSIR_4PI\Medical-Segmentation\dataset\masks\mask_001198.png
image_001543.png,mask_001543.png,C:\Users\HP Omen\Desktop\CSIR_4PI\Medical-Segmentation\dataset\images\image_001543.png,C:\Users\HP Omen\Desktop\CSIR_4PI\Medical-Segmentation\dataset\masks\mask_001543.png
image_002961.png,mask_002961.png,C:\Users\HP Omen\Desktop\CSIR_4PI\Medical-Segmentation\dataset\images\image_002961.png,C:\Users\HP Omen\Desktop\CSIR_4PI\Medical-Segmentation\dataset\masks\mask_002961.png
image_002540.png,mask_002540.png,C:\Users\HP Omen\Desktop\CSIR_4PI\Medical-Segmentation\dataset\images\image_002540.png,C:\Users\HP Omen\Desktop\CSIR_4PI\Medical-Segmentation\dataset\masks\mask_002540.png
image_000954.png,mask_000954.png,C:\Users\HP Omen\Desktop\CSIR_4PI\Medical-Segmentation\dataset\images\image_000954.png,C:\Users\HP Omen\Desktop\CSIR_4PI\Medical-Segmentation\dataset\masks\mask_000954.png
image_003146.png,mask_003146.png,C:\Users\HP Omen\Desktop\CSIR_4PI\Medical-Segmentation\dataset\images\image_003146.png,C:\Users\HP Omen\Desktop\CSIR_4PI\Medical-Segmentation\dataset\masks\mask_003146.png
image_003081.png,mask_003081.png,C:\Users\HP Omen\Desktop\CSIR_4PI\Medical-Segmentation\dataset\images\image_003081.png,C:\Users\HP Omen\Desktop\CSIR_4PI\Medical-Segmentation\dataset\masks\mask_003081.png
image_002636.png,mask_002636.png,C:\Users\HP Omen\Desktop\CSIR_4PI\Medical-Segmentation\dataset\images\image_002636.png,C:\Users\HP Omen\Desktop\CSIR_4PI\Medical-Segmentation\dataset\masks\mask_002636.png
image_000751.png,mask_000751.png,C:\Users\HP Omen\Desktop\CSIR_4PI\Medical-Segmentation\dataset\images\image_000751.png,C:\Users\HP Omen\Desktop\CSIR_4PI\Medical-Segmentation\dataset\masks\mask_000751.png
image_002706.png,mask_002706.png,C:\Users\HP Omen\Desktop\CSIR_4PI\Medical-Segmentation\dataset\images\image_002706.png,C:\Users\HP Omen\Desktop\CSIR_4PI\Medical-Segmentation\dataset\masks\mask_002706.png
image_000235.png,mask_000235.png,C:\Users\HP Omen\Desktop\CSIR_4PI\Medical-Segmentation\dataset\images\image_000235.png,C:\Users\HP Omen\Desktop\CSIR_4PI\Medical-Segmentation\dataset\masks\mask_000235.png
image_000733.png,mask_000733.png,C:\Users\HP Omen\Desktop\CSIR_4PI\Medical-Segmentation\dataset\images\image_000733.png,C:\Users\HP Omen\Desktop\CSIR_4PI\Medical-Segmentation\dataset\masks\mask_000733.png
image_003918.png,mask_003918.png,C:\Users\HP Omen\Desktop\CSIR_4PI\Medical-Segmentation\dataset\images\image_003918.png,C:\Users\HP Omen\Desktop\CSIR_4PI\Medical-Segmentation\dataset\masks\mask_003918.png
image_001157.png,mask_001157.png,C:\Users\HP Omen\Desktop\CSIR_4PI\Medical-Segmentation\dataset\images\image_001157.png,C:\Users\HP Omen\Desktop\CSIR_4PI\Medical-Segmentation\dataset\masks\mask_001157.png
image_003366.png,mask_003366.png,C:\Users\HP Omen\Desktop\CSIR_4PI\Medical-Segmentation\dataset\images\image_003366.png,C:\Users\HP Omen\Desktop\CSIR_4PI\Medical-Segmentation\dataset\masks\mask_003366.png
image_002446.png,mask_002446.png,C:\Users\HP Omen\Desktop\CSIR_4PI\Medical-Segmentation\dataset\images\image_002446.png,C:\Users\HP Omen\Desktop\CSIR_4PI\Medical-Segmentation\dataset\masks\mask_002446.png
image_002983.png,mask_002983.png,C:\Users\HP Omen\Desktop\CSIR_4PI\Medical-Segmentation\dataset\images\image_002983.png,C:\Users\HP Omen\Desktop\CSIR_4PI\Medical-Segmentation\dataset\masks\mask_002983.png
image_001210.png,mask_001210.png,C:\Users\HP Omen\Desktop\CSIR_4PI\Medical-Segmentation\dataset\images\image_001210.png,C:\Users\HP Omen\Desktop\CSIR_4PI\Medical-Segmentation\dataset\masks\mask_001210.png
image_001066.png,mask_001066.png,C:\Users\HP Omen\Desktop\CSIR_4PI\Medical-Segmentation\dataset\images\image_001066.png,C:\Users\HP Omen\Desktop\CSIR_4PI\Medical-Segmentation\dataset\masks\mask_001066.png
image_002157.png,mask_002157.png,C:\Users\HP Omen\Desktop\CSIR_4PI\Medical-Segmentation\dataset\images\image_002157.png,C:\Users\HP Omen\Desktop\CSIR_4PI\Medical-Segmentation\dataset\masks\mask_002157.png
image_001063.png,mask_001063.png,C:\Users\HP Omen\Desktop\CSIR_4PI\Medical-Segmentation\dataset\images\image_001063.png,C:\Users\HP Omen\Desktop\CSIR_4PI\Medical-Segmentation\dataset\masks\mask_001063.png
image_002617.png,mask_002617.png,C:\Users\HP Omen\Desktop\CSIR_4PI\Medical-Segmentation\dataset\images\image_002617.png,C:\Users\HP Omen\Desktop\CSIR_4PI\Medical-Segmentation\dataset\masks\mask_002617.png
image_001168.png,mask_001168.png,C:\Users\HP Omen\Desktop\CSIR_4PI\Medical-Segmentation\dataset\images\image_001168.png,C:\Users\HP Omen\Desktop\CSIR_4PI\Medical-Segmentation\dataset\masks\mask_001168.png
image_001493.png,mask_001493.png,C:\Users\HP Omen\Desktop\CSIR_4PI\Medical-Segmentation\dataset\images\image_001493.png,C:\Users\HP Omen\Desktop\CSIR_4PI\Medical-Segmentation\dataset\masks\mask_001493.png
image_002939.png,mask_002939.png,C:\Users\HP Omen\Desktop\CSIR_4PI\Medical-Segmentation\dataset\images\image_002939.png,C:\Users\HP Omen\Desktop\CSIR_4PI\Medical-Segmentation\dataset\masks\mask_002939.png
image_002996.png,mask_002996.png,C:\Users\HP Omen\Desktop\CSIR_4PI\Medical-Segmentation\dataset\images\image_002996.png,C:\Users\HP Omen\Desktop\CSIR_4PI\Medical-Segmentation\dataset\masks\mask_002996.png
image_003097.png,mask_003097.png,C:\Users\HP Omen\Desktop\CSIR_4PI\Medical-Segmentation\dataset\images\image_003097.png,C:\Users\HP Omen\Desktop\CSIR_4PI\Medical-Segmentation\dataset\masks\mask_003097.png
image_003229.png,mask_003229.png,C:\Users\HP Omen\Desktop\CSIR_4PI\Medical-Segmentation\dataset\images\image_003229.png,C:\Users\HP Omen\Desktop\CSIR_4PI\Medical-Segmentation\dataset\masks\mask_003229.png
image_003483.png,mask_003483.png,C:\Users\HP Omen\Desktop\CSIR_4PI\Medical-Segmentation\dataset\images\image_003483.png,C:\Users\HP Omen\Desktop\CSIR_4PI\Medical-Segmentation\dataset\masks\mask_003483.png
image_003141.png,mask_003141.png,C:\Users\HP Omen\Desktop\CSIR_4PI\Medical-Segmentation\dataset\images\image_003141.png,C:\Users\HP Omen\Desktop\CSIR_4PI\Medical-Segmentation\dataset\masks\mask_003141.png
image_000885.png,mask_000885.png,C:\Users\HP Omen\Desktop\CSIR_4PI\Medical-Segmentation\dataset\images\image_000885.png,C:\Users\HP Omen\Desktop\CSIR_4PI\Medical-Segmentation\dataset\masks\mask_000885.png
image_000144.png,mask_000144.png,C:\Users\HP Omen\Desktop\CSIR_4PI\Medical-Segmentation\dataset\images\image_000144.png,C:\Users\HP Omen\Desktop\CSIR_4PI\Medical-Segmentation\dataset\masks\mask_000144.png
image_003852.png,mask_003852.png,C:\Users\HP Omen\Desktop\CSIR_4PI\Medical-Segmentation\dataset\images\image_003852.png,C:\Users\HP Omen\Desktop\CSIR_4PI\Medical-Segmentation\dataset\masks\mask_003852.png
image_000851.png,mask_000851.png,C:\Users\HP Omen\Desktop\CSIR_4PI\Medical-Segmentation\dataset\images\image_000851.png,C:\Users\HP Omen\Desktop\CSIR_4PI\Medical-Segmentation\dataset\masks\mask_000851.png
image_002783.png,mask_002783.png,C:\Users\HP Omen\Desktop\CSIR_4PI\Medical-Segmentation\dataset\images\image_002783.png,C:\Users\HP Omen\Desktop\CSIR_4PI\Medical-Segmentation\dataset\masks\mask_002783.png
image_000718.png,mask_000718.png,C:\Users\HP Omen\Desktop\CSIR_4PI\Medical-Segmentation\dataset\images\image_000718.png,C:\Users\HP Omen\Desktop\CSIR_4PI\Medical-Segmentation\dataset\masks\mask_000718.png
image_003723.png,mask_003723.png,C:\Users\HP Omen\Desktop\CSIR_4PI\Medical-Segmentation\dataset\images\image_003723.png,C:\Users\HP Omen\Desktop\CSIR_4PI\Medical-Segmentation\dataset\masks\mask_003723.png
image_002503.png,mask_002503.png,C:\Users\HP Omen\Desktop\CSIR_4PI\Medical-Segmentation\dataset\images\image_002503.png,C:\Users\HP Omen\Desktop\CSIR_4PI\Medical-Segmentation\dataset\masks\mask_002503.png
image_000265.png,mask_000265.png,C:\Users\HP Omen\Desktop\CSIR_4PI\Medical-Segmentation\dataset\images\image_000265.png,C:\Users\HP Omen\Desktop\CSIR_4PI\Medical-Segmentation\dataset\masks\mask_000265.png
image_000076.png,mask_000076.png,C:\Users\HP Omen\Desktop\CSIR_4PI\Medical-Segmentation\dataset\images\image_000076.png,C:\Users\HP Omen\Desktop\CSIR_4PI\Medical-Segmentation\dataset\masks\mask_000076.png
image_002493.png,mask_002493.png,C:\Users\HP Omen\Desktop\CSIR_4PI\Medical-Segmentation\dataset\images\image_002493.png,C:\Users\HP Omen\Desktop\CSIR_4PI\Medical-Segmentation\dataset\masks\mask_002493.png
image_000396.png,mask_000396.png,C:\Users\HP Omen\Desktop\CSIR_4PI\Medical-Segmentation\dataset\images\image_000396.png,C:\Users\HP Omen\Desktop\CSIR_4PI\Medical-Segmentation\dataset\masks\mask_000396.png
image_003327.png,mask_003327.png,C:\Users\HP Omen\Desktop\CSIR_4PI\Medical-Segmentation\dataset\images\image_003327.png,C:\Users\HP Omen\Desktop\CSIR_4PI\Medical-Segmentation\dataset\masks\mask_003327.png
image_002225.png,mask_002225.png,C:\Users\HP Omen\Desktop\CSIR_4PI\Medical-Segmentation\dataset\images\image_002225.png,C:\Users\HP Omen\Desktop\CSIR_4PI\Medical-Segmentation\dataset\masks\mask_002225.png
image_003091.png,mask_003091.png,C:\Users\HP Omen\Desktop\CSIR_4PI\Medical-Segmentation\dataset\images\image_003091.png,C:\Users\HP Omen\Desktop\CSIR_4PI\Medical-Segmentation\dataset\masks\mask_003091.png
image_003665.png,mask_003665.png,C:\Users\HP Omen\Desktop\CSIR_4PI\Medical-Segmentation\dataset\images\image_003665.png,C:\Users\HP Omen\Desktop\CSIR_4PI\Medical-Segmentation\dataset\masks\mask_003665.png
image_000397.png,mask_000397.png,C:\Users\HP Omen\Desktop\CSIR_4PI\Medical-Segmentation\dataset\images\image_000397.png,C:\Users\HP Omen\Desktop\CSIR_4PI\Medical-Segmentation\dataset\masks\mask_000397.png
image_001366.png,mask_001366.png,C:\Users\HP Omen\Desktop\CSIR_4PI\Medical-Segmentation\dataset\images\image_001366.png,C:\Users\HP Omen\Desktop\CSIR_4PI\Medical-Segmentation\dataset\masks\mask_001366.png
image_003263.png,mask_003263.png,C:\Users\HP Omen\Desktop\CSIR_4PI\Medical-Segmentation\dataset\images\image_003263.png,C:\Users\HP Omen\Desktop\CSIR_4PI\Medical-Segmentation\dataset\masks\mask_003263.png
image_001904.png,mask_001904.png,C:\Users\HP Omen\Desktop\CSIR_4PI\Medical-Segmentation\dataset\images\image_001904.png,C:\Users\HP Omen\Desktop\CSIR_4PI\Medical-Segmentation\dataset\masks\mask_001904.png
image_000596.png,mask_000596.png,C:\Users\HP Omen\Desktop\CSIR_4PI\Medical-Segmentation\dataset\images\image_000596.png,C:\Users\HP Omen\Desktop\CSIR_4PI\Medical-Segmentation\dataset\masks\mask_000596.png
image_002110.png,mask_002110.png,C:\Users\HP Omen\Desktop\CSIR_4PI\Medical-Segmentation\dataset\images\image_002110.png,C:\Users\HP Omen\Desktop\CSIR_4PI\Medical-Segmentation\dataset\masks\mask_002110.png
image_001297.png,mask_001297.png,C:\Users\HP Omen\Desktop\CSIR_4PI\Medical-Segmentation\dataset\images\image_001297.png,C:\Users\HP Omen\Desktop\CSIR_4PI\Medical-Segmentation\dataset\masks\mask_001297.png
image_001822.png,mask_001822.png,C:\Users\HP Omen\Desktop\CSIR_4PI\Medical-Segmentation\dataset\images\image_001822.png,C:\Users\HP Omen\Desktop\CSIR_4PI\Medical-Segmentation\dataset\masks\mask_001822.png
image_000873.png,mask_000873.png,C:\Users\HP Omen\Desktop\CSIR_4PI\Medical-Segmentation\dataset\images\image_000873.png,C:\Users\HP Omen\Desktop\CSIR_4PI\Medical-Segmentation\dataset\masks\mask_000873.png
image_003392.png,mask_003392.png,C:\Users\HP Omen\Desktop\CSIR_4PI\Medical-Segmentation\dataset\images\image_003392.png,C:\Users\HP Omen\Desktop\CSIR_4PI\Medical-Segmentation\dataset\masks\mask_003392.png
image_003810.png,mask_003810.png,C:\Users\HP Omen\Desktop\CSIR_4PI\Medical-Segmentation\dataset\images\image_003810.png,C:\Users\HP Omen\Desktop\CSIR_4PI\Medical-Segmentation\dataset\masks\mask_003810.png
image_002327.png,mask_002327.png,C:\Users\HP Omen\Desktop\CSIR_4PI\Medical-Segmentation\dataset\images\image_002327.png,C:\Users\HP Omen\Desktop\CSIR_4PI\Medical-Segmentation\dataset\masks\mask_002327.png
image_001549.png,mask_001549.png,C:\Users\HP Omen\Desktop\CSIR_4PI\Medical-Segmentation\dataset\images\image_001549.png,C:\Users\HP Omen\Desktop\CSIR_4PI\Medical-Segmentation\dataset\masks\mask_001549.png
image_000037.png,mask_000037.png,C:\Users\HP Omen\Desktop\CSIR_4PI\Medical-Segmentation\dataset\images\image_000037.png,C:\Users\HP Omen\Desktop\CSIR_4PI\Medical-Segmentation\dataset\masks\mask_000037.png
image_002711.png,mask_002711.png,C:\Users\HP Omen\Desktop\CSIR_4PI\Medical-Segmentation\dataset\images\image_002711.png,C:\Users\HP Omen\Desktop\CSIR_4PI\Medical-Segmentation\dataset\masks\mask_002711.png
image_003559.png,mask_003559.png,C:\Users\HP Omen\Desktop\CSIR_4PI\Medical-Segmentation\dataset\images\image_003559.png,C:\Users\HP Omen\Desktop\CSIR_4PI\Medical-Segmentation\dataset\masks\mask_003559.png
image_002144.png,mask_002144.png,C:\Users\HP Omen\Desktop\CSIR_4PI\Medical-Segmentation\dataset\images\image_002144.png,C:\Users\HP Omen\Desktop\CSIR_4PI\Medical-Segmentation\dataset\masks\mask_002144.png
image_003340.png,mask_003340.png,C:\Users\HP Omen\Desktop\CSIR_4PI\Medical-Segmentation\dataset\images\image_003340.png,C:\Users\HP Omen\Desktop\CSIR_4PI\Medical-Segmentation\dataset\masks\mask_003340.png
image_000978.png,mask_000978.png,C:\Users\HP Omen\Desktop\CSIR_4PI\Medical-Segmentation\dataset\images\image_000978.png,C:\Users\HP Omen\Desktop\CSIR_4PI\Medical-Segmentation\dataset\masks\mask_000978.png
image_001572.png,mask_001572.png,C:\Users\HP Omen\Desktop\CSIR_4PI\Medical-Segmentation\dataset\images\image_001572.png,C:\Users\HP Omen\Desktop\CSIR_4PI\Medical-Segmentation\dataset\masks\mask_001572.png
image_001123.png,mask_001123.png,C:\Users\HP Omen\Desktop\CSIR_4PI\Medical-Segmentation\dataset\images\image_001123.png,C:\Users\HP Omen\Desktop\CSIR_4PI\Medical-Segmentation\dataset\masks\mask_001123.png
image_002787.png,mask_002787.png,C:\Users\HP Omen\Desktop\CSIR_4PI\Medical-Segmentation\dataset\images\image_002787.png,C:\Users\HP Omen\Desktop\CSIR_4PI\Medical-Segmentation\dataset\masks\mask_002787.png
image_002240.png,mask_002240.png,C:\Users\HP Omen\Desktop\CSIR_4PI\Medical-Segmentation\dataset\images\image_002240.png,C:\Users\HP Omen\Desktop\CSIR_4PI\Medical-Segmentation\dataset\masks\mask_002240.png
image_002968.png,mask_002968.png,C:\Users\HP Omen\Desktop\CSIR_4PI\Medical-Segmentation\dataset\images\image_002968.png,C:\Users\HP Omen\Desktop\CSIR_4PI\Medical-Segmentation\dataset\masks\mask_002968.png
image_002505.png,mask_002505.png,C:\Users\HP Omen\Desktop\CSIR_4PI\Medical-Segmentation\dataset\images\image_002505.png,C:\Users\HP Omen\Desktop\CSIR_4PI\Medical-Segmentation\dataset\masks\mask_002505.png
image_001893.png,mask_001893.png,C:\Users\HP Omen\Desktop\CSIR_4PI\Medical-Segmentation\dataset\images\image_001893.png,C:\Users\HP Omen\Desktop\CSIR_4PI\Medical-Segmentation\dataset\masks\mask_001893.png
image_000676.png,mask_000676.png,C:\Users\HP Omen\Desktop\CSIR_4PI\Medical-Segmentation\dataset\images\image_000676.png,C:\Users\HP Omen\Desktop\CSIR_4PI\Medical-Segmentation\dataset\masks\mask_000676.png
image_002809.png,mask_002809.png,C:\Users\HP Omen\Desktop\CSIR_4PI\Medical-Segmentation\dataset\images\image_002809.png,C:\Users\HP Omen\Desktop\CSIR_4PI\Medical-Segmentation\dataset\masks\mask_002809.png
image_003069.png,mask_003069.png,C:\Users\HP Omen\Desktop\CSIR_4PI\Medical-Segmentation\dataset\images\image_003069.png,C:\Users\HP Omen\Desktop\CSIR_4PI\Medical-Segmentation\dataset\masks\mask_003069.png
image_000729.png,mask_000729.png,C:\Users\HP Omen\Desktop\CSIR_4PI\Medical-Segmentation\dataset\images\image_000729.png,C:\Users\HP Omen\Desktop\CSIR_4PI\Medical-Segmentation\dataset\masks\mask_000729.png
image_000413.png,mask_000413.png,C:\Users\HP Omen\Desktop\CSIR_4PI\Medical-Segmentation\dataset\images\image_000413.png,C:\Users\HP Omen\Desktop\CSIR_4PI\Medical-Segmentation\dataset\masks\mask_000413.png
image_003147.png,mask_003147.png,C:\Users\HP Omen\Desktop\CSIR_4PI\Medical-Segmentation\dataset\images\image_003147.png,C:\Users\HP Omen\Desktop\CSIR_4PI\Medical-Segmentation\dataset\masks\mask_003147.png
image_001517.png,mask_001517.png,C:\Users\HP Omen\Desktop\CSIR_4PI\Medical-Segmentation\dataset\images\image_001517.png,C:\Users\HP Omen\Desktop\CSIR_4PI\Medical-Segmentation\dataset\masks\mask_001517.png
image_001650.png,mask_001650.png,C:\Users\HP Omen\Desktop\CSIR_4PI\Medical-Segmentation\dataset\images\image_001650.png,C:\Users\HP Omen\Desktop\CSIR_4PI\Medical-Segmentation\dataset\masks\mask_001650.png
image_000826.png,mask_000826.png,C:\Users\HP Omen\Desktop\CSIR_4PI\Medical-Segmentation\dataset\images\image_000826.png,C:\Users\HP Omen\Desktop\CSIR_4PI\Medical-Segmentation\dataset\masks\mask_000826.png
image_003268.png,mask_003268.png,C:\Users\HP Omen\Desktop\CSIR_4PI\Medical-Segmentation\dataset\images\image_003268.png,C:\Users\HP Omen\Desktop\CSIR_4PI\Medical-Segmentation\dataset\masks\mask_003268.png
image_000617.png,mask_000617.png,C:\Users\HP Omen\Desktop\CSIR_4PI\Medical-Segmentation\dataset\images\image_000617.png,C:\Users\HP Omen\Desktop\CSIR_4PI\Medical-Segmentation\dataset\masks\mask_000617.png
image_000115.png,mask_000115.png,C:\Users\HP Omen\Desktop\CSIR_4PI\Medical-Segmentation\dataset\images\image_000115.png,C:\Users\HP Omen\Desktop\CSIR_4PI\Medical-Segmentation\dataset\masks\mask_000115.png
image_000418.png,mask_000418.png,C:\Users\HP Omen\Desktop\CSIR_4PI\Medical-Segmentation\dataset\images\image_000418.png,C:\Users\HP Omen\Desktop\CSIR_4PI\Medical-Segmentation\dataset\masks\mask_000418.png
image_003070.png,mask_003070.png,C:\Users\HP Omen\Desktop\CSIR_4PI\Medical-Segmentation\dataset\images\image_003070.png,C:\Users\HP Omen\Desktop\CSIR_4PI\Medical-Segmentation\dataset\masks\mask_003070.png
image_001626.png,mask_001626.png,C:\Users\HP Omen\Desktop\CSIR_4PI\Medical-Segmentation\dataset\images\image_001626.png,C:\Users\HP Omen\Desktop\CSIR_4PI\Medical-Segmentation\dataset\masks\mask_001626.png
image_003018.png,mask_003018.png,C:\Users\HP Omen\Desktop\CSIR_4PI\Medical-Segmentation\dataset\images\image_003018.png,C:\Users\HP Omen\Desktop\CSIR_4PI\Medical-Segmentation\dataset\masks\mask_003018.png
image_002653.png,mask_002653.png,C:\Users\HP Omen\Desktop\CSIR_4PI\Medical-Segmentation\dataset\images\image_002653.png,C:\Users\HP Omen\Desktop\CSIR_4PI\Medical-Segmentation\dataset\masks\mask_002653.png
image_003847.png,mask_003847.png,C:\Users\HP Omen\Desktop\CSIR_4PI\Medical-Segmentation\dataset\images\image_003847.png,C:\Users\HP Omen\Desktop\CSIR_4PI\Medical-Segmentation\dataset\masks\mask_003847.png
image_000090.png,mask_000090.png,C:\Users\HP Omen\Desktop\CSIR_4PI\Medical-Segmentation\dataset\images\image_000090.png,C:\Users\HP Omen\Desktop\CSIR_4PI\Medical-Segmentation\dataset\masks\mask_000090.png
image_002897.png,mask_002897.png,C:\Users\HP Omen\Desktop\CSIR_4PI\Medical-Segmentation\dataset\images\image_002897.png,C:\Users\HP Omen\Desktop\CSIR_4PI\Medical-Segmentation\dataset\masks\mask_002897.png
image_003423.png,mask_003423.png,C:\Users\HP Omen\Desktop\CSIR_4PI\Medical-Segmentation\dataset\images\image_003423.png,C:\Users\HP Omen\Desktop\CSIR_4PI\Medical-Segmentation\dataset\masks\mask_003423.png
image_002083.png,mask_002083.png,C:\Users\HP Omen\Desktop\CSIR_4PI\Medical-Segmentation\dataset\images\image_002083.png,C:\Users\HP Omen\Desktop\CSIR_4PI\Medical-Segmentation\dataset\masks\mask_002083.png
image_000754.png,mask_000754.png,C:\Users\HP Omen\Desktop\CSIR_4PI\Medical-Segmentation\dataset\images\image_000754.png,C:\Users\HP Omen\Desktop\CSIR_4PI\Medical-Segmentation\dataset\masks\mask_000754.png
image_002547.png,mask_002547.png,C:\Users\HP Omen\Desktop\CSIR_4PI\Medical-Segmentation\dataset\images\image_002547.png,C:\Users\HP Omen\Desktop\CSIR_4PI\Medical-Segmentation\dataset\masks\mask_002547.png
image_001631.png,mask_001631.png,C:\Users\HP Omen\Desktop\CSIR_4PI\Medical-Segmentation\dataset\images\image_001631.png,C:\Users\HP Omen\Desktop\CSIR_4PI\Medical-Segmentation\dataset\masks\mask_001631.png
image_000012.png,mask_000012.png,C:\Users\HP Omen\Desktop\CSIR_4PI\Medical-Segmentation\dataset\images\image_000012.png,C:\Users\HP Omen\Desktop\CSIR_4PI\Medical-Segmentation\dataset\masks\mask_000012.png
image_002445.png,mask_002445.png,C:\Users\HP Omen\Desktop\CSIR_4PI\Medical-Segmentation\dataset\images\image_002445.png,C:\Users\HP Omen\Desktop\CSIR_4PI\Medical-Segmentation\dataset\masks\mask_002445.png
image_000285.png,mask_000285.png,C:\Users\HP Omen\Desktop\CSIR_4PI\Medical-Segmentation\dataset\images\image_000285.png,C:\Users\HP Omen\Desktop\CSIR_4PI\Medical-Segmentation\dataset\masks\mask_000285.png
image_001067.png,mask_001067.png,C:\Users\HP Omen\Desktop\CSIR_4PI\Medical-Segmentation\dataset\images\image_001067.png,C:\Users\HP Omen\Desktop\CSIR_4PI\Medical-Segmentation\dataset\masks\mask_001067.png
image_001192.png,mask_001192.png,C:\Users\HP Omen\Desktop\CSIR_4PI\Medical-Segmentation\dataset\images\image_001192.png,C:\Users\HP Omen\Desktop\CSIR_4PI\Medical-Segmentation\dataset\masks\mask_001192.png
image_001441.png,mask_001441.png,C:\Users\HP Omen\Desktop\CSIR_4PI\Medical-Segmentation\dataset\images\image_001441.png,C:\Users\HP Omen\Desktop\CSIR_4PI\Medical-Segmentation\dataset\masks\mask_001441.png
image_003673.png,mask_003673.png,C:\Users\HP Omen\Desktop\CSIR_4PI\Medical-Segmentation\dataset\images\image_003673.png,C:\Users\HP Omen\Desktop\CSIR_4PI\Medical-Segmentation\dataset\masks\mask_003673.png
image_003668.png,mask_003668.png,C:\Users\HP Omen\Desktop\CSIR_4PI\Medical-Segmentation\dataset\images\image_003668.png,C:\Users\HP Omen\Desktop\CSIR_4PI\Medical-Segmentation\dataset\masks\mask_003668.png
image_002739.png,mask_002739.png,C:\Users\HP Omen\Desktop\CSIR_4PI\Medical-Segmentation\dataset\images\image_002739.png,C:\Users\HP Omen\Desktop\CSIR_4PI\Medical-Segmentation\dataset\masks\mask_002739.png
image_003546.png,mask_003546.png,C:\Users\HP Omen\Desktop\CSIR_4PI\Medical-Segmentation\dataset\images\image_003546.png,C:\Users\HP Omen\Desktop\CSIR_4PI\Medical-Segmentation\dataset\masks\mask_003546.png
image_001569.png,mask_001569.png,C:\Users\HP Omen\Desktop\CSIR_4PI\Medical-Segmentation\dataset\images\image_001569.png,C:\Users\HP Omen\Desktop\CSIR_4PI\Medical-Segmentation\dataset\masks\mask_001569.png
image_002428.png,mask_002428.png,C:\Users\HP Omen\Desktop\CSIR_4PI\Medical-Segmentation\dataset\images\image_002428.png,C:\Users\HP Omen\Desktop\CSIR_4PI\Medical-Segmentation\dataset\masks\mask_002428.png
image_002738.png,mask_002738.png,C:\Users\HP Omen\Desktop\CSIR_4PI\Medical-Segmentation\dataset\images\image_002738.png,C:\Users\HP Omen\Desktop\CSIR_4PI\Medical-Segmentation\dataset\masks\mask_002738.png
image_003595.png,mask_003595.png,C:\Users\HP Omen\Desktop\CSIR_4PI\Medical-Segmentation\dataset\images\image_003595.png,C:\Users\HP Omen\Desktop\CSIR_4PI\Medical-Segmentation\dataset\masks\mask_003595.png
image_001688.png,mask_001688.png,C:\Users\HP Omen\Desktop\CSIR_4PI\Medical-Segmentation\dataset\images\image_001688.png,C:\Users\HP Omen\Desktop\CSIR_4PI\Medical-Segmentation\dataset\masks\mask_001688.png
image_000852.png,mask_000852.png,C:\Users\HP Omen\Desktop\CSIR_4PI\Medical-Segmentation\dataset\images\image_000852.png,C:\Users\HP Omen\Desktop\CSIR_4PI\Medical-Segmentation\dataset\masks\mask_000852.png
image_002208.png,mask_002208.png,C:\Users\HP Omen\Desktop\CSIR_4PI\Medical-Segmentation\dataset\images\image_002208.png,C:\Users\HP Omen\Desktop\CSIR_4PI\Medical-Segmentation\dataset\masks\mask_002208.png
image_000896.png,mask_000896.png,C:\Users\HP Omen\Desktop\CSIR_4PI\Medical-Segmentation\dataset\images\image_000896.png,C:\Users\HP Omen\Desktop\CSIR_4PI\Medical-Segmentation\dataset\masks\mask_000896.png
image_000497.png,mask_000497.png,C:\Users\HP Omen\Desktop\CSIR_4PI\Medical-Segmentation\dataset\images\image_000497.png,C:\Users\HP Omen\Desktop\CSIR_4PI\Medical-Segmentation\dataset\masks\mask_000497.png
image_002306.png,mask_002306.png,C:\Users\HP Omen\Desktop\CSIR_4PI\Medical-Segmentation\dataset\images\image_002306.png,C:\Users\HP Omen\Desktop\CSIR_4PI\Medical-Segmentation\dataset\masks\mask_002306.png
image_001783.png,mask_001783.png,C:\Users\HP Omen\Desktop\CSIR_4PI\Medical-Segmentation\dataset\images\image_001783.png,C:\Users\HP Omen\Desktop\CSIR_4PI\Medical-Segmentation\dataset\masks\mask_001783.png
image_000336.png,mask_000336.png,C:\Users\HP Omen\Desktop\CSIR_4PI\Medical-Segmentation\dataset\images\image_000336.png,C:\Users\HP Omen\Desktop\CSIR_4PI\Medical-Segmentation\dataset\masks\mask_000336.png
image_002840.png,mask_002840.png,C:\Users\HP Omen\Desktop\CSIR_4PI\Medical-Segmentation\dataset\images\image_002840.png,C:\Users\HP Omen\Desktop\CSIR_4PI\Medical-Segmentation\dataset\masks\mask_002840.png
image_003088.png,mask_003088.png,C:\Users\HP Omen\Desktop\CSIR_4PI\Medical-Segmentation\dataset\images\image_003088.png,C:\Users\HP Omen\Desktop\CSIR_4PI\Medical-Segmentation\dataset\masks\mask_003088.png
image_000516.png,mask_000516.png,C:\Users\HP Omen\Desktop\CSIR_4PI\Medical-Segmentation\dataset\images\image_000516.png,C:\Users\HP Omen\Desktop\CSIR_4PI\Medical-Segmentation\dataset\masks\mask_000516.png
image_001349.png,mask_001349.png,C:\Users\HP Omen\Desktop\CSIR_4PI\Medical-Segmentation\dataset\images\image_001349.png,C:\Users\HP Omen\Desktop\CSIR_4PI\Medical-Segmentation\dataset\masks\mask_001349.png
image_001016.png,mask_001016.png,C:\Users\HP Omen\Desktop\CSIR_4PI\Medical-Segmentation\dataset\images\image_001016.png,C:\Users\HP Omen\Desktop\CSIR_4PI\Medical-Segmentation\dataset\masks\mask_001016.png
image_002817.png,mask_002817.png,C:\Users\HP Omen\Desktop\CSIR_4PI\Medical-Segmentation\dataset\images\image_002817.png,C:\Users\HP Omen\Desktop\CSIR_4PI\Medical-Segmentation\dataset\masks\mask_002817.png
image_003681.png,mask_003681.png,C:\Users\HP Omen\Desktop\CSIR_4PI\Medical-Segmentation\dataset\images\image_003681.png,C:\Users\HP Omen\Desktop\CSIR_4PI\Medical-Segmentation\dataset\masks\mask_003681.png
image_003675.png,mask_003675.png,C:\Users\HP Omen\Desktop\CSIR_4PI\Medical-Segmentation\dataset\images\image_003675.png,C:\Users\HP Omen\Desktop\CSIR_4PI\Medical-Segmentation\dataset\masks\mask_003675.png
image_002810.png,mask_002810.png,C:\Users\HP Omen\Desktop\CSIR_4PI\Medical-Segmentation\dataset\images\image_002810.png,C:\Users\HP Omen\Desktop\CSIR_4PI\Medical-Segmentation\dataset\masks\mask_002810.png
image_003295.png,mask_003295.png,C:\Users\HP Omen\Desktop\CSIR_4PI\Medical-Segmentation\dataset\images\image_003295.png,C:\Users\HP Omen\Desktop\CSIR_4PI\Medical-Segmentation\dataset\masks\mask_003295.png
image_003252.png,mask_003252.png,C:\Users\HP Omen\Desktop\CSIR_4PI\Medical-Segmentation\dataset\images\image_003252.png,C:\Users\HP Omen\Desktop\CSIR_4PI\Medical-Segmentation\dataset\masks\mask_003252.png
image_003364.png,mask_003364.png,C:\Users\HP Omen\Desktop\CSIR_4PI\Medical-Segmentation\dataset\images\image_003364.png,C:\Users\HP Omen\Desktop\CSIR_4PI\Medical-Segmentation\dataset\masks\mask_003364.png
image_003913.png,mask_003913.png,C:\Users\HP Omen\Desktop\CSIR_4PI\Medical-Segmentation\dataset\images\image_003913.png,C:\Users\HP Omen\Desktop\CSIR_4PI\Medical-Segmentation\dataset\masks\mask_003913.png
image_001782.png,mask_001782.png,C:\Users\HP Omen\Desktop\CSIR_4PI\Medical-Segmentation\dataset\images\image_001782.png,C:\Users\HP Omen\Desktop\CSIR_4PI\Medical-Segmentation\dataset\masks\mask_001782.png
image_002570.png,mask_002570.png,C:\Users\HP Omen\Desktop\CSIR_4PI\Medical-Segmentation\dataset\images\image_002570.png,C:\Users\HP Omen\Desktop\CSIR_4PI\Medical-Segmentation\dataset\masks\mask_002570.png
image_001786.png,mask_001786.png,C:\Users\HP Omen\Desktop\CSIR_4PI\Medical-Segmentation\dataset\images\image_001786.png,C:\Users\HP Omen\Desktop\CSIR_4PI\Medical-Segmentation\dataset\masks\mask_001786.png
image_002071.png,mask_002071.png,C:\Users\HP Omen\Desktop\CSIR_4PI\Medical-Segmentation\dataset\images\image_002071.png,C:\Users\HP Omen\Desktop\CSIR_4PI\Medical-Segmentation\dataset\masks\mask_002071.png
image_000357.png,mask_000357.png,C:\Users\HP Omen\Desktop\CSIR_4PI\Medical-Segmentation\dataset\images\image_000357.png,C:\Users\HP Omen\Desktop\CSIR_4PI\Medical-Segmentation\dataset\masks\mask_000357.png
image_003737.png,mask_003737.png,C:\Users\HP Omen\Desktop\CSIR_4PI\Medical-Segmentation\dataset\images\image_003737.png,C:\Users\HP Omen\Desktop\CSIR_4PI\Medical-Segmentation\dataset\masks\mask_003737.png
image_001313.png,mask_001313.png,C:\Users\HP Omen\Desktop\CSIR_4PI\Medical-Segmentation\dataset\images\image_001313.png,C:\Users\HP Omen\Desktop\CSIR_4PI\Medical-Segmentation\dataset\masks\mask_001313.png
image_001636.png,mask_001636.png,C:\Users\HP Omen\Desktop\CSIR_4PI\Medical-Segmentation\dataset\images\image_001636.png,C:\Users\HP Omen\Desktop\CSIR_4PI\Medical-Segmentation\dataset\masks\mask_001636.png
image_000551.png,mask_000551.png,C:\Users\HP Omen\Desktop\CSIR_4PI\Medical-Segmentation\dataset\images\image_000551.png,C:\Users\HP Omen\Desktop\CSIR_4PI\Medical-Segmentation\dataset\masks\mask_000551.png
image_002389.png,mask_002389.png,C:\Users\HP Omen\Desktop\CSIR_4PI\Medical-Segmentation\dataset\images\image_002389.png,C:\Users\HP Omen\Desktop\CSIR_4PI\Medical-Segmentation\dataset\masks\mask_002389.png
image_002480.png,mask_002480.png,C:\Users\HP Omen\Desktop\CSIR_4PI\Medical-Segmentation\dataset\images\image_002480.png,C:\Users\HP Omen\Desktop\CSIR_4PI\Medical-Segmentation\dataset\masks\mask_002480.png
image_002522.png,mask_002522.png,C:\Users\HP Omen\Desktop\CSIR_4PI\Medical-Segmentation\dataset\images\image_002522.png,C:\Users\HP Omen\Desktop\CSIR_4PI\Medical-Segmentation\dataset\masks\mask_002522.png
image_002266.png,mask_002266.png,C:\Users\HP Omen\Desktop\CSIR_4PI\Medical-Segmentation\dataset\images\image_002266.png,C:\Users\HP Omen\Desktop\CSIR_4PI\Medical-Segmentation\dataset\masks\mask_002266.png
image_002960.png,mask_002960.png,C:\Users\HP Omen\Desktop\CSIR_4PI\Medical-Segmentation\dataset\images\image_002960.png,C:\Users\HP Omen\Desktop\CSIR_4PI\Medical-Segmentation\dataset\masks\mask_002960.png
image_001228.png,mask_001228.png,C:\Users\HP Omen\Desktop\CSIR_4PI\Medical-Segmentation\dataset\images\image_001228.png,C:\Users\HP Omen\Desktop\CSIR_4PI\Medical-Segmentation\dataset\masks\mask_001228.png
image_003507.png,mask_003507.png,C:\Users\HP Omen\Desktop\CSIR_4PI\Medical-Segmentation\dataset\images\image_003507.png,C:\Users\HP Omen\Desktop\CSIR_4PI\Medical-Segmentation\dataset\masks\mask_003507.png
image_003060.png,mask_003060.png,C:\Users\HP Omen\Desktop\CSIR_4PI\Medical-Segmentation\dataset\images\image_003060.png,C:\Users\HP Omen\Desktop\CSIR_4PI\Medical-Segmentation\dataset\masks\mask_003060.png
image_000958.png,mask_000958.png,C:\Users\HP Omen\Desktop\CSIR_4PI\Medical-Segmentation\dataset\images\image_000958.png,C:\Users\HP Omen\Desktop\CSIR_4PI\Medical-Segmentation\dataset\masks\mask_000958.png
image_001774.png,mask_001774.png,C:\Users\HP Omen\Desktop\CSIR_4PI\Medical-Segmentation\dataset\images\image_001774.png,C:\Users\HP Omen\Desktop\CSIR_4PI\Medical-Segmentation\dataset\masks\mask_001774.png
image_002142.png,mask_002142.png,C:\Users\HP Omen\Desktop\CSIR_4PI\Medical-Segmentation\dataset\images\image_002142.png,C:\Users\HP Omen\Desktop\CSIR_4PI\Medical-Segmentation\dataset\masks\mask_002142.png
image_001009.png,mask_001009.png,C:\Users\HP Omen\Desktop\CSIR_4PI\Medical-Segmentation\dataset\images\image_001009.png,C:\Users\HP Omen\Desktop\CSIR_4PI\Medical-Segmentation\dataset\masks\mask_001009.png
image_003119.png,mask_003119.png,C:\Users\HP Omen\Desktop\CSIR_4PI\Medical-Segmentation\dataset\images\image_003119.png,C:\Users\HP Omen\Desktop\CSIR_4PI\Medical-Segmentation\dataset\masks\mask_003119.png
image_001093.png,mask_001093.png,C:\Users\HP Omen\Desktop\CSIR_4PI\Medical-Segmentation\dataset\images\image_001093.png,C:\Users\HP Omen\Desktop\CSIR_4PI\Medical-Segmentation\dataset\masks\mask_001093.png
image_003498.png,mask_003498.png,C:\Users\HP Omen\Desktop\CSIR_4PI\Medical-Segmentation\dataset\images\image_003498.png,C:\Users\HP Omen\Desktop\CSIR_4PI\Medical-Segmentation\dataset\masks\mask_003498.png
image_002745.png,mask_002745.png,C:\Users\HP Omen\Desktop\CSIR_4PI\Medical-Segmentation\dataset\images\image_002745.png,C:\Users\HP Omen\Desktop\CSIR_4PI\Medical-Segmentation\dataset\masks\mask_002745.png
image_003724.png,mask_003724.png,C:\Users\HP Omen\Desktop\CSIR_4PI\Medical-Segmentation\dataset\images\image_003724.png,C:\Users\HP Omen\Desktop\CSIR_4PI\Medical-Segmentation\dataset\masks\mask_003724.png
image_000997.png,mask_000997.png,C:\Users\HP Omen\Desktop\CSIR_4PI\Medical-Segmentation\dataset\images\image_000997.png,C:\Users\HP Omen\Desktop\CSIR_4PI\Medical-Segmentation\dataset\masks\mask_000997.png
image_001680.png,mask_001680.png,C:\Users\HP Omen\Desktop\CSIR_4PI\Medical-Segmentation\dataset\images\image_001680.png,C:\Users\HP Omen\Desktop\CSIR_4PI\Medical-Segmentation\dataset\masks\mask_001680.png
image_000154.png,mask_000154.png,C:\Users\HP Omen\Desktop\CSIR_4PI\Medical-Segmentation\dataset\images\image_000154.png,C:\Users\HP Omen\Desktop\CSIR_4PI\Medical-Segmentation\dataset\masks\mask_000154.png
image_003148.png,mask_003148.png,C:\Users\HP Omen\Desktop\CSIR_4PI\Medical-Segmentation\dataset\images\image_003148.png,C:\Users\HP Omen\Desktop\CSIR_4PI\Medical-Segmentation\dataset\masks\mask_003148.png
image_003771.png,mask_003771.png,C:\Users\HP Omen\Desktop\CSIR_4PI\Medical-Segmentation\dataset\images\image_003771.png,C:\Users\HP Omen\Desktop\CSIR_4PI\Medical-Segmentation\dataset\masks\mask_003771.png
image_002909.png,mask_002909.png,C:\Users\HP Omen\Desktop\CSIR_4PI\Medical-Segmentation\dataset\images\image_002909.png,C:\Users\HP Omen\Desktop\CSIR_4PI\Medical-Segmentation\dataset\masks\mask_002909.png
image_002838.png,mask_002838.png,C:\Users\HP Omen\Desktop\CSIR_4PI\Medical-Segmentation\dataset\images\image_002838.png,C:\Users\HP Omen\Desktop\CSIR_4PI\Medical-Segmentation\dataset\masks\mask_002838.png
image_000581.png,mask_000581.png,C:\Users\HP Omen\Desktop\CSIR_4PI\Medical-Segmentation\dataset\images\image_000581.png,C:\Users\HP Omen\Desktop\CSIR_4PI\Medical-Segmentation\dataset\masks\mask_000581.png
image_001471.png,mask_001471.png,C:\Users\HP Omen\Desktop\CSIR_4PI\Medical-Segmentation\dataset\images\image_001471.png,C:\Users\HP Omen\Desktop\CSIR_4PI\Medical-Segmentation\dataset\masks\mask_001471.png
image_000704.png,mask_000704.png,C:\Users\HP Omen\Desktop\CSIR_4PI\Medical-Segmentation\dataset\images\image_000704.png,C:\Users\HP Omen\Desktop\CSIR_4PI\Medical-Segmentation\dataset\masks\mask_000704.png
image_001213.png,mask_001213.png,C:\Users\HP Omen\Desktop\CSIR_4PI\Medical-Segmentation\dataset\images\image_001213.png,C:\Users\HP Omen\Desktop\CSIR_4PI\Medical-Segmentation\dataset\masks\mask_001213.png
image_003344.png,mask_003344.png,C:\Users\HP Omen\Desktop\CSIR_4PI\Medical-Segmentation\dataset\images\image_003344.png,C:\Users\HP Omen\Desktop\CSIR_4PI\Medical-Segmentation\dataset\masks\mask_003344.png
image_000897.png,mask_000897.png,C:\Users\HP Omen\Desktop\CSIR_4PI\Medical-Segmentation\dataset\images\image_000897.png,C:\Users\HP Omen\Desktop\CSIR_4PI\Medical-Segmentation\dataset\masks\mask_000897.png
image_003309.png,mask_003309.png,C:\Users\HP Omen\Desktop\CSIR_4PI\Medical-Segmentation\dataset\images\image_003309.png,C:\Users\HP Omen\Desktop\CSIR_4PI\Medical-Segmentation\dataset\masks\mask_003309.png
image_000488.png,mask_000488.png,C:\Users\HP Omen\Desktop\CSIR_4PI\Medical-Segmentation\dataset\images\image_000488.png,C:\Users\HP Omen\Desktop\CSIR_4PI\Medical-Segmentation\dataset\masks\mask_000488.png
image_000560.png,mask_000560.png,C:\Users\HP Omen\Desktop\CSIR_4PI\Medical-Segmentation\dataset\images\image_000560.png,C:\Users\HP Omen\Desktop\CSIR_4PI\Medical-Segmentation\dataset\masks\mask_000560.png
image_001142.png,mask_001142.png,C:\Users\HP Omen\Desktop\CSIR_4PI\Medical-Segmentation\dataset\images\image_001142.png,C:\Users\HP Omen\Desktop\CSIR_4PI\Medical-Segmentation\dataset\masks\mask_001142.png
image_001120.png,mask_001120.png,C:\Users\HP Omen\Desktop\CSIR_4PI\Medical-Segmentation\dataset\images\image_001120.png,C:\Users\HP Omen\Desktop\CSIR_4PI\Medical-Segmentation\dataset\masks\mask_001120.png
image_002850.png,mask_002850.png,C:\Users\HP Omen\Desktop\CSIR_4PI\Medical-Segmentation\dataset\images\image_002850.png,C:\Users\HP Omen\Desktop\CSIR_4PI\Medical-Segmentation\dataset\masks\mask_002850.png
image_000513.png,mask_000513.png,C:\Users\HP Omen\Desktop\CSIR_4PI\Medical-Segmentation\dataset\images\image_000513.png,C:\Users\HP Omen\Desktop\CSIR_4PI\Medical-Segmentation\dataset\masks\mask_000513.png
image_000634.png,mask_000634.png,C:\Users\HP Omen\Desktop\CSIR_4PI\Medical-Segmentation\dataset\images\image_000634.png,C:\Users\HP Omen\Desktop\CSIR_4PI\Medical-Segmentation\dataset\masks\mask_000634.png
image_003378.png,mask_003378.png,C:\Users\HP Omen\Desktop\CSIR_4PI\Medical-Segmentation\dataset\images\image_003378.png,C:\Users\HP Omen\Desktop\CSIR_4PI\Medical-Segmentation\dataset\masks\mask_003378.png
image_001665.png,mask_001665.png,C:\Users\HP Omen\Desktop\CSIR_4PI\Medical-Segmentation\dataset\images\image_001665.png,C:\Users\HP Omen\Desktop\CSIR_4PI\Medical-Segmentation\dataset\masks\mask_001665.png
image_001013.png,mask_001013.png,C:\Users\HP Omen\Desktop\CSIR_4PI\Medical-Segmentation\dataset\images\image_001013.png,C:\Users\HP Omen\Desktop\CSIR_4PI\Medical-Segmentation\dataset\masks\mask_001013.png
image_001932.png,mask_001932.png,C:\Users\HP Omen\Desktop\CSIR_4PI\Medical-Segmentation\dataset\images\image_001932.png,C:\Users\HP Omen\Desktop\CSIR_4PI\Medical-Segmentation\dataset\masks\mask_001932.png
image_001151.png,mask_001151.png,C:\Users\HP Omen\Desktop\CSIR_4PI\Medical-Segmentation\dataset\images\image_001151.png,C:\Users\HP Omen\Desktop\CSIR_4PI\Medical-Segmentation\dataset\masks\mask_001151.png
image_002839.png,mask_002839.png,C:\Users\HP Omen\Desktop\CSIR_4PI\Medical-Segmentation\dataset\images\image_002839.png,C:\Users\HP Omen\Desktop\CSIR_4PI\Medical-Segmentation\dataset\masks\mask_002839.png
image_003677.png,mask_003677.png,C:\Users\HP Omen\Desktop\CSIR_4PI\Medical-Segmentation\dataset\images\image_003677.png,C:\Users\HP Omen\Desktop\CSIR_4PI\Medical-Segmentation\dataset\masks\mask_003677.png
image_000117.png,mask_000117.png,C:\Users\HP Omen\Desktop\CSIR_4PI\Medical-Segmentation\dataset\images\image_000117.png,C:\Users\HP Omen\Desktop\CSIR_4PI\Medical-Segmentation\dataset\masks\mask_000117.png
image_000741.png,mask_000741.png,C:\Users\HP Omen\Desktop\CSIR_4PI\Medical-Segmentation\dataset\images\image_000741.png,C:\Users\HP Omen\Desktop\CSIR_4PI\Medical-Segmentation\dataset\masks\mask_000741.png
image_003616.png,mask_003616.png,C:\Users\HP Omen\Desktop\CSIR_4PI\Medical-Segmentation\dataset\images\image_003616.png,C:\Users\HP Omen\Desktop\CSIR_4PI\Medical-Segmentation\dataset\masks\mask_003616.png
image_001975.png,mask_001975.png,C:\Users\HP Omen\Desktop\CSIR_4PI\Medical-Segmentation\dataset\images\image_001975.png,C:\Users\HP Omen\Desktop\CSIR_4PI\Medical-Segmentation\dataset\masks\mask_001975.png
image_001082.png,mask_001082.png,C:\Users\HP Omen\Desktop\CSIR_4PI\Medical-Segmentation\dataset\images\image_001082.png,C:\Users\HP Omen\Desktop\CSIR_4PI\Medical-Segmentation\dataset\masks\mask_001082.png
image_001811.png,mask_001811.png,C:\Users\HP Omen\Desktop\CSIR_4PI\Medical-Segmentation\dataset\images\image_001811.png,C:\Users\HP Omen\Desktop\CSIR_4PI\Medical-Segmentation\dataset\masks\mask_001811.png
image_000831.png,mask_000831.png,C:\Users\HP Omen\Desktop\CSIR_4PI\Medical-Segmentation\dataset\images\image_000831.png,C:\Users\HP Omen\Desktop\CSIR_4PI\Medical-Segmentation\dataset\masks\mask_000831.png
image_000120.png,mask_000120.png,C:\Users\HP Omen\Desktop\CSIR_4PI\Medical-Segmentation\dataset\images\image_000120.png,C:\Users\HP Omen\Desktop\CSIR_4PI\Medical-Segmentation\dataset\masks\mask_000120.png
image_000657.png,mask_000657.png,C:\Users\HP Omen\Desktop\CSIR_4PI\Medical-Segmentation\dataset\images\image_000657.png,C:\Users\HP Omen\Desktop\CSIR_4PI\Medical-Segmentation\dataset\masks\mask_000657.png
image_003575.png,mask_003575.png,C:\Users\HP Omen\Desktop\CSIR_4PI\Medical-Segmentation\dataset\images\image_003575.png,C:\Users\HP Omen\Desktop\CSIR_4PI\Medical-Segmentation\dataset\masks\mask_003575.png
image_003523.png,mask_003523.png,C:\Users\HP Omen\Desktop\CSIR_4PI\Medical-Segmentation\dataset\images\image_003523.png,C:\Users\HP Omen\Desktop\CSIR_4PI\Medical-Segmentation\dataset\masks\mask_003523.png
image_003836.png,mask_003836.png,C:\Users\HP Omen\Desktop\CSIR_4PI\Medical-Segmentation\dataset\images\image_003836.png,C:\Users\HP Omen\Desktop\CSIR_4PI\Medical-Segmentation\dataset\masks\mask_003836.png
image_000636.png,mask_000636.png,C:\Users\HP Omen\Desktop\CSIR_4PI\Medical-Segmentation\dataset\images\image_000636.png,C:\Users\HP Omen\Desktop\CSIR_4PI\Medical-Segmentation\dataset\masks\mask_000636.png
image_000370.png,mask_000370.png,C:\Users\HP Omen\Desktop\CSIR_4PI\Medical-Segmentation\dataset\images\image_000370.png,C:\Users\HP Omen\Desktop\CSIR_4PI\Medical-Segmentation\dataset\masks\mask_000370.png
image_000269.png,mask_000269.png,C:\Users\HP Omen\Desktop\CSIR_4PI\Medical-Segmentation\dataset\images\image_000269.png,C:\Users\HP Omen\Desktop\CSIR_4PI\Medical-Segmentation\dataset\masks\mask_000269.png
image_002704.png,mask_002704.png,C:\Users\HP Omen\Desktop\CSIR_4PI\Medical-Segmentation\dataset\images\image_002704.png,C:\Users\HP Omen\Desktop\CSIR_4PI\Medical-Segmentation\dataset\masks\mask_002704.png
image_002984.png,mask_002984.png,C:\Users\HP Omen\Desktop\CSIR_4PI\Medical-Segmentation\dataset\images\image_002984.png,C:\Users\HP Omen\Desktop\CSIR_4PI\Medical-Segmentation\dataset\masks\mask_002984.png
image_002871.png,mask_002871.png,C:\Users\HP Omen\Desktop\CSIR_4PI\Medical-Segmentation\dataset\images\image_002871.png,C:\Users\HP Omen\Desktop\CSIR_4PI\Medical-Segmentation\dataset\masks\mask_002871.png
image_002915.png,mask_002915.png,C:\Users\HP Omen\Desktop\CSIR_4PI\Medical-Segmentation\dataset\images\image_002915.png,C:\Users\HP Omen\Desktop\CSIR_4PI\Medical-Segmentation\dataset\masks\mask_002915.png
image_000047.png,mask_000047.png,C:\Users\HP Omen\Desktop\CSIR_4PI\Medical-Segmentation\dataset\images\image_000047.png,C:\Users\HP Omen\Desktop\CSIR_4PI\Medical-Segmentation\dataset\masks\mask_000047.png
image_003636.png,mask_003636.png,C:\Users\HP Omen\Desktop\CSIR_4PI\Medical-Segmentation\dataset\images\image_003636.png,C:\Users\HP Omen\Desktop\CSIR_4PI\Medical-Segmentation\dataset\masks\mask_003636.png
image_000992.png,mask_000992.png,C:\Users\HP Omen\Desktop\CSIR_4PI\Medical-Segmentation\dataset\images\image_000992.png,C:\Users\HP Omen\Desktop\CSIR_4PI\Medical-Segmentation\dataset\masks\mask_000992.png
image_000877.png,mask_000877.png,C:\Users\HP Omen\Desktop\CSIR_4PI\Medical-Segmentation\dataset\images\image_000877.png,C:\Users\HP Omen\Desktop\CSIR_4PI\Medical-Segmentation\dataset\masks\mask_000877.png
image_000774.png,mask_000774.png,C:\Users\HP Omen\Desktop\CSIR_4PI\Medical-Segmentation\dataset\images\image_000774.png,C:\Users\HP Omen\Desktop\CSIR_4PI\Medical-Segmentation\dataset\masks\mask_000774.png
image_001220.png,mask_001220.png,C:\Users\HP Omen\Desktop\CSIR_4PI\Medical-Segmentation\dataset\images\image_001220.png,C:\Users\HP Omen\Desktop\CSIR_4PI\Medical-Segmentation\dataset\masks\mask_001220.png
image_001127.png,mask_001127.png,C:\Users\HP Omen\Desktop\CSIR_4PI\Medical-Segmentation\dataset\images\image_001127.png,C:\Users\HP Omen\Desktop\CSIR_4PI\Medical-Segmentation\dataset\masks\mask_001127.png
image_000005.png,mask_000005.png,C:\Users\HP Omen\Desktop\CSIR_4PI\Medical-Segmentation\dataset\images\image_000005.png,C:\Users\HP Omen\Desktop\CSIR_4PI\Medical-Segmentation\dataset\masks\mask_000005.png
image_003052.png,mask_003052.png,C:\Users\HP Omen\Desktop\CSIR_4PI\Medical-Segmentation\dataset\images\image_003052.png,C:\Users\HP Omen\Desktop\CSIR_4PI\Medical-Segmentation\dataset\masks\mask_003052.png
image_001596.png,mask_001596.png,C:\Users\HP Omen\Desktop\CSIR_4PI\Medical-Segmentation\dataset\images\image_001596.png,C:\Users\HP Omen\Desktop\CSIR_4PI\Medical-Segmentation\dataset\masks\mask_001596.png
image_003125.png,mask_003125.png,C:\Users\HP Omen\Desktop\CSIR_4PI\Medical-Segmentation\dataset\images\image_003125.png,C:\Users\HP Omen\Desktop\CSIR_4PI\Medical-Segmentation\dataset\masks\mask_003125.png
image_002312.png,mask_002312.png,C:\Users\HP Omen\Desktop\CSIR_4PI\Medical-Segmentation\dataset\images\image_002312.png,C:\Users\HP Omen\Desktop\CSIR_4PI\Medical-Segmentation\dataset\masks\mask_002312.png
image_003041.png,mask_003041.png,C:\Users\HP Omen\Desktop\CSIR_4PI\Medical-Segmentation\dataset\images\image_003041.png,C:\Users\HP Omen\Desktop\CSIR_4PI\Medical-Segmentation\dataset\masks\mask_003041.png
image_003762.png,mask_003762.png,C:\Users\HP Omen\Desktop\CSIR_4PI\Medical-Segmentation\dataset\images\image_003762.png,C:\Users\HP Omen\Desktop\CSIR_4PI\Medical-Segmentation\dataset\masks\mask_003762.png
image_002492.png,mask_002492.png,C:\Users\HP Omen\Desktop\CSIR_4PI\Medical-Segmentation\dataset\images\image_002492.png,C:\Users\HP Omen\Desktop\CSIR_4PI\Medical-Segmentation\dataset\masks\mask_002492.png
image_003051.png,mask_003051.png,C:\Users\HP Omen\Desktop\CSIR_4PI\Medical-Segmentation\dataset\images\image_003051.png,C:\Users\HP Omen\Desktop\CSIR_4PI\Medical-Segmentation\dataset\masks\mask_003051.png
image_001078.png,mask_001078.png,C:\Users\HP Omen\Desktop\CSIR_4PI\Medical-Segmentation\dataset\images\image_001078.png,C:\Users\HP Omen\Desktop\CSIR_4PI\Medical-Segmentation\dataset\masks\mask_001078.png
image_000838.png,mask_000838.png,C:\Users\HP Omen\Desktop\CSIR_4PI\Medical-Segmentation\dataset\images\image_000838.png,C:\Users\HP Omen\Desktop\CSIR_4PI\Medical-Segmentation\dataset\masks\mask_000838.png
image_000682.png,mask_000682.png,C:\Users\HP Omen\Desktop\CSIR_4PI\Medical-Segmentation\dataset\images\image_000682.png,C:\Users\HP Omen\Desktop\CSIR_4PI\Medical-Segmentation\dataset\masks\mask_000682.png
image_001716.png,mask_001716.png,C:\Users\HP Omen\Desktop\CSIR_4PI\Medical-Segmentation\dataset\images\image_001716.png,C:\Users\HP Omen\Desktop\CSIR_4PI\Medical-Segmentation\dataset\masks\mask_001716.png
image_002353.png,mask_002353.png,C:\Users\HP Omen\Desktop\CSIR_4PI\Medical-Segmentation\dataset\images\image_002353.png,C:\Users\HP Omen\Desktop\CSIR_4PI\Medical-Segmentation\dataset\masks\mask_002353.png
image_002618.png,mask_002618.png,C:\Users\HP Omen\Desktop\CSIR_4PI\Medical-Segmentation\dataset\images\image_002618.png,C:\Users\HP Omen\Desktop\CSIR_4PI\Medical-Segmentation\dataset\masks\mask_002618.png
image_002362.png,mask_002362.png,C:\Users\HP Omen\Desktop\CSIR_4PI\Medical-Segmentation\dataset\images\image_002362.png,C:\Users\HP Omen\Desktop\CSIR_4PI\Medical-Segmentation\dataset\masks\mask_002362.png
image_002198.png,mask_002198.png,C:\Users\HP Omen\Desktop\CSIR_4PI\Medical-Segmentation\dataset\images\image_002198.png,C:\Users\HP Omen\Desktop\CSIR_4PI\Medical-Segmentation\dataset\masks\mask_002198.png
image_001149.png,mask_001149.png,C:\Users\HP Omen\Desktop\CSIR_4PI\Medical-Segmentation\dataset\images\image_001149.png,C:\Users\HP Omen\Desktop\CSIR_4PI\Medical-Segmentation\dataset\masks\mask_001149.png
image_003262.png,mask_003262.png,C:\Users\HP Omen\Desktop\CSIR_4PI\Medical-Segmentation\dataset\images\image_003262.png,C:\Users\HP Omen\Desktop\CSIR_4PI\Medical-Segmentation\dataset\masks\mask_003262.png
image_000575.png,mask_000575.png,C:\Users\HP Omen\Desktop\CSIR_4PI\Medical-Segmentation\dataset\images\image_000575.png,C:\Users\HP Omen\Desktop\CSIR_4PI\Medical-Segmentation\dataset\masks\mask_000575.png
image_000051.png,mask_000051.png,C:\Users\HP Omen\Desktop\CSIR_4PI\Medical-Segmentation\dataset\images\image_000051.png,C:\Users\HP Omen\Desktop\CSIR_4PI\Medical-Segmentation\dataset\masks\mask_000051.png
image_000854.png,mask_000854.png,C:\Users\HP Omen\Desktop\CSIR_4PI\Medical-Segmentation\dataset\images\image_000854.png,C:\Users\HP Omen\Desktop\CSIR_4PI\Medical-Segmentation\dataset\masks\mask_000854.png
image_001983.png,mask_001983.png,C:\Users\HP Omen\Desktop\CSIR_4PI\Medical-Segmentation\dataset\images\image_001983.png,C:\Users\HP Omen\Desktop\CSIR_4PI\Medical-Segmentation\dataset\masks\mask_001983.png
image_002775.png,mask_002775.png,C:\Users\HP Omen\Desktop\CSIR_4PI\Medical-Segmentation\dataset\images\image_002775.png,C:\Users\HP Omen\Desktop\CSIR_4PI\Medical-Segmentation\dataset\masks\mask_002775.png
image_001824.png,mask_001824.png,C:\Users\HP Omen\Desktop\CSIR_4PI\Medical-Segmentation\dataset\images\image_001824.png,C:\Users\HP Omen\Desktop\CSIR_4PI\Medical-Segmentation\dataset\masks\mask_001824.png
image_000834.png,mask_000834.png,C:\Users\HP Omen\Desktop\CSIR_4PI\Medical-Segmentation\dataset\images\image_000834.png,C:\Users\HP Omen\Desktop\CSIR_4PI\Medical-Segmentation\dataset\masks\mask_000834.png
image_001116.png,mask_001116.png,C:\Users\HP Omen\Desktop\CSIR_4PI\Medical-Segmentation\dataset\images\image_001116.png,C:\Users\HP Omen\Desktop\CSIR_4PI\Medical-Segmentation\dataset\masks\mask_001116.png
image_001167.png,mask_001167.png,C:\Users\HP Omen\Desktop\CSIR_4PI\Medical-Segmentation\dataset\images\image_001167.png,C:\Users\HP Omen\Desktop\CSIR_4PI\Medical-Segmentation\dataset\masks\mask_001167.png
image_002519.png,mask_002519.png,C:\Users\HP Omen\Desktop\CSIR_4PI\Medical-Segmentation\dataset\images\image_002519.png,C:\Users\HP Omen\Desktop\CSIR_4PI\Medical-Segmentation\dataset\masks\mask_002519.png
image_001907.png,mask_001907.png,C:\Users\HP Omen\Desktop\CSIR_4PI\Medical-Segmentation\dataset\images\image_001907.png,C:\Users\HP Omen\Desktop\CSIR_4PI\Medical-Segmentation\dataset\masks\mask_001907.png
image_000972.png,mask_000972.png,C:\Users\HP Omen\Desktop\CSIR_4PI\Medical-Segmentation\dataset\images\image_000972.png,C:\Users\HP Omen\Desktop\CSIR_4PI\Medical-Segmentation\dataset\masks\mask_000972.png
image_002702.png,mask_002702.png,C:\Users\HP Omen\Desktop\CSIR_4PI\Medical-Segmentation\dataset\images\image_002702.png,C:\Users\HP Omen\Desktop\CSIR_4PI\Medical-Segmentation\dataset\masks\mask_002702.png
image_000400.png,mask_000400.png,C:\Users\HP Omen\Desktop\CSIR_4PI\Medical-Segmentation\dataset\images\image_000400.png,C:\Users\HP Omen\Desktop\CSIR_4PI\Medical-Segmentation\dataset\masks\mask_000400.png
image_002560.png,mask_002560.png,C:\Users\HP Omen\Desktop\CSIR_4PI\Medical-Segmentation\dataset\images\image_002560.png,C:\Users\HP Omen\Desktop\CSIR_4PI\Medical-Segmentation\dataset\masks\mask_002560.png
image_002369.png,mask_002369.png,C:\Users\HP Omen\Desktop\CSIR_4PI\Medical-Segmentation\dataset\images\image_002369.png,C:\Users\HP Omen\Desktop\CSIR_4PI\Medical-Segmentation\dataset\masks\mask_002369.png
image_000020.png,mask_000020.png,C:\Users\HP Omen\Desktop\CSIR_4PI\Medical-Segmentation\dataset\images\image_000020.png,C:\Users\HP Omen\Desktop\CSIR_4PI\Medical-Segmentation\dataset\masks\mask_000020.png
image_000685.png,mask_000685.png,C:\Users\HP Omen\Desktop\CSIR_4PI\Medical-Segmentation\dataset\images\image_000685.png,C:\Users\HP Omen\Desktop\CSIR_4PI\Medical-Segmentation\dataset\masks\mask_000685.png
image_000036.png,mask_000036.png,C:\Users\HP Omen\Desktop\CSIR_4PI\Medical-Segmentation\dataset\images\image_000036.png,C:\Users\HP Omen\Desktop\CSIR_4PI\Medical-Segmentation\dataset\masks\mask_000036.png
image_002951.png,mask_002951.png,C:\Users\HP Omen\Desktop\CSIR_4PI\Medical-Segmentation\dataset\images\image_002951.png,C:\Users\HP Omen\Desktop\CSIR_4PI\Medical-Segmentation\dataset\masks\mask_002951.png
image_003708.png,mask_003708.png,C:\Users\HP Omen\Desktop\CSIR_4PI\Medical-Segmentation\dataset\images\image_003708.png,C:\Users\HP Omen\Desktop\CSIR_4PI\Medical-Segmentation\dataset\masks\mask_003708.png
image_002876.png,mask_002876.png,C:\Users\HP Omen\Desktop\CSIR_4PI\Medical-Segmentation\dataset\images\image_002876.png,C:\Users\HP Omen\Desktop\CSIR_4PI\Medical-Segmentation\dataset\masks\mask_002876.png
image_000525.png,mask_000525.png,C:\Users\HP Omen\Desktop\CSIR_4PI\Medical-Segmentation\dataset\images\image_000525.png,C:\Users\HP Omen\Desktop\CSIR_4PI\Medical-Segmentation\dataset\masks\mask_000525.png
image_002456.png,mask_002456.png,C:\Users\HP Omen\Desktop\CSIR_4PI\Medical-Segmentation\dataset\images\image_002456.png,C:\Users\HP Omen\Desktop\CSIR_4PI\Medical-Segmentation\dataset\masks\mask_002456.png
image_000921.png,mask_000921.png,C:\Users\HP Omen\Desktop\CSIR_4PI\Medical-Segmentation\dataset\images\image_000921.png,C:\Users\HP Omen\Desktop\CSIR_4PI\Medical-Segmentation\dataset\masks\mask_000921.png
image_001842.png,mask_001842.png,C:\Users\HP Omen\Desktop\CSIR_4PI\Medical-Segmentation\dataset\images\image_001842.png,C:\Users\HP Omen\Desktop\CSIR_4PI\Medical-Segmentation\dataset\masks\mask_001842.png
image_001891.png,mask_001891.png,C:\Users\HP Omen\Desktop\CSIR_4PI\Medical-Segmentation\dataset\images\image_001891.png,C:\Users\HP Omen\Desktop\CSIR_4PI\Medical-Segmentation\dataset\masks\mask_001891.png
image_000538.png,mask_000538.png,C:\Users\HP Omen\Desktop\CSIR_4PI\Medical-Segmentation\dataset\images\image_000538.png,C:\Users\HP Omen\Desktop\CSIR_4PI\Medical-Segmentation\dataset\masks\mask_000538.png
image_002807.png,mask_002807.png,C:\Users\HP Omen\Desktop\CSIR_4PI\Medical-Segmentation\dataset\images\image_002807.png,C:\Users\HP Omen\Desktop\CSIR_4PI\Medical-Segmentation\dataset\masks\mask_002807.png
image_001706.png,mask_001706.png,C:\Users\HP Omen\Desktop\CSIR_4PI\Medical-Segmentation\dataset\images\image_001706.png,C:\Users\HP Omen\Desktop\CSIR_4PI\Medical-Segmentation\dataset\masks\mask_001706.png
image_003835.png,mask_003835.png,C:\Users\HP Omen\Desktop\CSIR_4PI\Medical-Segmentation\dataset\images\image_003835.png,C:\Users\HP Omen\Desktop\CSIR_4PI\Medical-Segmentation\dataset\masks\mask_003835.png
image_003111.png,mask_003111.png,C:\Users\HP Omen\Desktop\CSIR_4PI\Medical-Segmentation\dataset\images\image_003111.png,C:\Users\HP Omen\Desktop\CSIR_4PI\Medical-Segmentation\dataset\masks\mask_003111.png
image_003248.png,mask_003248.png,C:\Users\HP Omen\Desktop\CSIR_4PI\Medical-Segmentation\dataset\images\image_003248.png,C:\Users\HP Omen\Desktop\CSIR_4PI\Medical-Segmentation\dataset\masks\mask_003248.png
image_000246.png,mask_000246.png,C:\Users\HP Omen\Desktop\CSIR_4PI\Medical-Segmentation\dataset\images\image_000246.png,C:\Users\HP Omen\Desktop\CSIR_4PI\Medical-Segmentation\dataset\masks\mask_000246.png
image_003176.png,mask_003176.png,C:\Users\HP Omen\Desktop\CSIR_4PI\Medical-Segmentation\dataset\images\image_003176.png,C:\Users\HP Omen\Desktop\CSIR_4PI\Medical-Segmentation\dataset\masks\mask_003176.png
image_000785.png,mask_000785.png,C:\Users\HP Omen\Desktop\CSIR_4PI\Medical-Segmentation\dataset\images\image_000785.png,C:\Users\HP Omen\Desktop\CSIR_4PI\Medical-Segmentation\dataset\masks\mask_000785.png
image_001410.png,mask_001410.png,C:\Users\HP Omen\Desktop\CSIR_4PI\Medical-Segmentation\dataset\images\image_001410.png,C:\Users\HP Omen\Desktop\CSIR_4PI\Medical-Segmentation\dataset\masks\mask_001410.png
image_002538.png,mask_002538.png,C:\Users\HP Omen\Desktop\CSIR_4PI\Medical-Segmentation\dataset\images\image_002538.png,C:\Users\HP Omen\Desktop\CSIR_4PI\Medical-Segmentation\dataset\masks\mask_002538.png
image_000155.png,mask_000155.png,C:\Users\HP Omen\Desktop\CSIR_4PI\Medical-Segmentation\dataset\images\image_000155.png,C:\Users\HP Omen\Desktop\CSIR_4PI\Medical-Segmentation\dataset\masks\mask_000155.png
image_003010.png,mask_003010.png,C:\Users\HP Omen\Desktop\CSIR_4PI\Medical-Segmentation\dataset\images\image_003010.png,C:\Users\HP Omen\Desktop\CSIR_4PI\Medical-Segmentation\dataset\masks\mask_003010.png
image_001687.png,mask_001687.png,C:\Users\HP Omen\Desktop\CSIR_4PI\Medical-Segmentation\dataset\images\image_001687.png,C:\Users\HP Omen\Desktop\CSIR_4PI\Medical-Segmentation\dataset\masks\mask_001687.png
image_002902.png,mask_002902.png,C:\Users\HP Omen\Desktop\CSIR_4PI\Medical-Segmentation\dataset\images\image_002902.png,C:\Users\HP Omen\Desktop\CSIR_4PI\Medical-Segmentation\dataset\masks\mask_002902.png
image_003360.png,mask_003360.png,C:\Users\HP Omen\Desktop\CSIR_4PI\Medical-Segmentation\dataset\images\image_003360.png,C:\Users\HP Omen\Desktop\CSIR_4PI\Medical-Segmentation\dataset\masks\mask_003360.png
image_000626.png,mask_000626.png,C:\Users\HP Omen\Desktop\CSIR_4PI\Medical-Segmentation\dataset\images\image_000626.png,C:\Users\HP Omen\Desktop\CSIR_4PI\Medical-Segmentation\dataset\masks\mask_000626.png
image_002734.png,mask_002734.png,C:\Users\HP Omen\Desktop\CSIR_4PI\Medical-Segmentation\dataset\images\image_002734.png,C:\Users\HP Omen\Desktop\CSIR_4PI\Medical-Segmentation\dataset\masks\mask_002734.png
image_003766.png,mask_003766.png,C:\Users\HP Omen\Desktop\CSIR_4PI\Medical-Segmentation\dataset\images\image_003766.png,C:\Users\HP Omen\Desktop\CSIR_4PI\Medical-Segmentation\dataset\masks\mask_003766.png
image_001347.png,mask_001347.png,C:\Users\HP Omen\Desktop\CSIR_4PI\Medical-Segmentation\dataset\images\image_001347.png,C:\Users\HP Omen\Desktop\CSIR_4PI\Medical-Segmentation\dataset\masks\mask_001347.png
image_000570.png,mask_000570.png,C:\Users\HP Omen\Desktop\CSIR_4PI\Medical-Segmentation\dataset\images\image_000570.png,C:\Users\HP Omen\Desktop\CSIR_4PI\Medical-Segmentation\dataset\masks\mask_000570.png
image_003837.png,mask_003837.png,C:\Users\HP Omen\Desktop\CSIR_4PI\Medical-Segmentation\dataset\images\image_003837.png,C:\Users\HP Omen\Desktop\CSIR_4PI\Medical-Segmentation\dataset\masks\mask_003837.png
image_001759.png,mask_001759.png,C:\Users\HP Omen\Desktop\CSIR_4PI\Medical-Segmentation\dataset\images\image_001759.png,C:\Users\HP Omen\Desktop\CSIR_4PI\Medical-Segmentation\dataset\masks\mask_001759.png
image_001817.png,mask_001817.png,C:\Users\HP Omen\Desktop\CSIR_4PI\Medical-Segmentation\dataset\images\image_001817.png,C:\Users\HP Omen\Desktop\CSIR_4PI\Medical-Segmentation\dataset\masks\mask_001817.png
image_002066.png,mask_002066.png,C:\Users\HP Omen\Desktop\CSIR_4PI\Medical-Segmentation\dataset\images\image_002066.png,C:\Users\HP Omen\Desktop\CSIR_4PI\Medical-Segmentation\dataset\masks\mask_002066.png
image_000128.png,mask_000128.png,C:\Users\HP Omen\Desktop\CSIR_4PI\Medical-Segmentation\dataset\images\image_000128.png,C:\Users\HP Omen\Desktop\CSIR_4PI\Medical-Segmentation\dataset\masks\mask_000128.png
image_003395.png,mask_003395.png,C:\Users\HP Omen\Desktop\CSIR_4PI\Medical-Segmentation\dataset\images\image_003395.png,C:\Users\HP Omen\Desktop\CSIR_4PI\Medical-Segmentation\dataset\masks\mask_003395.png
image_003328.png,mask_003328.png,C:\Users\HP Omen\Desktop\CSIR_4PI\Medical-Segmentation\dataset\images\image_003328.png,C:\Users\HP Omen\Desktop\CSIR_4PI\Medical-Segmentation\dataset\masks\mask_003328.png
image_003898.png,mask_003898.png,C:\Users\HP Omen\Desktop\CSIR_4PI\Medical-Segmentation\dataset\images\image_003898.png,C:\Users\HP Omen\Desktop\CSIR_4PI\Medical-Segmentation\dataset\masks\mask_003898.png
image_002007.png,mask_002007.png,C:\Users\HP Omen\Desktop\CSIR_4PI\Medical-Segmentation\dataset\images\image_002007.png,C:\Users\HP Omen\Desktop\CSIR_4PI\Medical-Segmentation\dataset\masks\mask_002007.png
image_002976.png,mask_002976.png,C:\Users\HP Omen\Desktop\CSIR_4PI\Medical-Segmentation\dataset\images\image_002976.png,C:\Users\HP Omen\Desktop\CSIR_4PI\Medical-Segmentation\dataset\masks\mask_002976.png
image_000981.png,mask_000981.png,C:\Users\HP Omen\Desktop\CSIR_4PI\Medical-Segmentation\dataset\images\image_000981.png,C:\Users\HP Omen\Desktop\CSIR_4PI\Medical-Segmentation\dataset\masks\mask_000981.png
image_003894.png,mask_003894.png,C:\Users\HP Omen\Desktop\CSIR_4PI\Medical-Segmentation\dataset\images\image_003894.png,C:\Users\HP Omen\Desktop\CSIR_4PI\Medical-Segmentation\dataset\masks\mask_003894.png
image_000191.png,mask_000191.png,C:\Users\HP Omen\Desktop\CSIR_4PI\Medical-Segmentation\dataset\images\image_000191.png,C:\Users\HP Omen\Desktop\CSIR_4PI\Medical-Segmentation\dataset\masks\mask_000191.png
image_001140.png,mask_001140.png,C:\Users\HP Omen\Desktop\CSIR_4PI\Medical-Segmentation\dataset\images\image_001140.png,C:\Users\HP Omen\Desktop\CSIR_4PI\Medical-Segmentation\dataset\masks\mask_001140.png
image_000993.png,mask_000993.png,C:\Users\HP Omen\Desktop\CSIR_4PI\Medical-Segmentation\dataset\images\image_000993.png,C:\Users\HP Omen\Desktop\CSIR_4PI\Medical-Segmentation\dataset\masks\mask_000993.png
image_000700.png,mask_000700.png,C:\Users\HP Omen\Desktop\CSIR_4PI\Medical-Segmentation\dataset\images\image_000700.png,C:\Users\HP Omen\Desktop\CSIR_4PI\Medical-Segmentation\dataset\masks\mask_000700.png
image_003576.png,mask_003576.png,C:\Users\HP Omen\Desktop\CSIR_4PI\Medical-Segmentation\dataset\images\image_003576.png,C:\Users\HP Omen\Desktop\CSIR_4PI\Medical-Segmentation\dataset\masks\mask_003576.png
image_000607.png,mask_000607.png,C:\Users\HP Omen\Desktop\CSIR_4PI\Medical-Segmentation\dataset\images\image_000607.png,C:\Users\HP Omen\Desktop\CSIR_4PI\Medical-Segmentation\dataset\masks\mask_000607.png
image_000181.png,mask_000181.png,C:\Users\HP Omen\Desktop\CSIR_4PI\Medical-Segmentation\dataset\images\image_000181.png,C:\Users\HP Omen\Desktop\CSIR_4PI\Medical-Segmentation\dataset\masks\mask_000181.png
image_000302.png,mask_000302.png,C:\Users\HP Omen\Desktop\CSIR_4PI\Medical-Segmentation\dataset\images\image_000302.png,C:\Users\HP Omen\Desktop\CSIR_4PI\Medical-Segmentation\dataset\masks\mask_000302.png
image_002545.png,mask_002545.png,C:\Users\HP Omen\Desktop\CSIR_4PI\Medical-Segmentation\dataset\images\image_002545.png,C:\Users\HP Omen\Desktop\CSIR_4PI\Medical-Segmentation\dataset\masks\mask_002545.png
image_003623.png,mask_003623.png,C:\Users\HP Omen\Desktop\CSIR_4PI\Medical-Segmentation\dataset\images\image_003623.png,C:\Users\HP Omen\Desktop\CSIR_4PI\Medical-Segmentation\dataset\masks\mask_003623.png
image_003637.png,mask_003637.png,C:\Users\HP Omen\Desktop\CSIR_4PI\Medical-Segmentation\dataset\images\image_003637.png,C:\Users\HP Omen\Desktop\CSIR_4PI\Medical-Segmentation\dataset\masks\mask_003637.png
image_001061.png,mask_001061.png,C:\Users\HP Omen\Desktop\CSIR_4PI\Medical-Segmentation\dataset\images\image_001061.png,C:\Users\HP Omen\Desktop\CSIR_4PI\Medical-Segmentation\dataset\masks\mask_001061.png
image_003695.png,mask_003695.png,C:\Users\HP Omen\Desktop\CSIR_4PI\Medical-Segmentation\dataset\images\image_003695.png,C:\Users\HP Omen\Desktop\CSIR_4PI\Medical-Segmentation\dataset\masks\mask_003695.png
image_003768.png,mask_003768.png,C:\Users\HP Omen\Desktop\CSIR_4PI\Medical-Segmentation\dataset\images\image_003768.png,C:\Users\HP Omen\Desktop\CSIR_4PI\Medical-Segmentation\dataset\masks\mask_003768.png
image_002566.png,mask_002566.png,C:\Users\HP Omen\Desktop\CSIR_4PI\Medical-Segmentation\dataset\images\image_002566.png,C:\Users\HP Omen\Desktop\CSIR_4PI\Medical-Segmentation\dataset\masks\mask_002566.png
image_003914.png,mask_003914.png,C:\Users\HP Omen\Desktop\CSIR_4PI\Medical-Segmentation\dataset\images\image_003914.png,C:\Users\HP Omen\Desktop\CSIR_4PI\Medical-Segmentation\dataset\masks\mask_003914.png
image_001070.png,mask_001070.png,C:\Users\HP Omen\Desktop\CSIR_4PI\Medical-Segmentation\dataset\images\image_001070.png,C:\Users\HP Omen\Desktop\CSIR_4PI\Medical-Segmentation\dataset\masks\mask_001070.png
image_002525.png,mask_002525.png,C:\Users\HP Omen\Desktop\CSIR_4PI\Medical-Segmentation\dataset\images\image_002525.png,C:\Users\HP Omen\Desktop\CSIR_4PI\Medical-Segmentation\dataset\masks\mask_002525.png
image_002206.png,mask_002206.png,C:\Users\HP Omen\Desktop\CSIR_4PI\Medical-Segmentation\dataset\images\image_002206.png,C:\Users\HP Omen\Desktop\CSIR_4PI\Medical-Segmentation\dataset\masks\mask_002206.png
image_001244.png,mask_001244.png,C:\Users\HP Omen\Desktop\CSIR_4PI\Medical-Segmentation\dataset\images\image_001244.png,C:\Users\HP Omen\Desktop\CSIR_4PI\Medical-Segmentation\dataset\masks\mask_001244.png
image_003244.png,mask_003244.png,C:\Users\HP Omen\Desktop\CSIR_4PI\Medical-Segmentation\dataset\images\image_003244.png,C:\Users\HP Omen\Desktop\CSIR_4PI\Medical-Segmentation\dataset\masks\mask_003244.png
image_000017.png,mask_000017.png,C:\Users\HP Omen\Desktop\CSIR_4PI\Medical-Segmentation\dataset\images\image_000017.png,C:\Users\HP Omen\Desktop\CSIR_4PI\Medical-Segmentation\dataset\masks\mask_000017.png
image_003121.png,mask_003121.png,C:\Users\HP Omen\Desktop\CSIR_4PI\Medical-Segmentation\dataset\images\image_003121.png,C:\Users\HP Omen\Desktop\CSIR_4PI\Medical-Segmentation\dataset\masks\mask_003121.png
image_003901.png,mask_003901.png,C:\Users\HP Omen\Desktop\CSIR_4PI\Medical-Segmentation\dataset\images\image_003901.png,C:\Users\HP Omen\Desktop\CSIR_4PI\Medical-Segmentation\dataset\masks\mask_003901.png
image_000547.png,mask_000547.png,C:\Users\HP Omen\Desktop\CSIR_4PI\Medical-Segmentation\dataset\images\image_000547.png,C:\Users\HP Omen\Desktop\CSIR_4PI\Medical-Segmentation\dataset\masks\mask_000547.png
image_000659.png,mask_000659.png,C:\Users\HP Omen\Desktop\CSIR_4PI\Medical-Segmentation\dataset\images\image_000659.png,C:\Users\HP Omen\Desktop\CSIR_4PI\Medical-Segmentation\dataset\masks\mask_000659.png
image_003539.png,mask_003539.png,C:\Users\HP Omen\Desktop\CSIR_4PI\Medical-Segmentation\dataset\images\image_003539.png,C:\Users\HP Omen\Desktop\CSIR_4PI\Medical-Segmentation\dataset\masks\mask_003539.png
image_003068.png,mask_003068.png,C:\Users\HP Omen\Desktop\CSIR_4PI\Medical-Segmentation\dataset\images\image_003068.png,C:\Users\HP Omen\Desktop\CSIR_4PI\Medical-Segmentation\dataset\masks\mask_003068.png
image_003672.png,mask_003672.png,C:\Users\HP Omen\Desktop\CSIR_4PI\Medical-Segmentation\dataset\images\image_003672.png,C:\Users\HP Omen\Desktop\CSIR_4PI\Medical-Segmentation\dataset\masks\mask_003672.png
image_001505.png,mask_001505.png,C:\Users\HP Omen\Desktop\CSIR_4PI\Medical-Segmentation\dataset\images\image_001505.png,C:\Users\HP Omen\Desktop\CSIR_4PI\Medical-Segmentation\dataset\masks\mask_001505.png
image_000960.png,mask_000960.png,C:\Users\HP Omen\Desktop\CSIR_4PI\Medical-Segmentation\dataset\images\image_000960.png,C:\Users\HP Omen\Desktop\CSIR_4PI\Medical-Segmentation\dataset\masks\mask_000960.png
image_002927.png,mask_002927.png,C:\Users\HP Omen\Desktop\CSIR_4PI\Medical-Segmentation\dataset\images\image_002927.png,C:\Users\HP Omen\Desktop\CSIR_4PI\Medical-Segmentation\dataset\masks\mask_002927.png
image_002332.png,mask_002332.png,C:\Users\HP Omen\Desktop\CSIR_4PI\Medical-Segmentation\dataset\images\image_002332.png,C:\Users\HP Omen\Desktop\CSIR_4PI\Medical-Segmentation\dataset\masks\mask_002332.png
image_000798.png,mask_000798.png,C:\Users\HP Omen\Desktop\CSIR_4PI\Medical-Segmentation\dataset\images\image_000798.png,C:\Users\HP Omen\Desktop\CSIR_4PI\Medical-Segmentation\dataset\masks\mask_000798.png
image_003349.png,mask_003349.png,C:\Users\HP Omen\Desktop\CSIR_4PI\Medical-Segmentation\dataset\images\image_003349.png,C:\Users\HP Omen\Desktop\CSIR_4PI\Medical-Segmentation\dataset\masks\mask_003349.png
image_000226.png,mask_000226.png,C:\Users\HP Omen\Desktop\CSIR_4PI\Medical-Segmentation\dataset\images\image_000226.png,C:\Users\HP Omen\Desktop\CSIR_4PI\Medical-Segmentation\dataset\masks\mask_000226.png
image_002075.png,mask_002075.png,C:\Users\HP Omen\Desktop\CSIR_4PI\Medical-Segmentation\dataset\images\image_002075.png,C:\Users\HP Omen\Desktop\CSIR_4PI\Medical-Segmentation\dataset\masks\mask_002075.png
image_003355.png,mask_003355.png,C:\Users\HP Omen\Desktop\CSIR_4PI\Medical-Segmentation\dataset\images\image_003355.png,C:\Users\HP Omen\Desktop\CSIR_4PI\Medical-Segmentation\dataset\masks\mask_003355.png
image_001800.png,mask_001800.png,C:\Users\HP Omen\Desktop\CSIR_4PI\Medical-Segmentation\dataset\images\image_001800.png,C:\Users\HP Omen\Desktop\CSIR_4PI\Medical-Segmentation\dataset\masks\mask_001800.png
image_002486.png,mask_002486.png,C:\Users\HP Omen\Desktop\CSIR_4PI\Medical-Segmentation\dataset\images\image_002486.png,C:\Users\HP Omen\Desktop\CSIR_4PI\Medical-Segmentation\dataset\masks\mask_002486.png
image_003877.png,mask_003877.png,C:\Users\HP Omen\Desktop\CSIR_4PI\Medical-Segmentation\dataset\images\image_003877.png,C:\Users\HP Omen\Desktop\CSIR_4PI\Medical-Segmentation\dataset\masks\mask_003877.png
image_003437.png,mask_003437.png,C:\Users\HP Omen\Desktop\CSIR_4PI\Medical-Segmentation\dataset\images\image_003437.png,C:\Users\HP Omen\Desktop\CSIR_4PI\Medical-Segmentation\dataset\masks\mask_003437.png
image_002278.png,mask_002278.png,C:\Users\HP Omen\Desktop\CSIR_4PI\Medical-Segmentation\dataset\images\image_002278.png,C:\Users\HP Omen\Desktop\CSIR_4PI\Medical-Segmentation\dataset\masks\mask_002278.png
image_002086.png,mask_002086.png,C:\Users\HP Omen\Desktop\CSIR_4PI\Medical-Segmentation\dataset\images\image_002086.png,C:\Users\HP Omen\Desktop\CSIR_4PI\Medical-Segmentation\dataset\masks\mask_002086.png
image_001694.png,mask_001694.png,C:\Users\HP Omen\Desktop\CSIR_4PI\Medical-Segmentation\dataset\images\image_001694.png,C:\Users\HP Omen\Desktop\CSIR_4PI\Medical-Segmentation\dataset\masks\mask_001694.png
image_002798.png,mask_002798.png,C:\Users\HP Omen\Desktop\CSIR_4PI\Medical-Segmentation\dataset\images\image_002798.png,C:\Users\HP Omen\Desktop\CSIR_4PI\Medical-Segmentation\dataset\masks\mask_002798.png
image_001046.png,mask_001046.png,C:\Users\HP Omen\Desktop\CSIR_4PI\Medical-Segmentation\dataset\images\image_001046.png,C:\Users\HP Omen\Desktop\CSIR_4PI\Medical-Segmentation\dataset\masks\mask_001046.png
image_003447.png,mask_003447.png,C:\Users\HP Omen\Desktop\CSIR_4PI\Medical-Segmentation\dataset\images\image_003447.png,C:\Users\HP Omen\Desktop\CSIR_4PI\Medical-Segmentation\dataset\masks\mask_003447.png
image_000470.png,mask_000470.png,C:\Users\HP Omen\Desktop\CSIR_4PI\Medical-Segmentation\dataset\images\image_000470.png,C:\Users\HP Omen\Desktop\CSIR_4PI\Medical-Segmentation\dataset\masks\mask_000470.png
image_000955.png,mask_000955.png,C:\Users\HP Omen\Desktop\CSIR_4PI\Medical-Segmentation\dataset\images\image_000955.png,C:\Users\HP Omen\Desktop\CSIR_4PI\Medical-Segmentation\dataset\masks\mask_000955.png
image_003897.png,mask_003897.png,C:\Users\HP Omen\Desktop\CSIR_4PI\Medical-Segmentation\dataset\images\image_003897.png,C:\Users\HP Omen\Desktop\CSIR_4PI\Medical-Segmentation\dataset\masks\mask_003897.png
image_002736.png,mask_002736.png,C:\Users\HP Omen\Desktop\CSIR_4PI\Medical-Segmentation\dataset\images\image_002736.png,C:\Users\HP Omen\Desktop\CSIR_4PI\Medical-Segmentation\dataset\masks\mask_002736.png
image_003775.png,mask_003775.png,C:\Users\HP Omen\Desktop\CSIR_4PI\Medical-Segmentation\dataset\images\image_003775.png,C:\Users\HP Omen\Desktop\CSIR_4PI\Medical-Segmentation\dataset\masks\mask_003775.png
image_000640.png,mask_000640.png,C:\Users\HP Omen\Desktop\CSIR_4PI\Medical-Segmentation\dataset\images\image_000640.png,C:\Users\HP Omen\Desktop\CSIR_4PI\Medical-Segmentation\dataset\masks\mask_000640.png
image_003640.png,mask_003640.png,C:\Users\HP Omen\Desktop\CSIR_4PI\Medical-Segmentation\dataset\images\image_003640.png,C:\Users\HP Omen\Desktop\CSIR_4PI\Medical-Segmentation\dataset\masks\mask_003640.png
image_001219.png,mask_001219.png,C:\Users\HP Omen\Desktop\CSIR_4PI\Medical-Segmentation\dataset\images\image_001219.png,C:\Users\HP Omen\Desktop\CSIR_4PI\Medical-Segmentation\dataset\masks\mask_001219.png
image_001159.png,mask_001159.png,C:\Users\HP Omen\Desktop\CSIR_4PI\Medical-Segmentation\dataset\images\image_001159.png,C:\Users\HP Omen\Desktop\CSIR_4PI\Medical-Segmentation\dataset\masks\mask_001159.png
image_001416.png,mask_001416.png,C:\Users\HP Omen\Desktop\CSIR_4PI\Medical-Segmentation\dataset\images\image_001416.png,C:\Users\HP Omen\Desktop\CSIR_4PI\Medical-Segmentation\dataset\masks\mask_001416.png
image_003551.png,mask_003551.png,C:\Users\HP Omen\Desktop\CSIR_4PI\Medical-Segmentation\dataset\images\image_003551.png,C:\Users\HP Omen\Desktop\CSIR_4PI\Medical-Segmentation\dataset\masks\mask_003551.png
image_001528.png,mask_001528.png,C:\Users\HP Omen\Desktop\CSIR_4PI\Medical-Segmentation\dataset\images\image_001528.png,C:\Users\HP Omen\Desktop\CSIR_4PI\Medical-Segmentation\dataset\masks\mask_001528.png
image_003825.png,mask_003825.png,C:\Users\HP Omen\Desktop\CSIR_4PI\Medical-Segmentation\dataset\images\image_003825.png,C:\Users\HP Omen\Desktop\CSIR_4PI\Medical-Segmentation\dataset\masks\mask_003825.png
image_001301.png,mask_001301.png,C:\Users\HP Omen\Desktop\CSIR_4PI\Medical-Segmentation\dataset\images\image_001301.png,C:\Users\HP Omen\Desktop\CSIR_4PI\Medical-Segmentation\dataset\masks\mask_001301.png
image_003755.png,mask_003755.png,C:\Users\HP Omen\Desktop\CSIR_4PI\Medical-Segmentation\dataset\images\image_003755.png,C:\Users\HP Omen\Desktop\CSIR_4PI\Medical-Segmentation\dataset\masks\mask_003755.png
image_002849.png,mask_002849.png,C:\Users\HP Omen\Desktop\CSIR_4PI\Medical-Segmentation\dataset\images\image_002849.png,C:\Users\HP Omen\Desktop\CSIR_4PI\Medical-Segmentation\dataset\masks\mask_002849.png
image_001604.png,mask_001604.png,C:\Users\HP Omen\Desktop\CSIR_4PI\Medical-Segmentation\dataset\images\image_001604.png,C:\Users\HP Omen\Desktop\CSIR_4PI\Medical-Segmentation\dataset\masks\mask_001604.png
image_000161.png,mask_000161.png,C:\Users\HP Omen\Desktop\CSIR_4PI\Medical-Segmentation\dataset\images\image_000161.png,C:\Users\HP Omen\Desktop\CSIR_4PI\Medical-Segmentation\dataset\masks\mask_000161.png
image_001705.png,mask_001705.png,C:\Users\HP Omen\Desktop\CSIR_4PI\Medical-Segmentation\dataset\images\image_001705.png,C:\Users\HP Omen\Desktop\CSIR_4PI\Medical-Segmentation\dataset\masks\mask_001705.png
image_000957.png,mask_000957.png,C:\Users\HP Omen\Desktop\CSIR_4PI\Medical-Segmentation\dataset\images\image_000957.png,C:\Users\HP Omen\Desktop\CSIR_4PI\Medical-Segmentation\dataset\masks\mask_000957.png
image_003235.png,mask_003235.png,C:\Users\HP Omen\Desktop\CSIR_4PI\Medical-Segmentation\dataset\images\image_003235.png,C:\Users\HP Omen\Desktop\CSIR_4PI\Medical-Segmentation\dataset\masks\mask_003235.png
image_002870.png,mask_002870.png,C:\Users\HP Omen\Desktop\CSIR_4PI\Medical-Segmentation\dataset\images\image_002870.png,C:\Users\HP Omen\Desktop\CSIR_4PI\Medical-Segmentation\dataset\masks\mask_002870.png
image_003814.png,mask_003814.png,C:\Users\HP Omen\Desktop\CSIR_4PI\Medical-Segmentation\dataset\images\image_003814.png,C:\Users\HP Omen\Desktop\CSIR_4PI\Medical-Segmentation\dataset\masks\mask_003814.png
image_000878.png,mask_000878.png,C:\Users\HP Omen\Desktop\CSIR_4PI\Medical-Segmentation\dataset\images\image_000878.png,C:\Users\HP Omen\Desktop\CSIR_4PI\Medical-Segmentation\dataset\masks\mask_000878.png
image_001920.png,mask_001920.png,C:\Users\HP Omen\Desktop\CSIR_4PI\Medical-Segmentation\dataset\images\image_001920.png,C:\Users\HP Omen\Desktop\CSIR_4PI\Medical-Segmentation\dataset\masks\mask_001920.png
image_002962.png,mask_002962.png,C:\Users\HP Omen\Desktop\CSIR_4PI\Medical-Segmentation\dataset\images\image_002962.png,C:\Users\HP Omen\Desktop\CSIR_4PI\Medical-Segmentation\dataset\masks\mask_002962.png
image_001885.png,mask_001885.png,C:\Users\HP Omen\Desktop\CSIR_4PI\Medical-Segmentation\dataset\images\image_001885.png,C:\Users\HP Omen\Desktop\CSIR_4PI\Medical-Segmentation\dataset\masks\mask_001885.png
image_002201.png,mask_002201.png,C:\Users\HP Omen\Desktop\CSIR_4PI\Medical-Segmentation\dataset\images\image_002201.png,C:\Users\HP Omen\Desktop\CSIR_4PI\Medical-Segmentation\dataset\masks\mask_002201.png
image_000099.png,mask_000099.png,C:\Users\HP Omen\Desktop\CSIR_4PI\Medical-Segmentation\dataset\images\image_000099.png,C:\Users\HP Omen\Desktop\CSIR_4PI\Medical-Segmentation\dataset\masks\mask_000099.png
image_003705.png,mask_003705.png,C:\Users\HP Omen\Desktop\CSIR_4PI\Medical-Segmentation\dataset\images\image_003705.png,C:\Users\HP Omen\Desktop\CSIR_4PI\Medical-Segmentation\dataset\masks\mask_003705.png
image_002558.png,mask_002558.png,C:\Users\HP Omen\Desktop\CSIR_4PI\Medical-Segmentation\dataset\images\image_002558.png,C:\Users\HP Omen\Desktop\CSIR_4PI\Medical-Segmentation\dataset\masks\mask_002558.png
image_003184.png,mask_003184.png,C:\Users\HP Omen\Desktop\CSIR_4PI\Medical-Segmentation\dataset\images\image_003184.png,C:\Users\HP Omen\Desktop\CSIR_4PI\Medical-Segmentation\dataset\masks\mask_003184.png
image_003299.png,mask_003299.png,C:\Users\HP Omen\Desktop\CSIR_4PI\Medical-Segmentation\dataset\images\image_003299.png,C:\Users\HP Omen\Desktop\CSIR_4PI\Medical-Segmentation\dataset\masks\mask_003299.png
image_000254.png,mask_000254.png,C:\Users\HP Omen\Desktop\CSIR_4PI\Medical-Segmentation\dataset\images\image_000254.png,C:\Users\HP Omen\Desktop\CSIR_4PI\Medical-Segmentation\dataset\masks\mask_000254.png
image_000104.png,mask_000104.png,C:\Users\HP Omen\Desktop\CSIR_4PI\Medical-Segmentation\dataset\images\image_000104.png,C:\Users\HP Omen\Desktop\CSIR_4PI\Medical-Segmentation\dataset\masks\mask_000104.png
image_001446.png,mask_001446.png,C:\Users\HP Omen\Desktop\CSIR_4PI\Medical-Segmentation\dataset\images\image_001446.png,C:\Users\HP Omen\Desktop\CSIR_4PI\Medical-Segmentation\dataset\masks\mask_001446.png
image_001444.png,mask_001444.png,C:\Users\HP Omen\Desktop\CSIR_4PI\Medical-Segmentation\dataset\images\image_001444.png,C:\Users\HP Omen\Desktop\CSIR_4PI\Medical-Segmentation\dataset\masks\mask_001444.png
image_001649.png,mask_001649.png,C:\Users\HP Omen\Desktop\CSIR_4PI\Medical-Segmentation\dataset\images\image_001649.png,C:\Users\HP Omen\Desktop\CSIR_4PI\Medical-Segmentation\dataset\masks\mask_001649.png
image_000587.png,mask_000587.png,C:\Users\HP Omen\Desktop\CSIR_4PI\Medical-Segmentation\dataset\images\image_000587.png,C:\Users\HP Omen\Desktop\CSIR_4PI\Medical-Segmentation\dataset\masks\mask_000587.png
image_000628.png,mask_000628.png,C:\Users\HP Omen\Desktop\CSIR_4PI\Medical-Segmentation\dataset\images\image_000628.png,C:\Users\HP Omen\Desktop\CSIR_4PI\Medical-Segmentation\dataset\masks\mask_000628.png
image_001697.png,mask_001697.png,C:\Users\HP Omen\Desktop\CSIR_4PI\Medical-Segmentation\dataset\images\image_001697.png,C:\Users\HP Omen\Desktop\CSIR_4PI\Medical-Segmentation\dataset\masks\mask_001697.png
image_003192.png,mask_003192.png,C:\Users\HP Omen\Desktop\CSIR_4PI\Medical-Segmentation\dataset\images\image_003192.png,C:\Users\HP Omen\Desktop\CSIR_4PI\Medical-Segmentation\dataset\masks\mask_003192.png
image_002102.png,mask_002102.png,C:\Users\HP Omen\Desktop\CSIR_4PI\Medical-Segmentation\dataset\images\image_002102.png,C:\Users\HP Omen\Desktop\CSIR_4PI\Medical-Segmentation\dataset\masks\mask_002102.png
image_002200.png,mask_002200.png,C:\Users\HP Omen\Desktop\CSIR_4PI\Medical-Segmentation\dataset\images\image_002200.png,C:\Users\HP Omen\Desktop\CSIR_4PI\Medical-Segmentation\dataset\masks\mask_002200.png
image_000404.png,mask_000404.png,C:\Users\HP Omen\Desktop\CSIR_4PI\Medical-Segmentation\dataset\images\image_000404.png,C:\Users\HP Omen\Desktop\CSIR_4PI\Medical-Segmentation\dataset\masks\mask_000404.png
image_001155.png,mask_001155.png,C:\Users\HP Omen\Desktop\CSIR_4PI\Medical-Segmentation\dataset\images\image_001155.png,C:\Users\HP Omen\Desktop\CSIR_4PI\Medical-Segmentation\dataset\masks\mask_001155.png
image_002256.png,mask_002256.png,C:\Users\HP Omen\Desktop\CSIR_4PI\Medical-Segmentation\dataset\images\image_002256.png,C:\Users\HP Omen\Desktop\CSIR_4PI\Medical-Segmentation\dataset\masks\mask_002256.png
image_002864.png,mask_002864.png,C:\Users\HP Omen\Desktop\CSIR_4PI\Medical-Segmentation\dataset\images\image_002864.png,C:\Users\HP Omen\Desktop\CSIR_4PI\Medical-Segmentation\dataset\masks\mask_002864.png
image_001683.png,mask_001683.png,C:\Users\HP Omen\Desktop\CSIR_4PI\Medical-Segmentation\dataset\images\image_001683.png,C:\Users\HP Omen\Desktop\CSIR_4PI\Medical-Segmentation\dataset\masks\mask_001683.png
image_003171.png,mask_003171.png,C:\Users\HP Omen\Desktop\CSIR_4PI\Medical-Segmentation\dataset\images\image_003171.png,C:\Users\HP Omen\Desktop\CSIR_4PI\Medical-Segmentation\dataset\masks\mask_003171.png
image_003679.png,mask_003679.png,C:\Users\HP Omen\Desktop\CSIR_4PI\Medical-Segmentation\dataset\images\image_003679.png,C:\Users\HP Omen\Desktop\CSIR_4PI\Medical-Segmentation\dataset\masks\mask_003679.png
image_002057.png,mask_002057.png,C:\Users\HP Omen\Desktop\CSIR_4PI\Medical-Segmentation\dataset\images\image_002057.png,C:\Users\HP Omen\Desktop\CSIR_4PI\Medical-Segmentation\dataset\masks\mask_002057.png
image_003063.png,mask_003063.png,C:\Users\HP Omen\Desktop\CSIR_4PI\Medical-Segmentation\dataset\images\image_003063.png,C:\Users\HP Omen\Desktop\CSIR_4PI\Medical-Segmentation\dataset\masks\mask_003063.png
image_003727.png,mask_003727.png,C:\Users\HP Omen\Desktop\CSIR_4PI\Medical-Segmentation\dataset\images\image_003727.png,C:\Users\HP Omen\Desktop\CSIR_4PI\Medical-Segmentation\dataset\masks\mask_003727.png
image_003109.png,mask_003109.png,C:\Users\HP Omen\Desktop\CSIR_4PI\Medical-Segmentation\dataset\images\image_003109.png,C:\Users\HP Omen\Desktop\CSIR_4PI\Medical-Segmentation\dataset\masks\mask_003109.png
image_000453.png,mask_000453.png,C:\Users\HP Omen\Desktop\CSIR_4PI\Medical-Segmentation\dataset\images\image_000453.png,C:\Users\HP Omen\Desktop\CSIR_4PI\Medical-Segmentation\dataset\masks\mask_000453.png
image_002302.png,mask_002302.png,C:\Users\HP Omen\Desktop\CSIR_4PI\Medical-Segmentation\dataset\images\image_002302.png,C:\Users\HP Omen\Desktop\CSIR_4PI\Medical-Segmentation\dataset\masks\mask_002302.png
image_001328.png,mask_001328.png,C:\Users\HP Omen\Desktop\CSIR_4PI\Medical-Segmentation\dataset\images\image_001328.png,C:\Users\HP Omen\Desktop\CSIR_4PI\Medical-Segmentation\dataset\masks\mask_001328.png
image_002945.png,mask_002945.png,C:\Users\HP Omen\Desktop\CSIR_4PI\Medical-Segmentation\dataset\images\image_002945.png,C:\Users\HP Omen\Desktop\CSIR_4PI\Medical-Segmentation\dataset\masks\mask_002945.png
image_002050.png,mask_002050.png,C:\Users\HP Omen\Desktop\CSIR_4PI\Medical-Segmentation\dataset\images\image_002050.png,C:\Users\HP Omen\Desktop\CSIR_4PI\Medical-Segmentation\dataset\masks\mask_002050.png
image_000881.png,mask_000881.png,C:\Users\HP Omen\Desktop\CSIR_4PI\Medical-Segmentation\dataset\images\image_000881.png,C:\Users\HP Omen\Desktop\CSIR_4PI\Medical-Segmentation\dataset\masks\mask_000881.png
image_003819.png,mask_003819.png,C:\Users\HP Omen\Desktop\CSIR_4PI\Medical-Segmentation\dataset\images\image_003819.png,C:\Users\HP Omen\Desktop\CSIR_4PI\Medical-Segmentation\dataset\masks\mask_003819.png
image_000624.png,mask_000624.png,C:\Users\HP Omen\Desktop\CSIR_4PI\Medical-Segmentation\dataset\images\image_000624.png,C:\Users\HP Omen\Desktop\CSIR_4PI\Medical-Segmentation\dataset\masks\mask_000624.png
image_002394.png,mask_002394.png,C:\Users\HP Omen\Desktop\CSIR_4PI\Medical-Segmentation\dataset\images\image_002394.png,C:\Users\HP Omen\Desktop\CSIR_4PI\Medical-Segmentation\dataset\masks\mask_002394.png
image_003630.png,mask_003630.png,C:\Users\HP Omen\Desktop\CSIR_4PI\Medical-Segmentation\dataset\images\image_003630.png,C:\Users\HP Omen\Desktop\CSIR_4PI\Medical-Segmentation\dataset\masks\mask_003630.png
image_001788.png,mask_001788.png,C:\Users\HP Omen\Desktop\CSIR_4PI\Medical-Segmentation\dataset\images\image_001788.png,C:\Users\HP Omen\Desktop\CSIR_4PI\Medical-Segmentation\dataset\masks\mask_001788.png
image_000263.png,mask_000263.png,C:\Users\HP Omen\Desktop\CSIR_4PI\Medical-Segmentation\dataset\images\image_000263.png,C:\Users\HP Omen\Desktop\CSIR_4PI\Medical-Segmentation\dataset\masks\mask_000263.png
image_001635.png,mask_001635.png,C:\Users\HP Omen\Desktop\CSIR_4PI\Medical-Segmentation\dataset\images\image_001635.png,C:\Users\HP Omen\Desktop\CSIR_4PI\Medical-Segmentation\dataset\masks\mask_001635.png
image_003370.png,mask_003370.png,C:\Users\HP Omen\Desktop\CSIR_4PI\Medical-Segmentation\dataset\images\image_003370.png,C:\Users\HP Omen\Desktop\CSIR_4PI\Medical-Segmentation\dataset\masks\mask_003370.png
image_001439.png,mask_001439.png,C:\Users\HP Omen\Desktop\CSIR_4PI\Medical-Segmentation\dataset\images\image_001439.png,C:\Users\HP Omen\Desktop\CSIR_4PI\Medical-Segmentation\dataset\masks\mask_001439.png
image_002199.png,mask_002199.png,C:\Users\HP Omen\Desktop\CSIR_4PI\Medical-Segmentation\dataset\images\image_002199.png,C:\Users\HP Omen\Desktop\CSIR_4PI\Medical-Segmentation\dataset\masks\mask_002199.png
image_001970.png,mask_001970.png,C:\Users\HP Omen\Desktop\CSIR_4PI\Medical-Segmentation\dataset\images\image_001970.png,C:\Users\HP Omen\Desktop\CSIR_4PI\Medical-Segmentation\dataset\masks\mask_001970.png
image_002521.png,mask_002521.png,C:\Users\HP Omen\Desktop\CSIR_4PI\Medical-Segmentation\dataset\images\image_002521.png,C:\Users\HP Omen\Desktop\CSIR_4PI\Medical-Segmentation\dataset\masks\mask_002521.png
image_001803.png,mask_001803.png,C:\Users\HP Omen\Desktop\CSIR_4PI\Medical-Segmentation\dataset\images\image_001803.png,C:\Users\HP Omen\Desktop\CSIR_4PI\Medical-Segmentation\dataset\masks\mask_001803.png
image_000641.png,mask_000641.png,C:\Users\HP Omen\Desktop\CSIR_4PI\Medical-Segmentation\dataset\images\image_000641.png,C:\Users\HP Omen\Desktop\CSIR_4PI\Medical-Segmentation\dataset\masks\mask_000641.png
image_003912.png,mask_003912.png,C:\Users\HP Omen\Desktop\CSIR_4PI\Medical-Segmentation\dataset\images\image_003912.png,C:\Users\HP Omen\Desktop\CSIR_4PI\Medical-Segmentation\dataset\masks\mask_003912.png
image_002386.png,mask_002386.png,C:\Users\HP Omen\Desktop\CSIR_4PI\Medical-Segmentation\dataset\images\image_002386.png,C:\Users\HP Omen\Desktop\CSIR_4PI\Medical-Segmentation\dataset\masks\mask_002386.png
image_002599.png,mask_002599.png,C:\Users\HP Omen\Desktop\CSIR_4PI\Medical-Segmentation\dataset\images\image_002599.png,C:\Users\HP Omen\Desktop\CSIR_4PI\Medical-Segmentation\dataset\masks\mask_002599.png
image_003709.png,mask_003709.png,C:\Users\HP Omen\Desktop\CSIR_4PI\Medical-Segmentation\dataset\images\image_003709.png,C:\Users\HP Omen\Desktop\CSIR_4PI\Medical-Segmentation\dataset\masks\mask_003709.png
image_001960.png,mask_001960.png,C:\Users\HP Omen\Desktop\CSIR_4PI\Medical-Segmentation\dataset\images\image_001960.png,C:\Users\HP Omen\Desktop\CSIR_4PI\Medical-Segmentation\dataset\masks\mask_001960.png
image_002977.png,mask_002977.png,C:\Users\HP Omen\Desktop\CSIR_4PI\Medical-Segmentation\dataset\images\image_002977.png,C:\Users\HP Omen\Desktop\CSIR_4PI\Medical-Segmentation\dataset\masks\mask_002977.png
image_000489.png,mask_000489.png,C:\Users\HP Omen\Desktop\CSIR_4PI\Medical-Segmentation\dataset\images\image_000489.png,C:\Users\HP Omen\Desktop\CSIR_4PI\Medical-Segmentation\dataset\masks\mask_000489.png
image_001844.png,mask_001844.png,C:\Users\HP Omen\Desktop\CSIR_4PI\Medical-Segmentation\dataset\images\image_001844.png,C:\Users\HP Omen\Desktop\CSIR_4PI\Medical-Segmentation\dataset\masks\mask_001844.png
image_001735.png,mask_001735.png,C:\Users\HP Omen\Desktop\CSIR_4PI\Medical-Segmentation\dataset\images\image_001735.png,C:\Users\HP Omen\Desktop\CSIR_4PI\Medical-Segmentation\dataset\masks\mask_001735.png
image_002912.png,mask_002912.png,C:\Users\HP Omen\Desktop\CSIR_4PI\Medical-Segmentation\dataset\images\image_002912.png,C:\Users\HP Omen\Desktop\CSIR_4PI\Medical-Segmentation\dataset\masks\mask_002912.png
image_003220.png,mask_003220.png,C:\Users\HP Omen\Desktop\CSIR_4PI\Medical-Segmentation\dataset\images\image_003220.png,C:\Users\HP Omen\Desktop\CSIR_4PI\Medical-Segmentation\dataset\masks\mask_003220.png
image_000147.png,mask_000147.png,C:\Users\HP Omen\Desktop\CSIR_4PI\Medical-Segmentation\dataset\images\image_000147.png,C:\Users\HP Omen\Desktop\CSIR_4PI\Medical-Segmentation\dataset\masks\mask_000147.png
image_001535.png,mask_001535.png,C:\Users\HP Omen\Desktop\CSIR_4PI\Medical-Segmentation\dataset\images\image_001535.png,C:\Users\HP Omen\Desktop\CSIR_4PI\Medical-Segmentation\dataset\masks\mask_001535.png
image_001987.png,mask_001987.png,C:\Users\HP Omen\Desktop\CSIR_4PI\Medical-Segmentation\dataset\images\image_001987.png,C:\Users\HP Omen\Desktop\CSIR_4PI\Medical-Segmentation\dataset\masks\mask_001987.png
image_001370.png,mask_001370.png,C:\Users\HP Omen\Desktop\CSIR_4PI\Medical-Segmentation\dataset\images\image_001370.png,C:\Users\HP Omen\Desktop\CSIR_4PI\Medical-Segmentation\dataset\masks\mask_001370.png
image_002451.png,mask_002451.png,C:\Users\HP Omen\Desktop\CSIR_4PI\Medical-Segmentation\dataset\images\image_002451.png,C:\Users\HP Omen\Desktop\CSIR_4PI\Medical-Segmentation\dataset\masks\mask_002451.png
image_003843.png,mask_003843.png,C:\Users\HP Omen\Desktop\CSIR_4PI\Medical-Segmentation\dataset\images\image_003843.png,C:\Users\HP Omen\Desktop\CSIR_4PI\Medical-Segmentation\dataset\masks\mask_003843.png
image_003003.png,mask_003003.png,C:\Users\HP Omen\Desktop\CSIR_4PI\Medical-Segmentation\dataset\images\image_003003.png,C:\Users\HP Omen\Desktop\CSIR_4PI\Medical-Segmentation\dataset\masks\mask_003003.png
image_002812.png,mask_002812.png,C:\Users\HP Omen\Desktop\CSIR_4PI\Medical-Segmentation\dataset\images\image_002812.png,C:\Users\HP Omen\Desktop\CSIR_4PI\Medical-Segmentation\dataset\masks\mask_002812.png
image_000660.png,mask_000660.png,C:\Users\HP Omen\Desktop\CSIR_4PI\Medical-Segmentation\dataset\images\image_000660.png,C:\Users\HP Omen\Desktop\CSIR_4PI\Medical-Segmentation\dataset\masks\mask_000660.png
image_001795.png,mask_001795.png,C:\Users\HP Omen\Desktop\CSIR_4PI\Medical-Segmentation\dataset\images\image_001795.png,C:\Users\HP Omen\Desktop\CSIR_4PI\Medical-Segmentation\dataset\masks\mask_001795.png
image_003421.png,mask_003421.png,C:\Users\HP Omen\Desktop\CSIR_4PI\Medical-Segmentation\dataset\images\image_003421.png,C:\Users\HP Omen\Desktop\CSIR_4PI\Medical-Segmentation\dataset\masks\mask_003421.png
image_002512.png,mask_002512.png,C:\Users\HP Omen\Desktop\CSIR_4PI\Medical-Segmentation\dataset\images\image_002512.png,C:\Users\HP Omen\Desktop\CSIR_4PI\Medical-Segmentation\dataset\masks\mask_002512.png
image_003398.png,mask_003398.png,C:\Users\HP Omen\Desktop\CSIR_4PI\Medical-Segmentation\dataset\images\image_003398.png,C:\Users\HP Omen\Desktop\CSIR_4PI\Medical-Segmentation\dataset\masks\mask_003398.png
image_000187.png,mask_000187.png,C:\Users\HP Omen\Desktop\CSIR_4PI\Medical-Segmentation\dataset\images\image_000187.png,C:\Users\HP Omen\Desktop\CSIR_4PI\Medical-Segmentation\dataset\masks\mask_000187.png
image_001148.png,mask_001148.png,C:\Users\HP Omen\Desktop\CSIR_4PI\Medical-Segmentation\dataset\images\image_001148.png,C:\Users\HP Omen\Desktop\CSIR_4PI\Medical-Segmentation\dataset\masks\mask_001148.png
image_003273.png,mask_003273.png,C:\Users\HP Omen\Desktop\CSIR_4PI\Medical-Segmentation\dataset\images\image_003273.png,C:\Users\HP Omen\Desktop\CSIR_4PI\Medical-Segmentation\dataset\masks\mask_003273.png
image_000609.png,mask_000609.png,C:\Users\HP Omen\Desktop\CSIR_4PI\Medical-Segmentation\dataset\images\image_000609.png,C:\Users\HP Omen\Desktop\CSIR_4PI\Medical-Segmentation\dataset\masks\mask_000609.png
image_002192.png,mask_002192.png,C:\Users\HP Omen\Desktop\CSIR_4PI\Medical-Segmentation\dataset\images\image_002192.png,C:\Users\HP Omen\Desktop\CSIR_4PI\Medical-Segmentation\dataset\masks\mask_002192.png
image_002800.png,mask_002800.png,C:\Users\HP Omen\Desktop\CSIR_4PI\Medical-Segmentation\dataset\images\image_002800.png,C:\Users\HP Omen\Desktop\CSIR_4PI\Medical-Segmentation\dataset\masks\mask_002800.png
image_003583.png,mask_003583.png,C:\Users\HP Omen\Desktop\CSIR_4PI\Medical-Segmentation\dataset\images\image_003583.png,C:\Users\HP Omen\Desktop\CSIR_4PI\Medical-Segmentation\dataset\masks\mask_003583.png
image_001931.png,mask_001931.png,C:\Users\HP Omen\Desktop\CSIR_4PI\Medical-Segmentation\dataset\images\image_001931.png,C:\Users\HP Omen\Desktop\CSIR_4PI\Medical-Segmentation\dataset\masks\mask_001931.png
image_003030.png,mask_003030.png,C:\Users\HP Omen\Desktop\CSIR_4PI\Medical-Segmentation\dataset\images\image_003030.png,C:\Users\HP Omen\Desktop\CSIR_4PI\Medical-Segmentation\dataset\masks\mask_003030.png
image_000198.png,mask_000198.png,C:\Users\HP Omen\Desktop\CSIR_4PI\Medical-Segmentation\dataset\images\image_000198.png,C:\Users\HP Omen\Desktop\CSIR_4PI\Medical-Segmentation\dataset\masks\mask_000198.png
image_002932.png,mask_002932.png,C:\Users\HP Omen\Desktop\CSIR_4PI\Medical-Segmentation\dataset\images\image_002932.png,C:\Users\HP Omen\Desktop\CSIR_4PI\Medical-Segmentation\dataset\masks\mask_002932.png
image_002328.png,mask_002328.png,C:\Users\HP Omen\Desktop\CSIR_4PI\Medical-Segmentation\dataset\images\image_002328.png,C:\Users\HP Omen\Desktop\CSIR_4PI\Medical-Segmentation\dataset\masks\mask_002328.png
image_000294.png,mask_000294.png,C:\Users\HP Omen\Desktop\CSIR_4PI\Medical-Segmentation\dataset\images\image_000294.png,C:\Users\HP Omen\Desktop\CSIR_4PI\Medical-Segmentation\dataset\masks\mask_000294.png
image_000767.png,mask_000767.png,C:\Users\HP Omen\Desktop\CSIR_4PI\Medical-Segmentation\dataset\images\image_000767.png,C:\Users\HP Omen\Desktop\CSIR_4PI\Medical-Segmentation\dataset\masks\mask_000767.png
image_000401.png,mask_000401.png,C:\Users\HP Omen\Desktop\CSIR_4PI\Medical-Segmentation\dataset\images\image_000401.png,C:\Users\HP Omen\Desktop\CSIR_4PI\Medical-Segmentation\dataset\masks\mask_000401.png
image_000123.png,mask_000123.png,C:\Users\HP Omen\Desktop\CSIR_4PI\Medical-Segmentation\dataset\images\image_000123.png,C:\Users\HP Omen\Desktop\CSIR_4PI\Medical-Segmentation\dataset\masks\mask_000123.png
image_003256.png,mask_003256.png,C:\Users\HP Omen\Desktop\CSIR_4PI\Medical-Segmentation\dataset\images\image_003256.png,C:\Users\HP Omen\Desktop\CSIR_4PI\Medical-Segmentation\dataset\masks\mask_003256.png
image_000203.png,mask_000203.png,C:\Users\HP Omen\Desktop\CSIR_4PI\Medical-Segmentation\dataset\images\image_000203.png,C:\Users\HP Omen\Desktop\CSIR_4PI\Medical-Segmentation\dataset\masks\mask_000203.png
image_003511.png,mask_003511.png,C:\Users\HP Omen\Desktop\CSIR_4PI\Medical-Segmentation\dataset\images\image_003511.png,C:\Users\HP Omen\Desktop\CSIR_4PI\Medical-Segmentation\dataset\masks\mask_003511.png
image_000836.png,mask_000836.png,C:\Users\HP Omen\Desktop\CSIR_4PI\Medical-Segmentation\dataset\images\image_000836.png,C:\Users\HP Omen\Desktop\CSIR_4PI\Medical-Segmentation\dataset\masks\mask_000836.png
image_002295.png,mask_002295.png,C:\Users\HP Omen\Desktop\CSIR_4PI\Medical-Segmentation\dataset\images\image_002295.png,C:\Users\HP Omen\Desktop\CSIR_4PI\Medical-Segmentation\dataset\masks\mask_002295.png
image_001440.png,mask_001440.png,C:\Users\HP Omen\Desktop\CSIR_4PI\Medical-Segmentation\dataset\images\image_001440.png,C:\Users\HP Omen\Desktop\CSIR_4PI\Medical-Segmentation\dataset\masks\mask_001440.png
image_001734.png,mask_001734.png,C:\Users\HP Omen\Desktop\CSIR_4PI\Medical-Segmentation\dataset\images\image_001734.png,C:\Users\HP Omen\Desktop\CSIR_4PI\Medical-Segmentation\dataset\masks\mask_001734.png
image_001696.png,mask_001696.png,C:\Users\HP Omen\Desktop\CSIR_4PI\Medical-Segmentation\dataset\images\image_001696.png,C:\Users\HP Omen\Desktop\CSIR_4PI\Medical-Segmentation\dataset\masks\mask_001696.png
image_003832.png,mask_003832.png,C:\Users\HP Omen\Desktop\CSIR_4PI\Medical-Segmentation\dataset\images\image_003832.png,C:\Users\HP Omen\Desktop\CSIR_4PI\Medical-Segmentation\dataset\masks\mask_003832.png
image_001708.png,mask_001708.png,C:\Users\HP Omen\Desktop\CSIR_4PI\Medical-Segmentation\dataset\images\image_001708.png,C:\Users\HP Omen\Desktop\CSIR_4PI\Medical-Segmentation\dataset\masks\mask_001708.png
image_003812.png,mask_003812.png,C:\Users\HP Omen\Desktop\CSIR_4PI\Medical-Segmentation\dataset\images\image_003812.png,C:\Users\HP Omen\Desktop\CSIR_4PI\Medical-Segmentation\dataset\masks\mask_003812.png
image_001154.png,mask_001154.png,C:\Users\HP Omen\Desktop\CSIR_4PI\Medical-Segmentation\dataset\images\image_001154.png,C:\Users\HP Omen\Desktop\CSIR_4PI\Medical-Segmentation\dataset\masks\mask_001154.png
image_001662.png,mask_001662.png,C:\Users\HP Omen\Desktop\CSIR_4PI\Medical-Segmentation\dataset\images\image_001662.png,C:\Users\HP Omen\Desktop\CSIR_4PI\Medical-Segmentation\dataset\masks\mask_001662.png
image_003475.png,mask_003475.png,C:\Users\HP Omen\Desktop\CSIR_4PI\Medical-Segmentation\dataset\images\image_003475.png,C:\Users\HP Omen\Desktop\CSIR_4PI\Medical-Segmentation\dataset\masks\mask_003475.png
image_002433.png,mask_002433.png,C:\Users\HP Omen\Desktop\CSIR_4PI\Medical-Segmentation\dataset\images\image_002433.png,C:\Users\HP Omen\Desktop\CSIR_4PI\Medical-Segmentation\dataset\masks\mask_002433.png
image_003687.png,mask_003687.png,C:\Users\HP Omen\Desktop\CSIR_4PI\Medical-Segmentation\dataset\images\image_003687.png,C:\Users\HP Omen\Desktop\CSIR_4PI\Medical-Segmentation\dataset\masks\mask_003687.png
image_001760.png,mask_001760.png,C:\Users\HP Omen\Desktop\CSIR_4PI\Medical-Segmentation\dataset\images\image_001760.png,C:\Users\HP Omen\Desktop\CSIR_4PI\Medical-Segmentation\dataset\masks\mask_001760.png
image_000855.png,mask_000855.png,C:\Users\HP Omen\Desktop\CSIR_4PI\Medical-Segmentation\dataset\images\image_000855.png,C:\Users\HP Omen\Desktop\CSIR_4PI\Medical-Segmentation\dataset\masks\mask_000855.png
image_001590.png,mask_001590.png,C:\Users\HP Omen\Desktop\CSIR_4PI\Medical-Segmentation\dataset\images\image_001590.png,C:\Users\HP Omen\Desktop\CSIR_4PI\Medical-Segmentation\dataset\masks\mask_001590.png
image_002268.png,mask_002268.png,C:\Users\HP Omen\Desktop\CSIR_4PI\Medical-Segmentation\dataset\images\image_002268.png,C:\Users\HP Omen\Desktop\CSIR_4PI\Medical-Segmentation\dataset\masks\mask_002268.png
image_000642.png,mask_000642.png,C:\Users\HP Omen\Desktop\CSIR_4PI\Medical-Segmentation\dataset\images\image_000642.png,C:\Users\HP Omen\Desktop\CSIR_4PI\Medical-Segmentation\dataset\masks\mask_000642.png
image_000002.png,mask_000002.png,C:\Users\HP Omen\Desktop\CSIR_4PI\Medical-Segmentation\dataset\images\image_000002.png,C:\Users\HP Omen\Desktop\CSIR_4PI\Medical-Segmentation\dataset\masks\mask_000002.png
image_002161.png,mask_002161.png,C:\Users\HP Omen\Desktop\CSIR_4PI\Medical-Segmentation\dataset\images\image_002161.png,C:\Users\HP Omen\Desktop\CSIR_4PI\Medical-Segmentation\dataset\masks\mask_002161.png
image_000699.png,mask_000699.png,C:\Users\HP Omen\Desktop\CSIR_4PI\Medical-Segmentation\dataset\images\image_000699.png,C:\Users\HP Omen\Desktop\CSIR_4PI\Medical-Segmentation\dataset\masks\mask_000699.png
image_003844.png,mask_003844.png,C:\Users\HP Omen\Desktop\CSIR_4PI\Medical-Segmentation\dataset\images\image_003844.png,C:\Users\HP Omen\Desktop\CSIR_4PI\Medical-Segmentation\dataset\masks\mask_003844.png
image_003000.png,mask_003000.png,C:\Users\HP Omen\Desktop\CSIR_4PI\Medical-Segmentation\dataset\images\image_003000.png,C:\Users\HP Omen\Desktop\CSIR_4PI\Medical-Segmentation\dataset\masks\mask_003000.png
image_001637.png,mask_001637.png,C:\Users\HP Omen\Desktop\CSIR_4PI\Medical-Segmentation\dataset\images\image_001637.png,C:\Users\HP Omen\Desktop\CSIR_4PI\Medical-Segmentation\dataset\masks\mask_001637.png
image_003185.png,mask_003185.png,C:\Users\HP Omen\Desktop\CSIR_4PI\Medical-Segmentation\dataset\images\image_003185.png,C:\Users\HP Omen\Desktop\CSIR_4PI\Medical-Segmentation\dataset\masks\mask_003185.png
image_003459.png,mask_003459.png,C:\Users\HP Omen\Desktop\CSIR_4PI\Medical-Segmentation\dataset\images\image_003459.png,C:\Users\HP Omen\Desktop\CSIR_4PI\Medical-Segmentation\dataset\masks\mask_003459.png
image_003458.png,mask_003458.png,C:\Users\HP Omen\Desktop\CSIR_4PI\Medical-Segmentation\dataset\images\image_003458.png,C:\Users\HP Omen\Desktop\CSIR_4PI\Medical-Segmentation\dataset\masks\mask_003458.png
image_003582.png,mask_003582.png,C:\Users\HP Omen\Desktop\CSIR_4PI\Medical-Segmentation\dataset\images\image_003582.png,C:\Users\HP Omen\Desktop\CSIR_4PI\Medical-Segmentation\dataset\masks\mask_003582.png
image_001292.png,mask_001292.png,C:\Users\HP Omen\Desktop\CSIR_4PI\Medical-Segmentation\dataset\images\image_001292.png,C:\Users\HP Omen\Desktop\CSIR_4PI\Medical-Segmentation\dataset\masks\mask_001292.png
image_003741.png,mask_003741.png,C:\Users\HP Omen\Desktop\CSIR_4PI\Medical-Segmentation\dataset\images\image_003741.png,C:\Users\HP Omen\Desktop\CSIR_4PI\Medical-Segmentation\dataset\masks\mask_003741.png
image_002490.png,mask_002490.png,C:\Users\HP Omen\Desktop\CSIR_4PI\Medical-Segmentation\dataset\images\image_002490.png,C:\Users\HP Omen\Desktop\CSIR_4PI\Medical-Segmentation\dataset\masks\mask_002490.png
image_001521.png,mask_001521.png,C:\Users\HP Omen\Desktop\CSIR_4PI\Medical-Segmentation\dataset\images\image_001521.png,C:\Users\HP Omen\Desktop\CSIR_4PI\Medical-Segmentation\dataset\masks\mask_001521.png
image_001854.png,mask_001854.png,C:\Users\HP Omen\Desktop\CSIR_4PI\Medical-Segmentation\dataset\images\image_001854.png,C:\Users\HP Omen\Desktop\CSIR_4PI\Medical-Segmentation\dataset\masks\mask_001854.png
image_001137.png,mask_001137.png,C:\Users\HP Omen\Desktop\CSIR_4PI\Medical-Segmentation\dataset\images\image_001137.png,C:\Users\HP Omen\Desktop\CSIR_4PI\Medical-Segmentation\dataset\masks\mask_001137.png
image_003305.png,mask_003305.png,C:\Users\HP Omen\Desktop\CSIR_4PI\Medical-Segmentation\dataset\images\image_003305.png,C:\Users\HP Omen\Desktop\CSIR_4PI\Medical-Segmentation\dataset\masks\mask_003305.png
image_003796.png,mask_003796.png,C:\Users\HP Omen\Desktop\CSIR_4PI\Medical-Segmentation\dataset\images\image_003796.png,C:\Users\HP Omen\Desktop\CSIR_4PI\Medical-Segmentation\dataset\masks\mask_003796.png
image_001632.png,mask_001632.png,C:\Users\HP Omen\Desktop\CSIR_4PI\Medical-Segmentation\dataset\images\image_001632.png,C:\Users\HP Omen\Desktop\CSIR_4PI\Medical-Segmentation\dataset\masks\mask_001632.png
image_003446.png,mask_003446.png,C:\Users\HP Omen\Desktop\CSIR_4PI\Medical-Segmentation\dataset\images\image_003446.png,C:\Users\HP Omen\Desktop\CSIR_4PI\Medical-Segmentation\dataset\masks\mask_003446.png
image_001999.png,mask_001999.png,C:\Users\HP Omen\Desktop\CSIR_4PI\Medical-Segmentation\dataset\images\image_001999.png,C:\Users\HP Omen\Desktop\CSIR_4PI\Medical-Segmentation\dataset\masks\mask_001999.png
image_000664.png,mask_000664.png,C:\Users\HP Omen\Desktop\CSIR_4PI\Medical-Segmentation\dataset\images\image_000664.png,C:\Users\HP Omen\Desktop\CSIR_4PI\Medical-Segmentation\dataset\masks\mask_000664.png
image_000684.png,mask_000684.png,C:\Users\HP Omen\Desktop\CSIR_4PI\Medical-Segmentation\dataset\images\image_000684.png,C:\Users\HP Omen\Desktop\CSIR_4PI\Medical-Segmentation\dataset\masks\mask_000684.png
image_001258.png,mask_001258.png,C:\Users\HP Omen\Desktop\CSIR_4PI\Medical-Segmentation\dataset\images\image_001258.png,C:\Users\HP Omen\Desktop\CSIR_4PI\Medical-Segmentation\dataset\masks\mask_001258.png
image_003702.png,mask_003702.png,C:\Users\HP Omen\Desktop\CSIR_4PI\Medical-Segmentation\dataset\images\image_003702.png,C:\Users\HP Omen\Desktop\CSIR_4PI\Medical-Segmentation\dataset\masks\mask_003702.png
image_000318.png,mask_000318.png,C:\Users\HP Omen\Desktop\CSIR_4PI\Medical-Segmentation\dataset\images\image_000318.png,C:\Users\HP Omen\Desktop\CSIR_4PI\Medical-Segmentation\dataset\masks\mask_000318.png
image_000649.png,mask_000649.png,C:\Users\HP Omen\Desktop\CSIR_4PI\Medical-Segmentation\dataset\images\image_000649.png,C:\Users\HP Omen\Desktop\CSIR_4PI\Medical-Segmentation\dataset\masks\mask_000649.png
image_001435.png,mask_001435.png,C:\Users\HP Omen\Desktop\CSIR_4PI\Medical-Segmentation\dataset\images\image_001435.png,C:\Users\HP Omen\Desktop\CSIR_4PI\Medical-Segmentation\dataset\masks\mask_001435.png
image_001480.png,mask_001480.png,C:\Users\HP Omen\Desktop\CSIR_4PI\Medical-Segmentation\dataset\images\image_001480.png,C:\Users\HP Omen\Desktop\CSIR_4PI\Medical-Segmentation\dataset\masks\mask_001480.png
image_000710.png,mask_000710.png,C:\Users\HP Omen\Desktop\CSIR_4PI\Medical-Segmentation\dataset\images\image_000710.png,C:\Users\HP Omen\Desktop\CSIR_4PI\Medical-Segmentation\dataset\masks\mask_000710.png
image_003431.png,mask_003431.png,C:\Users\HP Omen\Desktop\CSIR_4PI\Medical-Segmentation\dataset\images\image_003431.png,C:\Users\HP Omen\Desktop\CSIR_4PI\Medical-Segmentation\dataset\masks\mask_003431.png
image_001283.png,mask_001283.png,C:\Users\HP Omen\Desktop\CSIR_4PI\Medical-Segmentation\dataset\images\image_001283.png,C:\Users\HP Omen\Desktop\CSIR_4PI\Medical-Segmentation\dataset\masks\mask_001283.png
image_001769.png,mask_001769.png,C:\Users\HP Omen\Desktop\CSIR_4PI\Medical-Segmentation\dataset\images\image_001769.png,C:\Users\HP Omen\Desktop\CSIR_4PI\Medical-Segmentation\dataset\masks\mask_001769.png
image_000973.png,mask_000973.png,C:\Users\HP Omen\Desktop\CSIR_4PI\Medical-Segmentation\dataset\images\image_000973.png,C:\Users\HP Omen\Desktop\CSIR_4PI\Medical-Segmentation\dataset\masks\mask_000973.png
image_002676.png,mask_002676.png,C:\Users\HP Omen\Desktop\CSIR_4PI\Medical-Segmentation\dataset\images\image_002676.png,C:\Users\HP Omen\Desktop\CSIR_4PI\Medical-Segmentation\dataset\masks\mask_002676.png
image_002681.png,mask_002681.png,C:\Users\HP Omen\Desktop\CSIR_4PI\Medical-Segmentation\dataset\images\image_002681.png,C:\Users\HP Omen\Desktop\CSIR_4PI\Medical-Segmentation\dataset\masks\mask_002681.png
image_001307.png,mask_001307.png,C:\Users\HP Omen\Desktop\CSIR_4PI\Medical-Segmentation\dataset\images\image_001307.png,C:\Users\HP Omen\Desktop\CSIR_4PI\Medical-Segmentation\dataset\masks\mask_001307.png
image_001401.png,mask_001401.png,C:\Users\HP Omen\Desktop\CSIR_4PI\Medical-Segmentation\dataset\images\image_001401.png,C:\Users\HP Omen\Desktop\CSIR_4PI\Medical-Segmentation\dataset\masks\mask_001401.png
image_001409.png,mask_001409.png,C:\Users\HP Omen\Desktop\CSIR_4PI\Medical-Segmentation\dataset\images\image_001409.png,C:\Users\HP Omen\Desktop\CSIR_4PI\Medical-Segmentation\dataset\masks\mask_001409.png
image_003297.png,mask_003297.png,C:\Users\HP Omen\Desktop\CSIR_4PI\Medical-Segmentation\dataset\images\image_003297.png,C:\Users\HP Omen\Desktop\CSIR_4PI\Medical-Segmentation\dataset\masks\mask_003297.png
image_002238.png,mask_002238.png,C:\Users\HP Omen\Desktop\CSIR_4PI\Medical-Segmentation\dataset\images\image_002238.png,C:\Users\HP Omen\Desktop\CSIR_4PI\Medical-Segmentation\dataset\masks\mask_002238.png
image_003303.png,mask_003303.png,C:\Users\HP Omen\Desktop\CSIR_4PI\Medical-Segmentation\dataset\images\image_003303.png,C:\Users\HP Omen\Desktop\CSIR_4PI\Medical-Segmentation\dataset\masks\mask_003303.png
image_001497.png,mask_001497.png,C:\Users\HP Omen\Desktop\CSIR_4PI\Medical-Segmentation\dataset\images\image_001497.png,C:\Users\HP Omen\Desktop\CSIR_4PI\Medical-Segmentation\dataset\masks\mask_001497.png
image_003420.png,mask_003420.png,C:\Users\HP Omen\Desktop\CSIR_4PI\Medical-Segmentation\dataset\images\image_003420.png,C:\Users\HP Omen\Desktop\CSIR_4PI\Medical-Segmentation\dataset\masks\mask_003420.png
image_002039.png,mask_002039.png,C:\Users\HP Omen\Desktop\CSIR_4PI\Medical-Segmentation\dataset\images\image_002039.png,C:\Users\HP Omen\Desktop\CSIR_4PI\Medical-Segmentation\dataset\masks\mask_002039.png
image_001530.png,mask_001530.png,C:\Users\HP Omen\Desktop\CSIR_4PI\Medical-Segmentation\dataset\images\image_001530.png,C:\Users\HP Omen\Desktop\CSIR_4PI\Medical-Segmentation\dataset\masks\mask_001530.png
image_001664.png,mask_001664.png,C:\Users\HP Omen\Desktop\CSIR_4PI\Medical-Segmentation\dataset\images\image_001664.png,C:\Users\HP Omen\Desktop\CSIR_4PI\Medical-Segmentation\dataset\masks\mask_001664.png
image_001355.png,mask_001355.png,C:\Users\HP Omen\Desktop\CSIR_4PI\Medical-Segmentation\dataset\images\image_001355.png,C:\Users\HP Omen\Desktop\CSIR_4PI\Medical-Segmentation\dataset\masks\mask_001355.png
image_003828.png,mask_003828.png,C:\Users\HP Omen\Desktop\CSIR_4PI\Medical-Segmentation\dataset\images\image_003828.png,C:\Users\HP Omen\Desktop\CSIR_4PI\Medical-Segmentation\dataset\masks\mask_003828.png
image_003854.png,mask_003854.png,C:\Users\HP Omen\Desktop\CSIR_4PI\Medical-Segmentation\dataset\images\image_003854.png,C:\Users\HP Omen\Desktop\CSIR_4PI\Medical-Segmentation\dataset\masks\mask_003854.png
image_003628.png,mask_003628.png,C:\Users\HP Omen\Desktop\CSIR_4PI\Medical-Segmentation\dataset\images\image_003628.png,C:\Users\HP Omen\Desktop\CSIR_4PI\Medical-Segmentation\dataset\masks\mask_003628.png
image_001644.png,mask_001644.png,C:\Users\HP Omen\Desktop\CSIR_4PI\Medical-Segmentation\dataset\images\image_001644.png,C:\Users\HP Omen\Desktop\CSIR_4PI\Medical-Segmentation\dataset\masks\mask_001644.png
image_001052.png,mask_001052.png,C:\Users\HP Omen\Desktop\CSIR_4PI\Medical-Segmentation\dataset\images\image_001052.png,C:\Users\HP Omen\Desktop\CSIR_4PI\Medical-Segmentation\dataset\masks\mask_001052.png
image_000796.png,mask_000796.png,C:\Users\HP Omen\Desktop\CSIR_4PI\Medical-Segmentation\dataset\images\image_000796.png,C:\Users\HP Omen\Desktop\CSIR_4PI\Medical-Segmentation\dataset\masks\mask_000796.png
image_002694.png,mask_002694.png,C:\Users\HP Omen\Desktop\CSIR_4PI\Medical-Segmentation\dataset\images\image_002694.png,C:\Users\HP Omen\Desktop\CSIR_4PI\Medical-Segmentation\dataset\masks\mask_002694.png
image_003061.png,mask_003061.png,C:\Users\HP Omen\Desktop\CSIR_4PI\Medical-Segmentation\dataset\images\image_003061.png,C:\Users\HP Omen\Desktop\CSIR_4PI\Medical-Segmentation\dataset\masks\mask_003061.png
image_001598.png,mask_001598.png,C:\Users\HP Omen\Desktop\CSIR_4PI\Medical-Segmentation\dataset\images\image_001598.png,C:\Users\HP Omen\Desktop\CSIR_4PI\Medical-Segmentation\dataset\masks\mask_001598.png
image_002605.png,mask_002605.png,C:\Users\HP Omen\Desktop\CSIR_4PI\Medical-Segmentation\dataset\images\image_002605.png,C:\Users\HP Omen\Desktop\CSIR_4PI\Medical-Segmentation\dataset\masks\mask_002605.png
image_002730.png,mask_002730.png,C:\Users\HP Omen\Desktop\CSIR_4PI\Medical-Segmentation\dataset\images\image_002730.png,C:\Users\HP Omen\Desktop\CSIR_4PI\Medical-Segmentation\dataset\masks\mask_002730.png
image_002626.png,mask_002626.png,C:\Users\HP Omen\Desktop\CSIR_4PI\Medical-Segmentation\dataset\images\image_002626.png,C:\Users\HP Omen\Desktop\CSIR_4PI\Medical-Segmentation\dataset\masks\mask_002626.png
image_001820.png,mask_001820.png,C:\Users\HP Omen\Desktop\CSIR_4PI\Medical-Segmentation\dataset\images\image_001820.png,C:\Users\HP Omen\Desktop\CSIR_4PI\Medical-Segmentation\dataset\masks\mask_001820.png
image_003158.png,mask_003158.png,C:\Users\HP Omen\Desktop\CSIR_4PI\Medical-Segmentation\dataset\images\image_003158.png,C:\Users\HP Omen\Desktop\CSIR_4PI\Medical-Segmentation\dataset\masks\mask_003158.png
image_003315.png,mask_003315.png,C:\Users\HP Omen\Desktop\CSIR_4PI\Medical-Segmentation\dataset\images\image_003315.png,C:\Users\HP Omen\Desktop\CSIR_4PI\Medical-Segmentation\dataset\masks\mask_003315.png
image_001723.png,mask_001723.png,C:\Users\HP Omen\Desktop\CSIR_4PI\Medical-Segmentation\dataset\images\image_001723.png,C:\Users\HP Omen\Desktop\CSIR_4PI\Medical-Segmentation\dataset\masks\mask_001723.png
image_001184.png,mask_001184.png,C:\Users\HP Omen\Desktop\CSIR_4PI\Medical-Segmentation\dataset\images\image_001184.png,C:\Users\HP Omen\Desktop\CSIR_4PI\Medical-Segmentation\dataset\masks\mask_001184.png
image_002573.png,mask_002573.png,C:\Users\HP Omen\Desktop\CSIR_4PI\Medical-Segmentation\dataset\images\image_002573.png,C:\Users\HP Omen\Desktop\CSIR_4PI\Medical-Segmentation\dataset\masks\mask_002573.png
image_001060.png,mask_001060.png,C:\Users\HP Omen\Desktop\CSIR_4PI\Medical-Segmentation\dataset\images\image_001060.png,C:\Users\HP Omen\Desktop\CSIR_4PI\Medical-Segmentation\dataset\masks\mask_001060.png
image_000541.png,mask_000541.png,C:\Users\HP Omen\Desktop\CSIR_4PI\Medical-Segmentation\dataset\images\image_000541.png,C:\Users\HP Omen\Desktop\CSIR_4PI\Medical-Segmentation\dataset\masks\mask_000541.png
image_003243.png,mask_003243.png,C:\Users\HP Omen\Desktop\CSIR_4PI\Medical-Segmentation\dataset\images\image_003243.png,C:\Users\HP Omen\Desktop\CSIR_4PI\Medical-Segmentation\dataset\masks\mask_003243.png
image_001679.png,mask_001679.png,C:\Users\HP Omen\Desktop\CSIR_4PI\Medical-Segmentation\dataset\images\image_001679.png,C:\Users\HP Omen\Desktop\CSIR_4PI\Medical-Segmentation\dataset\masks\mask_001679.png
image_002797.png,mask_002797.png,C:\Users\HP Omen\Desktop\CSIR_4PI\Medical-Segmentation\dataset\images\image_002797.png,C:\Users\HP Omen\Desktop\CSIR_4PI\Medical-Segmentation\dataset\masks\mask_002797.png
image_003784.png,mask_003784.png,C:\Users\HP Omen\Desktop\CSIR_4PI\Medical-Segmentation\dataset\images\image_003784.png,C:\Users\HP Omen\Desktop\CSIR_4PI\Medical-Segmentation\dataset\masks\mask_003784.png
image_003479.png,mask_003479.png,C:\Users\HP Omen\Desktop\CSIR_4PI\Medical-Segmentation\dataset\images\image_003479.png,C:\Users\HP Omen\Desktop\CSIR_4PI\Medical-Segmentation\dataset\masks\mask_003479.png
image_002533.png,mask_002533.png,C:\Users\HP Omen\Desktop\CSIR_4PI\Medical-Segmentation\dataset\images\image_002533.png,C:\Users\HP Omen\Desktop\CSIR_4PI\Medical-Segmentation\dataset\masks\mask_002533.png
image_001758.png,mask_001758.png,C:\Users\HP Omen\Desktop\CSIR_4PI\Medical-Segmentation\dataset\images\image_001758.png,C:\Users\HP Omen\Desktop\CSIR_4PI\Medical-Segmentation\dataset\masks\mask_001758.png
image_001924.png,mask_001924.png,C:\Users\HP Omen\Desktop\CSIR_4PI\Medical-Segmentation\dataset\images\image_001924.png,C:\Users\HP Omen\Desktop\CSIR_4PI\Medical-Segmentation\dataset\masks\mask_001924.png
image_000096.png,mask_000096.png,C:\Users\HP Omen\Desktop\CSIR_4PI\Medical-Segmentation\dataset\images\image_000096.png,C:\Users\HP Omen\Desktop\CSIR_4PI\Medical-Segmentation\dataset\masks\mask_000096.png
image_001021.png,mask_001021.png,C:\Users\HP Omen\Desktop\CSIR_4PI\Medical-Segmentation\dataset\images\image_001021.png,C:\Users\HP Omen\Desktop\CSIR_4PI\Medical-Segmentation\dataset\masks\mask_001021.png
image_000564.png,mask_000564.png,C:\Users\HP Omen\Desktop\CSIR_4PI\Medical-Segmentation\dataset\images\image_000564.png,C:\Users\HP Omen\Desktop\CSIR_4PI\Medical-Segmentation\dataset\masks\mask_000564.png
image_003313.png,mask_003313.png,C:\Users\HP Omen\Desktop\CSIR_4PI\Medical-Segmentation\dataset\images\image_003313.png,C:\Users\HP Omen\Desktop\CSIR_4PI\Medical-Segmentation\dataset\masks\mask_003313.png
image_002791.png,mask_002791.png,C:\Users\HP Omen\Desktop\CSIR_4PI\Medical-Segmentation\dataset\images\image_002791.png,C:\Users\HP Omen\Desktop\CSIR_4PI\Medical-Segmentation\dataset\masks\mask_002791.png
image_000864.png,mask_000864.png,C:\Users\HP Omen\Desktop\CSIR_4PI\Medical-Segmentation\dataset\images\image_000864.png,C:\Users\HP Omen\Desktop\CSIR_4PI\Medical-Segmentation\dataset\masks\mask_000864.png
image_003647.png,mask_003647.png,C:\Users\HP Omen\Desktop\CSIR_4PI\Medical-Segmentation\dataset\images\image_003647.png,C:\Users\HP Omen\Desktop\CSIR_4PI\Medical-Segmentation\dataset\masks\mask_003647.png
image_001485.png,mask_001485.png,C:\Users\HP Omen\Desktop\CSIR_4PI\Medical-Segmentation\dataset\images\image_001485.png,C:\Users\HP Omen\Desktop\CSIR_4PI\Medical-Segmentation\dataset\masks\mask_001485.png
image_002940.png,mask_002940.png,C:\Users\HP Omen\Desktop\CSIR_4PI\Medical-Segmentation\dataset\images\image_002940.png,C:\Users\HP Omen\Desktop\CSIR_4PI\Medical-Segmentation\dataset\masks\mask_002940.png
image_003626.png,mask_003626.png,C:\Users\HP Omen\Desktop\CSIR_4PI\Medical-Segmentation\dataset\images\image_003626.png,C:\Users\HP Omen\Desktop\CSIR_4PI\Medical-Segmentation\dataset\masks\mask_003626.png
image_001882.png,mask_001882.png,C:\Users\HP Omen\Desktop\CSIR_4PI\Medical-Segmentation\dataset\images\image_001882.png,C:\Users\HP Omen\Desktop\CSIR_4PI\Medical-Segmentation\dataset\masks\mask_001882.png
image_001039.png,mask_001039.png,C:\Users\HP Omen\Desktop\CSIR_4PI\Medical-Segmentation\dataset\images\image_001039.png,C:\Users\HP Omen\Desktop\CSIR_4PI\Medical-Segmentation\dataset\masks\mask_001039.png
image_000207.png,mask_000207.png,C:\Users\HP Omen\Desktop\CSIR_4PI\Medical-Segmentation\dataset\images\image_000207.png,C:\Users\HP Omen\Desktop\CSIR_4PI\Medical-Segmentation\dataset\masks\mask_000207.png
image_000393.png,mask_000393.png,C:\Users\HP Omen\Desktop\CSIR_4PI\Medical-Segmentation\dataset\images\image_000393.png,C:\Users\HP Omen\Desktop\CSIR_4PI\Medical-Segmentation\dataset\masks\mask_000393.png
image_002843.png,mask_002843.png,C:\Users\HP Omen\Desktop\CSIR_4PI\Medical-Segmentation\dataset\images\image_002843.png,C:\Users\HP Omen\Desktop\CSIR_4PI\Medical-Segmentation\dataset\masks\mask_002843.png
image_000871.png,mask_000871.png,C:\Users\HP Omen\Desktop\CSIR_4PI\Medical-Segmentation\dataset\images\image_000871.png,C:\Users\HP Omen\Desktop\CSIR_4PI\Medical-Segmentation\dataset\masks\mask_000871.png
image_000398.png,mask_000398.png,C:\Users\HP Omen\Desktop\CSIR_4PI\Medical-Segmentation\dataset\images\image_000398.png,C:\Users\HP Omen\Desktop\CSIR_4PI\Medical-Segmentation\dataset\masks\mask_000398.png
image_002815.png,mask_002815.png,C:\Users\HP Omen\Desktop\CSIR_4PI\Medical-Segmentation\dataset\images\image_002815.png,C:\Users\HP Omen\Desktop\CSIR_4PI\Medical-Segmentation\dataset\masks\mask_002815.png
image_003923.png,mask_003923.png,C:\Users\HP Omen\Desktop\CSIR_4PI\Medical-Segmentation\dataset\images\image_003923.png,C:\Users\HP Omen\Desktop\CSIR_4PI\Medical-Segmentation\dataset\masks\mask_003923.png
image_003290.png,mask_003290.png,C:\Users\HP Omen\Desktop\CSIR_4PI\Medical-Segmentation\dataset\images\image_003290.png,C:\Users\HP Omen\Desktop\CSIR_4PI\Medical-Segmentation\dataset\masks\mask_003290.png
image_001029.png,mask_001029.png,C:\Users\HP Omen\Desktop\CSIR_4PI\Medical-Segmentation\dataset\images\image_001029.png,C:\Users\HP Omen\Desktop\CSIR_4PI\Medical-Segmentation\dataset\masks\mask_001029.png
image_002691.png,mask_002691.png,C:\Users\HP Omen\Desktop\CSIR_4PI\Medical-Segmentation\dataset\images\image_002691.png,C:\Users\HP Omen\Desktop\CSIR_4PI\Medical-Segmentation\dataset\masks\mask_002691.png
image_001486.png,mask_001486.png,C:\Users\HP Omen\Desktop\CSIR_4PI\Medical-Segmentation\dataset\images\image_001486.png,C:\Users\HP Omen\Desktop\CSIR_4PI\Medical-Segmentation\dataset\masks\mask_001486.png
image_002661.png,mask_002661.png,C:\Users\HP Omen\Desktop\CSIR_4PI\Medical-Segmentation\dataset\images\image_002661.png,C:\Users\HP Omen\Desktop\CSIR_4PI\Medical-Segmentation\dataset\masks\mask_002661.png
image_000961.png,mask_000961.png,C:\Users\HP Omen\Desktop\CSIR_4PI\Medical-Segmentation\dataset\images\image_000961.png,C:\Users\HP Omen\Desktop\CSIR_4PI\Medical-Segmentation\dataset\masks\mask_000961.png
image_001571.png,mask_001571.png,C:\Users\HP Omen\Desktop\CSIR_4PI\Medical-Segmentation\dataset\images\image_001571.png,C:\Users\HP Omen\Desktop\CSIR_4PI\Medical-Segmentation\dataset\masks\mask_001571.png
image_002774.png,mask_002774.png,C:\Users\HP Omen\Desktop\CSIR_4PI\Medical-Segmentation\dataset\images\image_002774.png,C:\Users\HP Omen\Desktop\CSIR_4PI\Medical-Segmentation\dataset\masks\mask_002774.png
image_001896.png,mask_001896.png,C:\Users\HP Omen\Desktop\CSIR_4PI\Medical-Segmentation\dataset\images\image_001896.png,C:\Users\HP Omen\Desktop\CSIR_4PI\Medical-Segmentation\dataset\masks\mask_001896.png
image_002732.png,mask_002732.png,C:\Users\HP Omen\Desktop\CSIR_4PI\Medical-Segmentation\dataset\images\image_002732.png,C:\Users\HP Omen\Desktop\CSIR_4PI\Medical-Segmentation\dataset\masks\mask_002732.png
image_002147.png,mask_002147.png,C:\Users\HP Omen\Desktop\CSIR_4PI\Medical-Segmentation\dataset\images\image_002147.png,C:\Users\HP Omen\Desktop\CSIR_4PI\Medical-Segmentation\dataset\masks\mask_002147.png
image_000805.png,mask_000805.png,C:\Users\HP Omen\Desktop\CSIR_4PI\Medical-Segmentation\dataset\images\image_000805.png,C:\Users\HP Omen\Desktop\CSIR_4PI\Medical-Segmentation\dataset\masks\mask_000805.png
image_001752.png,mask_001752.png,C:\Users\HP Omen\Desktop\CSIR_4PI\Medical-Segmentation\dataset\images\image_001752.png,C:\Users\HP Omen\Desktop\CSIR_4PI\Medical-Segmentation\dataset\masks\mask_001752.png
image_003646.png,mask_003646.png,C:\Users\HP Omen\Desktop\CSIR_4PI\Medical-Segmentation\dataset\images\image_003646.png,C:\Users\HP Omen\Desktop\CSIR_4PI\Medical-Segmentation\dataset\masks\mask_003646.png
image_002455.png,mask_002455.png,C:\Users\HP Omen\Desktop\CSIR_4PI\Medical-Segmentation\dataset\images\image_002455.png,C:\Users\HP Omen\Desktop\CSIR_4PI\Medical-Segmentation\dataset\masks\mask_002455.png
image_000503.png,mask_000503.png,C:\Users\HP Omen\Desktop\CSIR_4PI\Medical-Segmentation\dataset\images\image_000503.png,C:\Users\HP Omen\Desktop\CSIR_4PI\Medical-Segmentation\dataset\masks\mask_000503.png
image_003120.png,mask_003120.png,C:\Users\HP Omen\Desktop\CSIR_4PI\Medical-Segmentation\dataset\images\image_003120.png,C:\Users\HP Omen\Desktop\CSIR_4PI\Medical-Segmentation\dataset\masks\mask_003120.png
image_003105.png,mask_003105.png,C:\Users\HP Omen\Desktop\CSIR_4PI\Medical-Segmentation\dataset\images\image_003105.png,C:\Users\HP Omen\Desktop\CSIR_4PI\Medical-Segmentation\dataset\masks\mask_003105.png
image_002978.png,mask_002978.png,C:\Users\HP Omen\Desktop\CSIR_4PI\Medical-Segmentation\dataset\images\image_002978.png,C:\Users\HP Omen\Desktop\CSIR_4PI\Medical-Segmentation\dataset\masks\mask_002978.png
image_000780.png,mask_000780.png,C:\Users\HP Omen\Desktop\CSIR_4PI\Medical-Segmentation\dataset\images\image_000780.png,C:\Users\HP Omen\Desktop\CSIR_4PI\Medical-Segmentation\dataset\masks\mask_000780.png
image_001864.png,mask_001864.png,C:\Users\HP Omen\Desktop\CSIR_4PI\Medical-Segmentation\dataset\images\image_001864.png,C:\Users\HP Omen\Desktop\CSIR_4PI\Medical-Segmentation\dataset\masks\mask_001864.png
image_000201.png,mask_000201.png,C:\Users\HP Omen\Desktop\CSIR_4PI\Medical-Segmentation\dataset\images\image_000201.png,C:\Users\HP Omen\Desktop\CSIR_4PI\Medical-Segmentation\dataset\masks\mask_000201.png
image_002183.png,mask_002183.png,C:\Users\HP Omen\Desktop\CSIR_4PI\Medical-Segmentation\dataset\images\image_002183.png,C:\Users\HP Omen\Desktop\CSIR_4PI\Medical-Segmentation\dataset\masks\mask_002183.png
image_003100.png,mask_003100.png,C:\Users\HP Omen\Desktop\CSIR_4PI\Medical-Segmentation\dataset\images\image_003100.png,C:\Users\HP Omen\Desktop\CSIR_4PI\Medical-Segmentation\dataset\masks\mask_003100.png
image_002089.png,mask_002089.png,C:\Users\HP Omen\Desktop\CSIR_4PI\Medical-Segmentation\dataset\images\image_002089.png,C:\Users\HP Omen\Desktop\CSIR_4PI\Medical-Segmentation\dataset\masks\mask_002089.png
image_003066.png,mask_003066.png,C:\Users\HP Omen\Desktop\CSIR_4PI\Medical-Segmentation\dataset\images\image_003066.png,C:\Users\HP Omen\Desktop\CSIR_4PI\Medical-Segmentation\dataset\masks\mask_003066.png
image_002279.png,mask_002279.png,C:\Users\HP Omen\Desktop\CSIR_4PI\Medical-Segmentation\dataset\images\image_002279.png,C:\Users\HP Omen\Desktop\CSIR_4PI\Medical-Segmentation\dataset\masks\mask_002279.png
image_003562.png,mask_003562.png,C:\Users\HP Omen\Desktop\CSIR_4PI\Medical-Segmentation\dataset\images\image_003562.png,C:\Users\HP Omen\Desktop\CSIR_4PI\Medical-Segmentation\dataset\masks\mask_003562.png
image_001797.png,mask_001797.png,C:\Users\HP Omen\Desktop\CSIR_4PI\Medical-Segmentation\dataset\images\image_001797.png,C:\Users\HP Omen\Desktop\CSIR_4PI\Medical-Segmentation\dataset\masks\mask_001797.png
image_000379.png,mask_000379.png,C:\Users\HP Omen\Desktop\CSIR_4PI\Medical-Segmentation\dataset\images\image_000379.png,C:\Users\HP Omen\Desktop\CSIR_4PI\Medical-Segmentation\dataset\masks\mask_000379.png
image_002337.png,mask_002337.png,C:\Users\HP Omen\Desktop\CSIR_4PI\Medical-Segmentation\dataset\images\image_002337.png,C:\Users\HP Omen\Desktop\CSIR_4PI\Medical-Segmentation\dataset\masks\mask_002337.png
image_000419.png,mask_000419.png,C:\Users\HP Omen\Desktop\CSIR_4PI\Medical-Segmentation\dataset\images\image_000419.png,C:\Users\HP Omen\Desktop\CSIR_4PI\Medical-Segmentation\dataset\masks\mask_000419.png
image_001699.png,mask_001699.png,C:\Users\HP Omen\Desktop\CSIR_4PI\Medical-Segmentation\dataset\images\image_001699.png,C:\Users\HP Omen\Desktop\CSIR_4PI\Medical-Segmentation\dataset\masks\mask_001699.png
image_000392.png,mask_000392.png,C:\Users\HP Omen\Desktop\CSIR_4PI\Medical-Segmentation\dataset\images\image_000392.png,C:\Users\HP Omen\Desktop\CSIR_4PI\Medical-Segmentation\dataset\masks\mask_000392.png
image_002641.png,mask_002641.png,C:\Users\HP Omen\Desktop\CSIR_4PI\Medical-Segmentation\dataset\images\image_002641.png,C:\Users\HP Omen\Desktop\CSIR_4PI\Medical-Segmentation\dataset\masks\mask_002641.png
image_001523.png,mask_001523.png,C:\Users\HP Omen\Desktop\CSIR_4PI\Medical-Segmentation\dataset\images\image_001523.png,C:\Users\HP Omen\Desktop\CSIR_4PI\Medical-Segmentation\dataset\masks\mask_001523.png
image_001163.png,mask_001163.png,C:\Users\HP Omen\Desktop\CSIR_4PI\Medical-Segmentation\dataset\images\image_001163.png,C:\Users\HP Omen\Desktop\CSIR_4PI\Medical-Segmentation\dataset\masks\mask_001163.png
image_003135.png,mask_003135.png,C:\Users\HP Omen\Desktop\CSIR_4PI\Medical-Segmentation\dataset\images\image_003135.png,C:\Users\HP Omen\Desktop\CSIR_4PI\Medical-Segmentation\dataset\masks\mask_003135.png
image_001496.png,mask_001496.png,C:\Users\HP Omen\Desktop\CSIR_4PI\Medical-Segmentation\dataset\images\image_001496.png,C:\Users\HP Omen\Desktop\CSIR_4PI\Medical-Segmentation\dataset\masks\mask_001496.png
image_002696.png,mask_002696.png,C:\Users\HP Omen\Desktop\CSIR_4PI\Medical-Segmentation\dataset\images\image_002696.png,C:\Users\HP Omen\Desktop\CSIR_4PI\Medical-Segmentation\dataset\masks\mask_002696.png
image_002028.png,mask_002028.png,C:\Users\HP Omen\Desktop\CSIR_4PI\Medical-Segmentation\dataset\images\image_002028.png,C:\Users\HP Omen\Desktop\CSIR_4PI\Medical-Segmentation\dataset\masks\mask_002028.png
image_001153.png,mask_001153.png,C:\Users\HP Omen\Desktop\CSIR_4PI\Medical-Segmentation\dataset\images\image_001153.png,C:\Users\HP Omen\Desktop\CSIR_4PI\Medical-Segmentation\dataset\masks\mask_001153.png
image_001368.png,mask_001368.png,C:\Users\HP Omen\Desktop\CSIR_4PI\Medical-Segmentation\dataset\images\image_001368.png,C:\Users\HP Omen\Desktop\CSIR_4PI\Medical-Segmentation\dataset\masks\mask_001368.png
image_002569.png,mask_002569.png,C:\Users\HP Omen\Desktop\CSIR_4PI\Medical-Segmentation\dataset\images\image_002569.png,C:\Users\HP Omen\Desktop\CSIR_4PI\Medical-Segmentation\dataset\masks\mask_002569.png
image_000065.png,mask_000065.png,C:\Users\HP Omen\Desktop\CSIR_4PI\Medical-Segmentation\dataset\images\image_000065.png,C:\Users\HP Omen\Desktop\CSIR_4PI\Medical-Segmentation\dataset\masks\mask_000065.png
image_002063.png,mask_002063.png,C:\Users\HP Omen\Desktop\CSIR_4PI\Medical-Segmentation\dataset\images\image_002063.png,C:\Users\HP Omen\Desktop\CSIR_4PI\Medical-Segmentation\dataset\masks\mask_002063.png
image_001181.png,mask_001181.png,C:\Users\HP Omen\Desktop\CSIR_4PI\Medical-Segmentation\dataset\images\image_001181.png,C:\Users\HP Omen\Desktop\CSIR_4PI\Medical-Segmentation\dataset\masks\mask_001181.png
image_003113.png,mask_003113.png,C:\Users\HP Omen\Desktop\CSIR_4PI\Medical-Segmentation\dataset\images\image_003113.png,C:\Users\HP Omen\Desktop\CSIR_4PI\Medical-Segmentation\dataset\masks\mask_003113.png
image_000493.png,mask_000493.png,C:\Users\HP Omen\Desktop\CSIR_4PI\Medical-Segmentation\dataset\images\image_000493.png,C:\Users\HP Omen\Desktop\CSIR_4PI\Medical-Segmentation\dataset\masks\mask_000493.png
image_000380.png,mask_000380.png,C:\Users\HP Omen\Desktop\CSIR_4PI\Medical-Segmentation\dataset\images\image_000380.png,C:\Users\HP Omen\Desktop\CSIR_4PI\Medical-Segmentation\dataset\masks\mask_000380.png
image_002236.png,mask_002236.png,C:\Users\HP Omen\Desktop\CSIR_4PI\Medical-Segmentation\dataset\images\image_002236.png,C:\Users\HP Omen\Desktop\CSIR_4PI\Medical-Segmentation\dataset\masks\mask_002236.png
image_000764.png,mask_000764.png,C:\Users\HP Omen\Desktop\CSIR_4PI\Medical-Segmentation\dataset\images\image_000764.png,C:\Users\HP Omen\Desktop\CSIR_4PI\Medical-Segmentation\dataset\masks\mask_000764.png
image_002265.png,mask_002265.png,C:\Users\HP Omen\Desktop\CSIR_4PI\Medical-Segmentation\dataset\images\image_002265.png,C:\Users\HP Omen\Desktop\CSIR_4PI\Medical-Segmentation\dataset\masks\mask_002265.png
image_000792.png,mask_000792.png,C:\Users\HP Omen\Desktop\CSIR_4PI\Medical-Segmentation\dataset\images\image_000792.png,C:\Users\HP Omen\Desktop\CSIR_4PI\Medical-Segmentation\dataset\masks\mask_000792.png
image_001077.png,mask_001077.png,C:\Users\HP Omen\Desktop\CSIR_4PI\Medical-Segmentation\dataset\images\image_001077.png,C:\Users\HP Omen\Desktop\CSIR_4PI\Medical-Segmentation\dataset\masks\mask_001077.png
image_000879.png,mask_000879.png,C:\Users\HP Omen\Desktop\CSIR_4PI\Medical-Segmentation\dataset\images\image_000879.png,C:\Users\HP Omen\Desktop\CSIR_4PI\Medical-Segmentation\dataset\masks\mask_000879.png
image_000338.png,mask_000338.png,C:\Users\HP Omen\Desktop\CSIR_4PI\Medical-Segmentation\dataset\images\image_000338.png,C:\Users\HP Omen\Desktop\CSIR_4PI\Medical-Segmentation\dataset\masks\mask_000338.png
image_002768.png,mask_002768.png,C:\Users\HP Omen\Desktop\CSIR_4PI\Medical-Segmentation\dataset\images\image_002768.png,C:\Users\HP Omen\Desktop\CSIR_4PI\Medical-Segmentation\dataset\masks\mask_002768.png
image_003797.png,mask_003797.png,C:\Users\HP Omen\Desktop\CSIR_4PI\Medical-Segmentation\dataset\images\image_003797.png,C:\Users\HP Omen\Desktop\CSIR_4PI\Medical-Segmentation\dataset\masks\mask_003797.png
image_002344.png,mask_002344.png,C:\Users\HP Omen\Desktop\CSIR_4PI\Medical-Segmentation\dataset\images\image_002344.png,C:\Users\HP Omen\Desktop\CSIR_4PI\Medical-Segmentation\dataset\masks\mask_002344.png
image_003774.png,mask_003774.png,C:\Users\HP Omen\Desktop\CSIR_4PI\Medical-Segmentation\dataset\images\image_003774.png,C:\Users\HP Omen\Desktop\CSIR_4PI\Medical-Segmentation\dataset\masks\mask_003774.png
image_001017.png,mask_001017.png,C:\Users\HP Omen\Desktop\CSIR_4PI\Medical-Segmentation\dataset\images\image_001017.png,C:\Users\HP Omen\Desktop\CSIR_4PI\Medical-Segmentation\dataset\masks\mask_001017.png
image_001276.png,mask_001276.png,C:\Users\HP Omen\Desktop\CSIR_4PI\Medical-Segmentation\dataset\images\image_001276.png,C:\Users\HP Omen\Desktop\CSIR_4PI\Medical-Segmentation\dataset\masks\mask_001276.png
image_003799.png,mask_003799.png,C:\Users\HP Omen\Desktop\CSIR_4PI\Medical-Segmentation\dataset\images\image_003799.png,C:\Users\HP Omen\Desktop\CSIR_4PI\Medical-Segmentation\dataset\masks\mask_003799.png
image_003534.png,mask_003534.png,C:\Users\HP Omen\Desktop\CSIR_4PI\Medical-Segmentation\dataset\images\image_003534.png,C:\Users\HP Omen\Desktop\CSIR_4PI\Medical-Segmentation\dataset\masks\mask_003534.png
image_000456.png,mask_000456.png,C:\Users\HP Omen\Desktop\CSIR_4PI\Medical-Segmentation\dataset\images\image_000456.png,C:\Users\HP Omen\Desktop\CSIR_4PI\Medical-Segmentation\dataset\masks\mask_000456.png
image_003343.png,mask_003343.png,C:\Users\HP Omen\Desktop\CSIR_4PI\Medical-Segmentation\dataset\images\image_003343.png,C:\Users\HP Omen\Desktop\CSIR_4PI\Medical-Segmentation\dataset\masks\mask_003343.png
image_000816.png,mask_000816.png,C:\Users\HP Omen\Desktop\CSIR_4PI\Medical-Segmentation\dataset\images\image_000816.png,C:\Users\HP Omen\Desktop\CSIR_4PI\Medical-Segmentation\dataset\masks\mask_000816.png
image_002318.png,mask_002318.png,C:\Users\HP Omen\Desktop\CSIR_4PI\Medical-Segmentation\dataset\images\image_002318.png,C:\Users\HP Omen\Desktop\CSIR_4PI\Medical-Segmentation\dataset\masks\mask_002318.png
image_000996.png,mask_000996.png,C:\Users\HP Omen\Desktop\CSIR_4PI\Medical-Segmentation\dataset\images\image_000996.png,C:\Users\HP Omen\Desktop\CSIR_4PI\Medical-Segmentation\dataset\masks\mask_000996.png
image_001982.png,mask_001982.png,C:\Users\HP Omen\Desktop\CSIR_4PI\Medical-Segmentation\dataset\images\image_001982.png,C:\Users\HP Omen\Desktop\CSIR_4PI\Medical-Segmentation\dataset\masks\mask_001982.png
image_000202.png,mask_000202.png,C:\Users\HP Omen\Desktop\CSIR_4PI\Medical-Segmentation\dataset\images\image_000202.png,C:\Users\HP Omen\Desktop\CSIR_4PI\Medical-Segmentation\dataset\masks\mask_000202.png
image_000162.png,mask_000162.png,C:\Users\HP Omen\Desktop\CSIR_4PI\Medical-Segmentation\dataset\images\image_000162.png,C:\Users\HP Omen\Desktop\CSIR_4PI\Medical-Segmentation\dataset\masks\mask_000162.png
image_001580.png,mask_001580.png,C:\Users\HP Omen\Desktop\CSIR_4PI\Medical-Segmentation\dataset\images\image_001580.png,C:\Users\HP Omen\Desktop\CSIR_4PI\Medical-Segmentation\dataset\masks\mask_001580.png
image_002778.png,mask_002778.png,C:\Users\HP Omen\Desktop\CSIR_4PI\Medical-Segmentation\dataset\images\image_002778.png,C:\Users\HP Omen\Desktop\CSIR_4PI\Medical-Segmentation\dataset\masks\mask_002778.png
image_002450.png,mask_002450.png,C:\Users\HP Omen\Desktop\CSIR_4PI\Medical-Segmentation\dataset\images\image_002450.png,C:\Users\HP Omen\Desktop\CSIR_4PI\Medical-Segmentation\dataset\masks\mask_002450.png
image_000703.png,mask_000703.png,C:\Users\HP Omen\Desktop\CSIR_4PI\Medical-Segmentation\dataset\images\image_000703.png,C:\Users\HP Omen\Desktop\CSIR_4PI\Medical-Segmentation\dataset\masks\mask_000703.png
image_001501.png,mask_001501.png,C:\Users\HP Omen\Desktop\CSIR_4PI\Medical-Segmentation\dataset\images\image_001501.png,C:\Users\HP Omen\Desktop\CSIR_4PI\Medical-Segmentation\dataset\masks\mask_001501.png
image_001130.png,mask_001130.png,C:\Users\HP Omen\Desktop\CSIR_4PI\Medical-Segmentation\dataset\images\image_001130.png,C:\Users\HP Omen\Desktop\CSIR_4PI\Medical-Segmentation\dataset\masks\mask_001130.png
image_002614.png,mask_002614.png,C:\Users\HP Omen\Desktop\CSIR_4PI\Medical-Segmentation\dataset\images\image_002614.png,C:\Users\HP Omen\Desktop\CSIR_4PI\Medical-Segmentation\dataset\masks\mask_002614.png
image_003462.png,mask_003462.png,C:\Users\HP Omen\Desktop\CSIR_4PI\Medical-Segmentation\dataset\images\image_003462.png,C:\Users\HP Omen\Desktop\CSIR_4PI\Medical-Segmentation\dataset\masks\mask_003462.png
image_001022.png,mask_001022.png,C:\Users\HP Omen\Desktop\CSIR_4PI\Medical-Segmentation\dataset\images\image_001022.png,C:\Users\HP Omen\Desktop\CSIR_4PI\Medical-Segmentation\dataset\masks\mask_001022.png
image_003074.png,mask_003074.png,C:\Users\HP Omen\Desktop\CSIR_4PI\Medical-Segmentation\dataset\images\image_003074.png,C:\Users\HP Omen\Desktop\CSIR_4PI\Medical-Segmentation\dataset\masks\mask_003074.png
image_003460.png,mask_003460.png,C:\Users\HP Omen\Desktop\CSIR_4PI\Medical-Segmentation\dataset\images\image_003460.png,C:\Users\HP Omen\Desktop\CSIR_4PI\Medical-Segmentation\dataset\masks\mask_003460.png
image_001586.png,mask_001586.png,C:\Users\HP Omen\Desktop\CSIR_4PI\Medical-Segmentation\dataset\images\image_001586.png,C:\Users\HP Omen\Desktop\CSIR_4PI\Medical-Segmentation\dataset\masks\mask_001586.png
image_001956.png,mask_001956.png,C:\Users\HP Omen\Desktop\CSIR_4PI\Medical-Segmentation\dataset\images\image_001956.png,C:\Users\HP Omen\Desktop\CSIR_4PI\Medical-Segmentation\dataset\masks\mask_001956.png
image_003153.png,mask_003153.png,C:\Users\HP Omen\Desktop\CSIR_4PI\Medical-Segmentation\dataset\images\image_003153.png,C:\Users\HP Omen\Desktop\CSIR_4PI\Medical-Segmentation\dataset\masks\mask_003153.png
image_002254.png,mask_002254.png,C:\Users\HP Omen\Desktop\CSIR_4PI\Medical-Segmentation\dataset\images\image_002254.png,C:\Users\HP Omen\Desktop\CSIR_4PI\Medical-Segmentation\dataset\masks\mask_002254.png
image_000035.png,mask_000035.png,C:\Users\HP Omen\Desktop\CSIR_4PI\Medical-Segmentation\dataset\images\image_000035.png,C:\Users\HP Omen\Desktop\CSIR_4PI\Medical-Segmentation\dataset\masks\mask_000035.png
image_000776.png,mask_000776.png,C:\Users\HP Omen\Desktop\CSIR_4PI\Medical-Segmentation\dataset\images\image_000776.png,C:\Users\HP Omen\Desktop\CSIR_4PI\Medical-Segmentation\dataset\masks\mask_000776.png
image_002557.png,mask_002557.png,C:\Users\HP Omen\Desktop\CSIR_4PI\Medical-Segmentation\dataset\images\image_002557.png,C:\Users\HP Omen\Desktop\CSIR_4PI\Medical-Segmentation\dataset\masks\mask_002557.png
image_003500.png,mask_003500.png,C:\Users\HP Omen\Desktop\CSIR_4PI\Medical-Segmentation\dataset\images\image_003500.png,C:\Users\HP Omen\Desktop\CSIR_4PI\Medical-Segmentation\dataset\masks\mask_003500.png
image_001479.png,mask_001479.png,C:\Users\HP Omen\Desktop\CSIR_4PI\Medical-Segmentation\dataset\images\image_001479.png,C:\Users\HP Omen\Desktop\CSIR_4PI\Medical-Segmentation\dataset\masks\mask_001479.png
image_003004.png,mask_003004.png,C:\Users\HP Omen\Desktop\CSIR_4PI\Medical-Segmentation\dataset\images\image_003004.png,C:\Users\HP Omen\Desktop\CSIR_4PI\Medical-Segmentation\dataset\masks\mask_003004.png
image_001391.png,mask_001391.png,C:\Users\HP Omen\Desktop\CSIR_4PI\Medical-Segmentation\dataset\images\image_001391.png,C:\Users\HP Omen\Desktop\CSIR_4PI\Medical-Segmentation\dataset\masks\mask_001391.png
image_002140.png,mask_002140.png,C:\Users\HP Omen\Desktop\CSIR_4PI\Medical-Segmentation\dataset\images\image_002140.png,C:\Users\HP Omen\Desktop\CSIR_4PI\Medical-Segmentation\dataset\masks\mask_002140.png
image_001364.png,mask_001364.png,C:\Users\HP Omen\Desktop\CSIR_4PI\Medical-Segmentation\dataset\images\image_001364.png,C:\Users\HP Omen\Desktop\CSIR_4PI\Medical-Segmentation\dataset\masks\mask_001364.png
image_002946.png,mask_002946.png,C:\Users\HP Omen\Desktop\CSIR_4PI\Medical-Segmentation\dataset\images\image_002946.png,C:\Users\HP Omen\Desktop\CSIR_4PI\Medical-Segmentation\dataset\masks\mask_002946.png
image_002613.png,mask_002613.png,C:\Users\HP Omen\Desktop\CSIR_4PI\Medical-Segmentation\dataset\images\image_002613.png,C:\Users\HP Omen\Desktop\CSIR_4PI\Medical-Segmentation\dataset\masks\mask_002613.png
image_003418.png,mask_003418.png,C:\Users\HP Omen\Desktop\CSIR_4PI\Medical-Segmentation\dataset\images\image_003418.png,C:\Users\HP Omen\Desktop\CSIR_4PI\Medical-Segmentation\dataset\masks\mask_003418.png
image_002825.png,mask_002825.png,C:\Users\HP Omen\Desktop\CSIR_4PI\Medical-Segmentation\dataset\images\image_002825.png,C:\Users\HP Omen\Desktop\CSIR_4PI\Medical-Segmentation\dataset\masks\mask_002825.png
image_002042.png,mask_002042.png,C:\Users\HP Omen\Desktop\CSIR_4PI\Medical-Segmentation\dataset\images\image_002042.png,C:\Users\HP Omen\Desktop\CSIR_4PI\Medical-Segmentation\dataset\masks\mask_002042.png
image_000242.png,mask_000242.png,C:\Users\HP Omen\Desktop\CSIR_4PI\Medical-Segmentation\dataset\images\image_000242.png,C:\Users\HP Omen\Desktop\CSIR_4PI\Medical-Segmentation\dataset\masks\mask_000242.png
image_002062.png,mask_002062.png,C:\Users\HP Omen\Desktop\CSIR_4PI\Medical-Segmentation\dataset\images\image_002062.png,C:\Users\HP Omen\Desktop\CSIR_4PI\Medical-Segmentation\dataset\masks\mask_002062.png
image_002364.png,mask_002364.png,C:\Users\HP Omen\Desktop\CSIR_4PI\Medical-Segmentation\dataset\images\image_002364.png,C:\Users\HP Omen\Desktop\CSIR_4PI\Medical-Segmentation\dataset\masks\mask_002364.png
image_000601.png,mask_000601.png,C:\Users\HP Omen\Desktop\CSIR_4PI\Medical-Segmentation\dataset\images\image_000601.png,C:\Users\HP Omen\Desktop\CSIR_4PI\Medical-Segmentation\dataset\masks\mask_000601.png
image_002436.png,mask_002436.png,C:\Users\HP Omen\Desktop\CSIR_4PI\Medical-Segmentation\dataset\images\image_002436.png,C:\Users\HP Omen\Desktop\CSIR_4PI\Medical-Segmentation\dataset\masks\mask_002436.png
image_001298.png,mask_001298.png,C:\Users\HP Omen\Desktop\CSIR_4PI\Medical-Segmentation\dataset\images\image_001298.png,C:\Users\HP Omen\Desktop\CSIR_4PI\Medical-Segmentation\dataset\masks\mask_001298.png
image_002215.png,mask_002215.png,C:\Users\HP Omen\Desktop\CSIR_4PI\Medical-Segmentation\dataset\images\image_002215.png,C:\Users\HP Omen\Desktop\CSIR_4PI\Medical-Segmentation\dataset\masks\mask_002215.png
image_002889.png,mask_002889.png,C:\Users\HP Omen\Desktop\CSIR_4PI\Medical-Segmentation\dataset\images\image_002889.png,C:\Users\HP Omen\Desktop\CSIR_4PI\Medical-Segmentation\dataset\masks\mask_002889.png
image_002069.png,mask_002069.png,C:\Users\HP Omen\Desktop\CSIR_4PI\Medical-Segmentation\dataset\images\image_002069.png,C:\Users\HP Omen\Desktop\CSIR_4PI\Medical-Segmentation\dataset\masks\mask_002069.png
image_000647.png,mask_000647.png,C:\Users\HP Omen\Desktop\CSIR_4PI\Medical-Segmentation\dataset\images\image_000647.png,C:\Users\HP Omen\Desktop\CSIR_4PI\Medical-Segmentation\dataset\masks\mask_000647.png
image_003557.png,mask_003557.png,C:\Users\HP Omen\Desktop\CSIR_4PI\Medical-Segmentation\dataset\images\image_003557.png,C:\Users\HP Omen\Desktop\CSIR_4PI\Medical-Segmentation\dataset\masks\mask_003557.png
image_003203.png,mask_003203.png,C:\Users\HP Omen\Desktop\CSIR_4PI\Medical-Segmentation\dataset\images\image_003203.png,C:\Users\HP Omen\Desktop\CSIR_4PI\Medical-Segmentation\dataset\masks\mask_003203.png
image_001529.png,mask_001529.png,C:\Users\HP Omen\Desktop\CSIR_4PI\Medical-Segmentation\dataset\images\image_001529.png,C:\Users\HP Omen\Desktop\CSIR_4PI\Medical-Segmentation\dataset\masks\mask_001529.png
image_002880.png,mask_002880.png,C:\Users\HP Omen\Desktop\CSIR_4PI\Medical-Segmentation\dataset\images\image_002880.png,C:\Users\HP Omen\Desktop\CSIR_4PI\Medical-Segmentation\dataset\masks\mask_002880.png
image_001268.png,mask_001268.png,C:\Users\HP Omen\Desktop\CSIR_4PI\Medical-Segmentation\dataset\images\image_001268.png,C:\Users\HP Omen\Desktop\CSIR_4PI\Medical-Segmentation\dataset\masks\mask_001268.png
image_003639.png,mask_003639.png,C:\Users\HP Omen\Desktop\CSIR_4PI\Medical-Segmentation\dataset\images\image_003639.png,C:\Users\HP Omen\Desktop\CSIR_4PI\Medical-Segmentation\dataset\masks\mask_003639.png
image_001900.png,mask_001900.png,C:\Users\HP Omen\Desktop\CSIR_4PI\Medical-Segmentation\dataset\images\image_001900.png,C:\Users\HP Omen\Desktop\CSIR_4PI\Medical-Segmentation\dataset\masks\mask_001900.png
image_000563.png,mask_000563.png,C:\Users\HP Omen\Desktop\CSIR_4PI\Medical-Segmentation\dataset\images\image_000563.png,C:\Users\HP Omen\Desktop\CSIR_4PI\Medical-Segmentation\dataset\masks\mask_000563.png
image_003880.png,mask_003880.png,C:\Users\HP Omen\Desktop\CSIR_4PI\Medical-Segmentation\dataset\images\image_003880.png,C:\Users\HP Omen\Desktop\CSIR_4PI\Medical-Segmentation\dataset\masks\mask_003880.png
image_002735.png,mask_002735.png,C:\Users\HP Omen\Desktop\CSIR_4PI\Medical-Segmentation\dataset\images\image_002735.png,C:\Users\HP Omen\Desktop\CSIR_4PI\Medical-Segmentation\dataset\masks\mask_002735.png
image_003006.png,mask_003006.png,C:\Users\HP Omen\Desktop\CSIR_4PI\Medical-Segmentation\dataset\images\image_003006.png,C:\Users\HP Omen\Desktop\CSIR_4PI\Medical-Segmentation\dataset\masks\mask_003006.png
image_000190.png,mask_000190.png,C:\Users\HP Omen\Desktop\CSIR_4PI\Medical-Segmentation\dataset\images\image_000190.png,C:\Users\HP Omen\Desktop\CSIR_4PI\Medical-Segmentation\dataset\masks\mask_000190.png
image_001807.png,mask_001807.png,C:\Users\HP Omen\Desktop\CSIR_4PI\Medical-Segmentation\dataset\images\image_001807.png,C:\Users\HP Omen\Desktop\CSIR_4PI\Medical-Segmentation\dataset\masks\mask_001807.png
image_000976.png,mask_000976.png,C:\Users\HP Omen\Desktop\CSIR_4PI\Medical-Segmentation\dataset\images\image_000976.png,C:\Users\HP Omen\Desktop\CSIR_4PI\Medical-Segmentation\dataset\masks\mask_000976.png
image_002748.png,mask_002748.png,C:\Users\HP Omen\Desktop\CSIR_4PI\Medical-Segmentation\dataset\images\image_002748.png,C:\Users\HP Omen\Desktop\CSIR_4PI\Medical-Segmentation\dataset\masks\mask_002748.png
image_003548.png,mask_003548.png,C:\Users\HP Omen\Desktop\CSIR_4PI\Medical-Segmentation\dataset\images\image_003548.png,C:\Users\HP Omen\Desktop\CSIR_4PI\Medical-Segmentation\dataset\masks\mask_003548.png
image_002048.png,mask_002048.png,C:\Users\HP Omen\Desktop\CSIR_4PI\Medical-Segmentation\dataset\images\image_002048.png,C:\Users\HP Omen\Desktop\CSIR_4PI\Medical-Segmentation\dataset\masks\mask_002048.png
image_003754.png,mask_003754.png,C:\Users\HP Omen\Desktop\CSIR_4PI\Medical-Segmentation\dataset\images\image_003754.png,C:\Users\HP Omen\Desktop\CSIR_4PI\Medical-Segmentation\dataset\masks\mask_003754.png
image_002559.png,mask_002559.png,C:\Users\HP Omen\Desktop\CSIR_4PI\Medical-Segmentation\dataset\images\image_002559.png,C:\Users\HP Omen\Desktop\CSIR_4PI\Medical-Segmentation\dataset\masks\mask_002559.png
image_001083.png,mask_001083.png,C:\Users\HP Omen\Desktop\CSIR_4PI\Medical-Segmentation\dataset\images\image_001083.png,C:\Users\HP Omen\Desktop\CSIR_4PI\Medical-Segmentation\dataset\masks\mask_001083.png
image_000475.png,mask_000475.png,C:\Users\HP Omen\Desktop\CSIR_4PI\Medical-Segmentation\dataset\images\image_000475.png,C:\Users\HP Omen\Desktop\CSIR_4PI\Medical-Segmentation\dataset\masks\mask_000475.png
image_003633.png,mask_003633.png,C:\Users\HP Omen\Desktop\CSIR_4PI\Medical-Segmentation\dataset\images\image_003633.png,C:\Users\HP Omen\Desktop\CSIR_4PI\Medical-Segmentation\dataset\masks\mask_003633.png
image_002905.png,mask_002905.png,C:\Users\HP Omen\Desktop\CSIR_4PI\Medical-Segmentation\dataset\images\image_002905.png,C:\Users\HP Omen\Desktop\CSIR_4PI\Medical-Segmentation\dataset\masks\mask_002905.png
image_000748.png,mask_000748.png,C:\Users\HP Omen\Desktop\CSIR_4PI\Medical-Segmentation\dataset\images\image_000748.png,C:\Users\HP Omen\Desktop\CSIR_4PI\Medical-Segmentation\dataset\masks\mask_000748.png
image_002301.png,mask_002301.png,C:\Users\HP Omen\Desktop\CSIR_4PI\Medical-Segmentation\dataset\images\image_002301.png,C:\Users\HP Omen\Desktop\CSIR_4PI\Medical-Segmentation\dataset\masks\mask_002301.png
image_000022.png,mask_000022.png,C:\Users\HP Omen\Desktop\CSIR_4PI\Medical-Segmentation\dataset\images\image_000022.png,C:\Users\HP Omen\Desktop\CSIR_4PI\Medical-Segmentation\dataset\masks\mask_000022.png
image_003386.png,mask_003386.png,C:\Users\HP Omen\Desktop\CSIR_4PI\Medical-Segmentation\dataset\images\image_003386.png,C:\Users\HP Omen\Desktop\CSIR_4PI\Medical-Segmentation\dataset\masks\mask_003386.png
image_000460.png,mask_000460.png,C:\Users\HP Omen\Desktop\CSIR_4PI\Medical-Segmentation\dataset\images\image_000460.png,C:\Users\HP Omen\Desktop\CSIR_4PI\Medical-Segmentation\dataset\masks\mask_000460.png
image_001185.png,mask_001185.png,C:\Users\HP Omen\Desktop\CSIR_4PI\Medical-Segmentation\dataset\images\image_001185.png,C:\Users\HP Omen\Desktop\CSIR_4PI\Medical-Segmentation\dataset\masks\mask_001185.png
image_002325.png,mask_002325.png,C:\Users\HP Omen\Desktop\CSIR_4PI\Medical-Segmentation\dataset\images\image_002325.png,C:\Users\HP Omen\Desktop\CSIR_4PI\Medical-Segmentation\dataset\masks\mask_002325.png
image_000956.png,mask_000956.png,C:\Users\HP Omen\Desktop\CSIR_4PI\Medical-Segmentation\dataset\images\image_000956.png,C:\Users\HP Omen\Desktop\CSIR_4PI\Medical-Segmentation\dataset\masks\mask_000956.png
image_001216.png,mask_001216.png,C:\Users\HP Omen\Desktop\CSIR_4PI\Medical-Segmentation\dataset\images\image_001216.png,C:\Users\HP Omen\Desktop\CSIR_4PI\Medical-Segmentation\dataset\masks\mask_001216.png
image_002434.png,mask_002434.png,C:\Users\HP Omen\Desktop\CSIR_4PI\Medical-Segmentation\dataset\images\image_002434.png,C:\Users\HP Omen\Desktop\CSIR_4PI\Medical-Segmentation\dataset\masks\mask_002434.png
image_002854.png,mask_002854.png,C:\Users\HP Omen\Desktop\CSIR_4PI\Medical-Segmentation\dataset\images\image_002854.png,C:\Users\HP Omen\Desktop\CSIR_4PI\Medical-Segmentation\dataset\masks\mask_002854.png
image_003486.png,mask_003486.png,C:\Users\HP Omen\Desktop\CSIR_4PI\Medical-Segmentation\dataset\images\image_003486.png,C:\Users\HP Omen\Desktop\CSIR_4PI\Medical-Segmentation\dataset\masks\mask_003486.png
image_001516.png,mask_001516.png,C:\Users\HP Omen\Desktop\CSIR_4PI\Medical-Segmentation\dataset\images\image_001516.png,C:\Users\HP Omen\Desktop\CSIR_4PI\Medical-Segmentation\dataset\masks\mask_001516.png
image_002392.png,mask_002392.png,C:\Users\HP Omen\Desktop\CSIR_4PI\Medical-Segmentation\dataset\images\image_002392.png,C:\Users\HP Omen\Desktop\CSIR_4PI\Medical-Segmentation\dataset\masks\mask_002392.png
image_000770.png,mask_000770.png,C:\Users\HP Omen\Desktop\CSIR_4PI\Medical-Segmentation\dataset\images\image_000770.png,C:\Users\HP Omen\Desktop\CSIR_4PI\Medical-Segmentation\dataset\masks\mask_000770.png
image_003381.png,mask_003381.png,C:\Users\HP Omen\Desktop\CSIR_4PI\Medical-Segmentation\dataset\images\image_003381.png,C:\Users\HP Omen\Desktop\CSIR_4PI\Medical-Segmentation\dataset\masks\mask_003381.png
image_001686.png,mask_001686.png,C:\Users\HP Omen\Desktop\CSIR_4PI\Medical-Segmentation\dataset\images\image_001686.png,C:\Users\HP Omen\Desktop\CSIR_4PI\Medical-Segmentation\dataset\masks\mask_001686.png
image_000131.png,mask_000131.png,C:\Users\HP Omen\Desktop\CSIR_4PI\Medical-Segmentation\dataset\images\image_000131.png,C:\Users\HP Omen\Desktop\CSIR_4PI\Medical-Segmentation\dataset\masks\mask_000131.png
image_003736.png,mask_003736.png,C:\Users\HP Omen\Desktop\CSIR_4PI\Medical-Segmentation\dataset\images\image_003736.png,C:\Users\HP Omen\Desktop\CSIR_4PI\Medical-Segmentation\dataset\masks\mask_003736.png
image_002920.png,mask_002920.png,C:\Users\HP Omen\Desktop\CSIR_4PI\Medical-Segmentation\dataset\images\image_002920.png,C:\Users\HP Omen\Desktop\CSIR_4PI\Medical-Segmentation\dataset\masks\mask_002920.png
image_003172.png,mask_003172.png,C:\Users\HP Omen\Desktop\CSIR_4PI\Medical-Segmentation\dataset\images\image_003172.png,C:\Users\HP Omen\Desktop\CSIR_4PI\Medical-Segmentation\dataset\masks\mask_003172.png
image_003445.png,mask_003445.png,C:\Users\HP Omen\Desktop\CSIR_4PI\Medical-Segmentation\dataset\images\image_003445.png,C:\Users\HP Omen\Desktop\CSIR_4PI\Medical-Segmentation\dataset\masks\mask_003445.png
image_002136.png,mask_002136.png,C:\Users\HP Omen\Desktop\CSIR_4PI\Medical-Segmentation\dataset\images\image_002136.png,C:\Users\HP Omen\Desktop\CSIR_4PI\Medical-Segmentation\dataset\masks\mask_002136.png
image_001483.png,mask_001483.png,C:\Users\HP Omen\Desktop\CSIR_4PI\Medical-Segmentation\dataset\images\image_001483.png,C:\Users\HP Omen\Desktop\CSIR_4PI\Medical-Segmentation\dataset\masks\mask_001483.png
image_000331.png,mask_000331.png,C:\Users\HP Omen\Desktop\CSIR_4PI\Medical-Segmentation\dataset\images\image_000331.png,C:\Users\HP Omen\Desktop\CSIR_4PI\Medical-Segmentation\dataset\masks\mask_000331.png
image_001239.png,mask_001239.png,C:\Users\HP Omen\Desktop\CSIR_4PI\Medical-Segmentation\dataset\images\image_001239.png,C:\Users\HP Omen\Desktop\CSIR_4PI\Medical-Segmentation\dataset\masks\mask_001239.png
image_000467.png,mask_000467.png,C:\Users\HP Omen\Desktop\CSIR_4PI\Medical-Segmentation\dataset\images\image_000467.png,C:\Users\HP Omen\Desktop\CSIR_4PI\Medical-Segmentation\dataset\masks\mask_000467.png
image_002170.png,mask_002170.png,C:\Users\HP Omen\Desktop\CSIR_4PI\Medical-Segmentation\dataset\images\image_002170.png,C:\Users\HP Omen\Desktop\CSIR_4PI\Medical-Segmentation\dataset\masks\mask_002170.png
image_001639.png,mask_001639.png,C:\Users\HP Omen\Desktop\CSIR_4PI\Medical-Segmentation\dataset\images\image_001639.png,C:\Users\HP Omen\Desktop\CSIR_4PI\Medical-Segmentation\dataset\masks\mask_001639.png
image_003093.png,mask_003093.png,C:\Users\HP Omen\Desktop\CSIR_4PI\Medical-Segmentation\dataset\images\image_003093.png,C:\Users\HP Omen\Desktop\CSIR_4PI\Medical-Segmentation\dataset\masks\mask_003093.png
image_003773.png,mask_003773.png,C:\Users\HP Omen\Desktop\CSIR_4PI\Medical-Segmentation\dataset\images\image_003773.png,C:\Users\HP Omen\Desktop\CSIR_4PI\Medical-Segmentation\dataset\masks\mask_003773.png
image_001096.png,mask_001096.png,C:\Users\HP Omen\Desktop\CSIR_4PI\Medical-Segmentation\dataset\images\image_001096.png,C:\Users\HP Omen\Desktop\CSIR_4PI\Medical-Segmentation\dataset\masks\mask_001096.png
image_001131.png,mask_001131.png,C:\Users\HP Omen\Desktop\CSIR_4PI\Medical-Segmentation\dataset\images\image_001131.png,C:\Users\HP Omen\Desktop\CSIR_4PI\Medical-Segmentation\dataset\masks\mask_001131.png
image_001295.png,mask_001295.png,C:\Users\HP Omen\Desktop\CSIR_4PI\Medical-Segmentation\dataset\images\image_001295.png,C:\Users\HP Omen\Desktop\CSIR_4PI\Medical-Segmentation\dataset\masks\mask_001295.png
image_000861.png,mask_000861.png,C:\Users\HP Omen\Desktop\CSIR_4PI\Medical-Segmentation\dataset\images\image_000861.png,C:\Users\HP Omen\Desktop\CSIR_4PI\Medical-Segmentation\dataset\masks\mask_000861.png
image_003508.png,mask_003508.png,C:\Users\HP Omen\Desktop\CSIR_4PI\Medical-Segmentation\dataset\images\image_003508.png,C:\Users\HP Omen\Desktop\CSIR_4PI\Medical-Segmentation\dataset\masks\mask_003508.png
image_003175.png,mask_003175.png,C:\Users\HP Omen\Desktop\CSIR_4PI\Medical-Segmentation\dataset\images\image_003175.png,C:\Users\HP Omen\Desktop\CSIR_4PI\Medical-Segmentation\dataset\masks\mask_003175.png
